
grad2.elf:     file format elf32-avr

Sections:
Idx Name          Size      VMA       LMA       File off  Algn
  0 .text         00003ac6  00000000  00000000  00000094  2**1
                  CONTENTS, ALLOC, LOAD, READONLY, CODE
  1 .data         00000018  00800060  00003ac6  00003b5a  2**0
                  CONTENTS, ALLOC, LOAD, DATA
  2 .bss          0000001e  00800078  00800078  00003b72  2**0
                  ALLOC
  3 .stab         00003d44  00000000  00000000  00003b74  2**2
                  CONTENTS, READONLY, DEBUGGING
  4 .stabstr      0000163d  00000000  00000000  000078b8  2**0
                  CONTENTS, READONLY, DEBUGGING
  5 .debug_aranges 00000160  00000000  00000000  00008ef5  2**0
                  CONTENTS, READONLY, DEBUGGING
  6 .debug_pubnames 0000018f  00000000  00000000  00009055  2**0
                  CONTENTS, READONLY, DEBUGGING
  7 .debug_info   00002045  00000000  00000000  000091e4  2**0
                  CONTENTS, READONLY, DEBUGGING
  8 .debug_abbrev 00001101  00000000  00000000  0000b229  2**0
                  CONTENTS, READONLY, DEBUGGING
  9 .debug_line   00000f82  00000000  00000000  0000c32a  2**0
                  CONTENTS, READONLY, DEBUGGING
 10 .debug_frame  00000180  00000000  00000000  0000d2ac  2**2
                  CONTENTS, READONLY, DEBUGGING
 11 .debug_str    000002c2  00000000  00000000  0000d42c  2**0
                  CONTENTS, READONLY, DEBUGGING
 12 .debug_loc    0000088e  00000000  00000000  0000d6ee  2**0
                  CONTENTS, READONLY, DEBUGGING
 13 .debug_ranges 00000050  00000000  00000000  0000df7c  2**0
                  CONTENTS, READONLY, DEBUGGING

Disassembly of section .text:

00000000 <__vectors>:
       0:	0c 94 2a 00 	jmp	0x54	; 0x54 <__ctors_end>
       4:	0c 94 8e 0a 	jmp	0x151c	; 0x151c <__vector_1>
       8:	0c 94 c1 0a 	jmp	0x1582	; 0x1582 <__vector_2>
       c:	0c 94 f4 0a 	jmp	0x15e8	; 0x15e8 <__vector_3>
      10:	0c 94 47 00 	jmp	0x8e	; 0x8e <__bad_interrupt>
      14:	0c 94 47 00 	jmp	0x8e	; 0x8e <__bad_interrupt>
      18:	0c 94 f3 09 	jmp	0x13e6	; 0x13e6 <__vector_6>
      1c:	0c 94 47 00 	jmp	0x8e	; 0x8e <__bad_interrupt>
      20:	0c 94 47 00 	jmp	0x8e	; 0x8e <__bad_interrupt>
      24:	0c 94 47 00 	jmp	0x8e	; 0x8e <__bad_interrupt>
      28:	0c 94 90 09 	jmp	0x1320	; 0x1320 <__vector_10>
      2c:	0c 94 28 09 	jmp	0x1250	; 0x1250 <__vector_11>
      30:	0c 94 47 00 	jmp	0x8e	; 0x8e <__bad_interrupt>
      34:	0c 94 47 00 	jmp	0x8e	; 0x8e <__bad_interrupt>
      38:	0c 94 47 00 	jmp	0x8e	; 0x8e <__bad_interrupt>
      3c:	0c 94 47 00 	jmp	0x8e	; 0x8e <__bad_interrupt>
      40:	0c 94 47 00 	jmp	0x8e	; 0x8e <__bad_interrupt>
      44:	0c 94 47 00 	jmp	0x8e	; 0x8e <__bad_interrupt>
      48:	0c 94 47 00 	jmp	0x8e	; 0x8e <__bad_interrupt>
      4c:	0c 94 47 00 	jmp	0x8e	; 0x8e <__bad_interrupt>
      50:	0c 94 47 00 	jmp	0x8e	; 0x8e <__bad_interrupt>

00000054 <__ctors_end>:
      54:	11 24       	eor	r1, r1
      56:	1f be       	out	0x3f, r1	; 63
      58:	cf e5       	ldi	r28, 0x5F	; 95
      5a:	d8 e0       	ldi	r29, 0x08	; 8
      5c:	de bf       	out	0x3e, r29	; 62
      5e:	cd bf       	out	0x3d, r28	; 61

00000060 <__do_copy_data>:
      60:	10 e0       	ldi	r17, 0x00	; 0
      62:	a0 e6       	ldi	r26, 0x60	; 96
      64:	b0 e0       	ldi	r27, 0x00	; 0
      66:	e6 ec       	ldi	r30, 0xC6	; 198
      68:	fa e3       	ldi	r31, 0x3A	; 58
      6a:	02 c0       	rjmp	.+4      	; 0x70 <.do_copy_data_start>

0000006c <.do_copy_data_loop>:
      6c:	05 90       	lpm	r0, Z+
      6e:	0d 92       	st	X+, r0

00000070 <.do_copy_data_start>:
      70:	a8 37       	cpi	r26, 0x78	; 120
      72:	b1 07       	cpc	r27, r17
      74:	d9 f7       	brne	.-10     	; 0x6c <.do_copy_data_loop>

00000076 <__do_clear_bss>:
      76:	10 e0       	ldi	r17, 0x00	; 0
      78:	a8 e7       	ldi	r26, 0x78	; 120
      7a:	b0 e0       	ldi	r27, 0x00	; 0
      7c:	01 c0       	rjmp	.+2      	; 0x80 <.do_clear_bss_start>

0000007e <.do_clear_bss_loop>:
      7e:	1d 92       	st	X+, r1

00000080 <.do_clear_bss_start>:
      80:	a6 39       	cpi	r26, 0x96	; 150
      82:	b1 07       	cpc	r27, r17
      84:	e1 f7       	brne	.-8      	; 0x7e <.do_clear_bss_loop>
      86:	0e 94 0b 1c 	call	0x3816	; 0x3816 <main>
      8a:	0c 94 61 1d 	jmp	0x3ac2	; 0x3ac2 <_exit>

0000008e <__bad_interrupt>:
      8e:	0c 94 00 00 	jmp	0	; 0x0 <__vectors>

00000092 <__fixunssfsi>:
      92:	ef 92       	push	r14
      94:	ff 92       	push	r15
      96:	0f 93       	push	r16
      98:	1f 93       	push	r17
      9a:	7b 01       	movw	r14, r22
      9c:	8c 01       	movw	r16, r24
      9e:	20 e0       	ldi	r18, 0x00	; 0
      a0:	30 e0       	ldi	r19, 0x00	; 0
      a2:	40 e0       	ldi	r20, 0x00	; 0
      a4:	5f e4       	ldi	r21, 0x4F	; 79
      a6:	0e 94 f5 03 	call	0x7ea	; 0x7ea <__gesf2>
      aa:	88 23       	and	r24, r24
      ac:	8c f0       	brlt	.+34     	; 0xd0 <__fixunssfsi+0x3e>
      ae:	c8 01       	movw	r24, r16
      b0:	b7 01       	movw	r22, r14
      b2:	20 e0       	ldi	r18, 0x00	; 0
      b4:	30 e0       	ldi	r19, 0x00	; 0
      b6:	40 e0       	ldi	r20, 0x00	; 0
      b8:	5f e4       	ldi	r21, 0x4F	; 79
      ba:	0e 94 c1 01 	call	0x382	; 0x382 <__subsf3>
      be:	0e 94 55 04 	call	0x8aa	; 0x8aa <__fixsfsi>
      c2:	9b 01       	movw	r18, r22
      c4:	ac 01       	movw	r20, r24
      c6:	20 50       	subi	r18, 0x00	; 0
      c8:	30 40       	sbci	r19, 0x00	; 0
      ca:	40 40       	sbci	r20, 0x00	; 0
      cc:	50 48       	sbci	r21, 0x80	; 128
      ce:	06 c0       	rjmp	.+12     	; 0xdc <__fixunssfsi+0x4a>
      d0:	c8 01       	movw	r24, r16
      d2:	b7 01       	movw	r22, r14
      d4:	0e 94 55 04 	call	0x8aa	; 0x8aa <__fixsfsi>
      d8:	9b 01       	movw	r18, r22
      da:	ac 01       	movw	r20, r24
      dc:	b9 01       	movw	r22, r18
      de:	ca 01       	movw	r24, r20
      e0:	1f 91       	pop	r17
      e2:	0f 91       	pop	r16
      e4:	ff 90       	pop	r15
      e6:	ef 90       	pop	r14
      e8:	08 95       	ret

000000ea <_fpadd_parts>:
      ea:	a0 e0       	ldi	r26, 0x00	; 0
      ec:	b0 e0       	ldi	r27, 0x00	; 0
      ee:	eb e7       	ldi	r30, 0x7B	; 123
      f0:	f0 e0       	ldi	r31, 0x00	; 0
      f2:	0c 94 2a 1d 	jmp	0x3a54	; 0x3a54 <__prologue_saves__>
      f6:	dc 01       	movw	r26, r24
      f8:	2b 01       	movw	r4, r22
      fa:	fa 01       	movw	r30, r20
      fc:	9c 91       	ld	r25, X
      fe:	92 30       	cpi	r25, 0x02	; 2
     100:	08 f4       	brcc	.+2      	; 0x104 <_fpadd_parts+0x1a>
     102:	39 c1       	rjmp	.+626    	; 0x376 <_fpadd_parts+0x28c>
     104:	eb 01       	movw	r28, r22
     106:	88 81       	ld	r24, Y
     108:	82 30       	cpi	r24, 0x02	; 2
     10a:	08 f4       	brcc	.+2      	; 0x10e <_fpadd_parts+0x24>
     10c:	33 c1       	rjmp	.+614    	; 0x374 <_fpadd_parts+0x28a>
     10e:	94 30       	cpi	r25, 0x04	; 4
     110:	69 f4       	brne	.+26     	; 0x12c <_fpadd_parts+0x42>
     112:	84 30       	cpi	r24, 0x04	; 4
     114:	09 f0       	breq	.+2      	; 0x118 <_fpadd_parts+0x2e>
     116:	2f c1       	rjmp	.+606    	; 0x376 <_fpadd_parts+0x28c>
     118:	11 96       	adiw	r26, 0x01	; 1
     11a:	9c 91       	ld	r25, X
     11c:	11 97       	sbiw	r26, 0x01	; 1
     11e:	89 81       	ldd	r24, Y+1	; 0x01
     120:	98 17       	cp	r25, r24
     122:	09 f4       	brne	.+2      	; 0x126 <_fpadd_parts+0x3c>
     124:	28 c1       	rjmp	.+592    	; 0x376 <_fpadd_parts+0x28c>
     126:	a0 e7       	ldi	r26, 0x70	; 112
     128:	b0 e0       	ldi	r27, 0x00	; 0
     12a:	25 c1       	rjmp	.+586    	; 0x376 <_fpadd_parts+0x28c>
     12c:	84 30       	cpi	r24, 0x04	; 4
     12e:	09 f4       	brne	.+2      	; 0x132 <_fpadd_parts+0x48>
     130:	21 c1       	rjmp	.+578    	; 0x374 <_fpadd_parts+0x28a>
     132:	82 30       	cpi	r24, 0x02	; 2
     134:	a9 f4       	brne	.+42     	; 0x160 <_fpadd_parts+0x76>
     136:	92 30       	cpi	r25, 0x02	; 2
     138:	09 f0       	breq	.+2      	; 0x13c <_fpadd_parts+0x52>
     13a:	1d c1       	rjmp	.+570    	; 0x376 <_fpadd_parts+0x28c>
     13c:	9a 01       	movw	r18, r20
     13e:	ad 01       	movw	r20, r26
     140:	88 e0       	ldi	r24, 0x08	; 8
     142:	ea 01       	movw	r28, r20
     144:	09 90       	ld	r0, Y+
     146:	ae 01       	movw	r20, r28
     148:	e9 01       	movw	r28, r18
     14a:	09 92       	st	Y+, r0
     14c:	9e 01       	movw	r18, r28
     14e:	81 50       	subi	r24, 0x01	; 1
     150:	c1 f7       	brne	.-16     	; 0x142 <_fpadd_parts+0x58>
     152:	e2 01       	movw	r28, r4
     154:	89 81       	ldd	r24, Y+1	; 0x01
     156:	11 96       	adiw	r26, 0x01	; 1
     158:	9c 91       	ld	r25, X
     15a:	89 23       	and	r24, r25
     15c:	81 83       	std	Z+1, r24	; 0x01
     15e:	08 c1       	rjmp	.+528    	; 0x370 <_fpadd_parts+0x286>
     160:	92 30       	cpi	r25, 0x02	; 2
     162:	09 f4       	brne	.+2      	; 0x166 <_fpadd_parts+0x7c>
     164:	07 c1       	rjmp	.+526    	; 0x374 <_fpadd_parts+0x28a>
     166:	12 96       	adiw	r26, 0x02	; 2
     168:	2d 90       	ld	r2, X+
     16a:	3c 90       	ld	r3, X
     16c:	13 97       	sbiw	r26, 0x03	; 3
     16e:	eb 01       	movw	r28, r22
     170:	8a 81       	ldd	r24, Y+2	; 0x02
     172:	9b 81       	ldd	r25, Y+3	; 0x03
     174:	14 96       	adiw	r26, 0x04	; 4
     176:	ad 90       	ld	r10, X+
     178:	bd 90       	ld	r11, X+
     17a:	cd 90       	ld	r12, X+
     17c:	dc 90       	ld	r13, X
     17e:	17 97       	sbiw	r26, 0x07	; 7
     180:	ec 80       	ldd	r14, Y+4	; 0x04
     182:	fd 80       	ldd	r15, Y+5	; 0x05
     184:	0e 81       	ldd	r16, Y+6	; 0x06
     186:	1f 81       	ldd	r17, Y+7	; 0x07
     188:	91 01       	movw	r18, r2
     18a:	28 1b       	sub	r18, r24
     18c:	39 0b       	sbc	r19, r25
     18e:	b9 01       	movw	r22, r18
     190:	37 ff       	sbrs	r19, 7
     192:	04 c0       	rjmp	.+8      	; 0x19c <_fpadd_parts+0xb2>
     194:	66 27       	eor	r22, r22
     196:	77 27       	eor	r23, r23
     198:	62 1b       	sub	r22, r18
     19a:	73 0b       	sbc	r23, r19
     19c:	60 32       	cpi	r22, 0x20	; 32
     19e:	71 05       	cpc	r23, r1
     1a0:	0c f0       	brlt	.+2      	; 0x1a4 <_fpadd_parts+0xba>
     1a2:	61 c0       	rjmp	.+194    	; 0x266 <_fpadd_parts+0x17c>
     1a4:	12 16       	cp	r1, r18
     1a6:	13 06       	cpc	r1, r19
     1a8:	6c f5       	brge	.+90     	; 0x204 <_fpadd_parts+0x11a>
     1aa:	37 01       	movw	r6, r14
     1ac:	48 01       	movw	r8, r16
     1ae:	06 2e       	mov	r0, r22
     1b0:	04 c0       	rjmp	.+8      	; 0x1ba <_fpadd_parts+0xd0>
     1b2:	96 94       	lsr	r9
     1b4:	87 94       	ror	r8
     1b6:	77 94       	ror	r7
     1b8:	67 94       	ror	r6
     1ba:	0a 94       	dec	r0
     1bc:	d2 f7       	brpl	.-12     	; 0x1b2 <_fpadd_parts+0xc8>
     1be:	21 e0       	ldi	r18, 0x01	; 1
     1c0:	30 e0       	ldi	r19, 0x00	; 0
     1c2:	40 e0       	ldi	r20, 0x00	; 0
     1c4:	50 e0       	ldi	r21, 0x00	; 0
     1c6:	04 c0       	rjmp	.+8      	; 0x1d0 <_fpadd_parts+0xe6>
     1c8:	22 0f       	add	r18, r18
     1ca:	33 1f       	adc	r19, r19
     1cc:	44 1f       	adc	r20, r20
     1ce:	55 1f       	adc	r21, r21
     1d0:	6a 95       	dec	r22
     1d2:	d2 f7       	brpl	.-12     	; 0x1c8 <_fpadd_parts+0xde>
     1d4:	21 50       	subi	r18, 0x01	; 1
     1d6:	30 40       	sbci	r19, 0x00	; 0
     1d8:	40 40       	sbci	r20, 0x00	; 0
     1da:	50 40       	sbci	r21, 0x00	; 0
     1dc:	2e 21       	and	r18, r14
     1de:	3f 21       	and	r19, r15
     1e0:	40 23       	and	r20, r16
     1e2:	51 23       	and	r21, r17
     1e4:	21 15       	cp	r18, r1
     1e6:	31 05       	cpc	r19, r1
     1e8:	41 05       	cpc	r20, r1
     1ea:	51 05       	cpc	r21, r1
     1ec:	21 f0       	breq	.+8      	; 0x1f6 <_fpadd_parts+0x10c>
     1ee:	21 e0       	ldi	r18, 0x01	; 1
     1f0:	30 e0       	ldi	r19, 0x00	; 0
     1f2:	40 e0       	ldi	r20, 0x00	; 0
     1f4:	50 e0       	ldi	r21, 0x00	; 0
     1f6:	79 01       	movw	r14, r18
     1f8:	8a 01       	movw	r16, r20
     1fa:	e6 28       	or	r14, r6
     1fc:	f7 28       	or	r15, r7
     1fe:	08 29       	or	r16, r8
     200:	19 29       	or	r17, r9
     202:	3c c0       	rjmp	.+120    	; 0x27c <_fpadd_parts+0x192>
     204:	23 2b       	or	r18, r19
     206:	d1 f1       	breq	.+116    	; 0x27c <_fpadd_parts+0x192>
     208:	26 0e       	add	r2, r22
     20a:	37 1e       	adc	r3, r23
     20c:	35 01       	movw	r6, r10
     20e:	46 01       	movw	r8, r12
     210:	06 2e       	mov	r0, r22
     212:	04 c0       	rjmp	.+8      	; 0x21c <_fpadd_parts+0x132>
     214:	96 94       	lsr	r9
     216:	87 94       	ror	r8
     218:	77 94       	ror	r7
     21a:	67 94       	ror	r6
     21c:	0a 94       	dec	r0
     21e:	d2 f7       	brpl	.-12     	; 0x214 <_fpadd_parts+0x12a>
     220:	21 e0       	ldi	r18, 0x01	; 1
     222:	30 e0       	ldi	r19, 0x00	; 0
     224:	40 e0       	ldi	r20, 0x00	; 0
     226:	50 e0       	ldi	r21, 0x00	; 0
     228:	04 c0       	rjmp	.+8      	; 0x232 <_fpadd_parts+0x148>
     22a:	22 0f       	add	r18, r18
     22c:	33 1f       	adc	r19, r19
     22e:	44 1f       	adc	r20, r20
     230:	55 1f       	adc	r21, r21
     232:	6a 95       	dec	r22
     234:	d2 f7       	brpl	.-12     	; 0x22a <_fpadd_parts+0x140>
     236:	21 50       	subi	r18, 0x01	; 1
     238:	30 40       	sbci	r19, 0x00	; 0
     23a:	40 40       	sbci	r20, 0x00	; 0
     23c:	50 40       	sbci	r21, 0x00	; 0
     23e:	2a 21       	and	r18, r10
     240:	3b 21       	and	r19, r11
     242:	4c 21       	and	r20, r12
     244:	5d 21       	and	r21, r13
     246:	21 15       	cp	r18, r1
     248:	31 05       	cpc	r19, r1
     24a:	41 05       	cpc	r20, r1
     24c:	51 05       	cpc	r21, r1
     24e:	21 f0       	breq	.+8      	; 0x258 <_fpadd_parts+0x16e>
     250:	21 e0       	ldi	r18, 0x01	; 1
     252:	30 e0       	ldi	r19, 0x00	; 0
     254:	40 e0       	ldi	r20, 0x00	; 0
     256:	50 e0       	ldi	r21, 0x00	; 0
     258:	59 01       	movw	r10, r18
     25a:	6a 01       	movw	r12, r20
     25c:	a6 28       	or	r10, r6
     25e:	b7 28       	or	r11, r7
     260:	c8 28       	or	r12, r8
     262:	d9 28       	or	r13, r9
     264:	0b c0       	rjmp	.+22     	; 0x27c <_fpadd_parts+0x192>
     266:	82 15       	cp	r24, r2
     268:	93 05       	cpc	r25, r3
     26a:	2c f0       	brlt	.+10     	; 0x276 <_fpadd_parts+0x18c>
     26c:	1c 01       	movw	r2, r24
     26e:	aa 24       	eor	r10, r10
     270:	bb 24       	eor	r11, r11
     272:	65 01       	movw	r12, r10
     274:	03 c0       	rjmp	.+6      	; 0x27c <_fpadd_parts+0x192>
     276:	ee 24       	eor	r14, r14
     278:	ff 24       	eor	r15, r15
     27a:	87 01       	movw	r16, r14
     27c:	11 96       	adiw	r26, 0x01	; 1
     27e:	9c 91       	ld	r25, X
     280:	d2 01       	movw	r26, r4
     282:	11 96       	adiw	r26, 0x01	; 1
     284:	8c 91       	ld	r24, X
     286:	98 17       	cp	r25, r24
     288:	09 f4       	brne	.+2      	; 0x28c <_fpadd_parts+0x1a2>
     28a:	45 c0       	rjmp	.+138    	; 0x316 <_fpadd_parts+0x22c>
     28c:	99 23       	and	r25, r25
     28e:	39 f0       	breq	.+14     	; 0x29e <_fpadd_parts+0x1b4>
     290:	a8 01       	movw	r20, r16
     292:	97 01       	movw	r18, r14
     294:	2a 19       	sub	r18, r10
     296:	3b 09       	sbc	r19, r11
     298:	4c 09       	sbc	r20, r12
     29a:	5d 09       	sbc	r21, r13
     29c:	06 c0       	rjmp	.+12     	; 0x2aa <_fpadd_parts+0x1c0>
     29e:	a6 01       	movw	r20, r12
     2a0:	95 01       	movw	r18, r10
     2a2:	2e 19       	sub	r18, r14
     2a4:	3f 09       	sbc	r19, r15
     2a6:	40 0b       	sbc	r20, r16
     2a8:	51 0b       	sbc	r21, r17
     2aa:	57 fd       	sbrc	r21, 7
     2ac:	08 c0       	rjmp	.+16     	; 0x2be <_fpadd_parts+0x1d4>
     2ae:	11 82       	std	Z+1, r1	; 0x01
     2b0:	33 82       	std	Z+3, r3	; 0x03
     2b2:	22 82       	std	Z+2, r2	; 0x02
     2b4:	24 83       	std	Z+4, r18	; 0x04
     2b6:	35 83       	std	Z+5, r19	; 0x05
     2b8:	46 83       	std	Z+6, r20	; 0x06
     2ba:	57 83       	std	Z+7, r21	; 0x07
     2bc:	1d c0       	rjmp	.+58     	; 0x2f8 <_fpadd_parts+0x20e>
     2be:	81 e0       	ldi	r24, 0x01	; 1
     2c0:	81 83       	std	Z+1, r24	; 0x01
     2c2:	33 82       	std	Z+3, r3	; 0x03
     2c4:	22 82       	std	Z+2, r2	; 0x02
     2c6:	88 27       	eor	r24, r24
     2c8:	99 27       	eor	r25, r25
     2ca:	dc 01       	movw	r26, r24
     2cc:	82 1b       	sub	r24, r18
     2ce:	93 0b       	sbc	r25, r19
     2d0:	a4 0b       	sbc	r26, r20
     2d2:	b5 0b       	sbc	r27, r21
     2d4:	84 83       	std	Z+4, r24	; 0x04
     2d6:	95 83       	std	Z+5, r25	; 0x05
     2d8:	a6 83       	std	Z+6, r26	; 0x06
     2da:	b7 83       	std	Z+7, r27	; 0x07
     2dc:	0d c0       	rjmp	.+26     	; 0x2f8 <_fpadd_parts+0x20e>
     2de:	22 0f       	add	r18, r18
     2e0:	33 1f       	adc	r19, r19
     2e2:	44 1f       	adc	r20, r20
     2e4:	55 1f       	adc	r21, r21
     2e6:	24 83       	std	Z+4, r18	; 0x04
     2e8:	35 83       	std	Z+5, r19	; 0x05
     2ea:	46 83       	std	Z+6, r20	; 0x06
     2ec:	57 83       	std	Z+7, r21	; 0x07
     2ee:	82 81       	ldd	r24, Z+2	; 0x02
     2f0:	93 81       	ldd	r25, Z+3	; 0x03
     2f2:	01 97       	sbiw	r24, 0x01	; 1
     2f4:	93 83       	std	Z+3, r25	; 0x03
     2f6:	82 83       	std	Z+2, r24	; 0x02
     2f8:	24 81       	ldd	r18, Z+4	; 0x04
     2fa:	35 81       	ldd	r19, Z+5	; 0x05
     2fc:	46 81       	ldd	r20, Z+6	; 0x06
     2fe:	57 81       	ldd	r21, Z+7	; 0x07
     300:	da 01       	movw	r26, r20
     302:	c9 01       	movw	r24, r18
     304:	01 97       	sbiw	r24, 0x01	; 1
     306:	a1 09       	sbc	r26, r1
     308:	b1 09       	sbc	r27, r1
     30a:	8f 5f       	subi	r24, 0xFF	; 255
     30c:	9f 4f       	sbci	r25, 0xFF	; 255
     30e:	af 4f       	sbci	r26, 0xFF	; 255
     310:	bf 43       	sbci	r27, 0x3F	; 63
     312:	28 f3       	brcs	.-54     	; 0x2de <_fpadd_parts+0x1f4>
     314:	0b c0       	rjmp	.+22     	; 0x32c <_fpadd_parts+0x242>
     316:	91 83       	std	Z+1, r25	; 0x01
     318:	33 82       	std	Z+3, r3	; 0x03
     31a:	22 82       	std	Z+2, r2	; 0x02
     31c:	ea 0c       	add	r14, r10
     31e:	fb 1c       	adc	r15, r11
     320:	0c 1d       	adc	r16, r12
     322:	1d 1d       	adc	r17, r13
     324:	e4 82       	std	Z+4, r14	; 0x04
     326:	f5 82       	std	Z+5, r15	; 0x05
     328:	06 83       	std	Z+6, r16	; 0x06
     32a:	17 83       	std	Z+7, r17	; 0x07
     32c:	83 e0       	ldi	r24, 0x03	; 3
     32e:	80 83       	st	Z, r24
     330:	24 81       	ldd	r18, Z+4	; 0x04
     332:	35 81       	ldd	r19, Z+5	; 0x05
     334:	46 81       	ldd	r20, Z+6	; 0x06
     336:	57 81       	ldd	r21, Z+7	; 0x07
     338:	57 ff       	sbrs	r21, 7
     33a:	1a c0       	rjmp	.+52     	; 0x370 <_fpadd_parts+0x286>
     33c:	c9 01       	movw	r24, r18
     33e:	aa 27       	eor	r26, r26
     340:	97 fd       	sbrc	r25, 7
     342:	a0 95       	com	r26
     344:	ba 2f       	mov	r27, r26
     346:	81 70       	andi	r24, 0x01	; 1
     348:	90 70       	andi	r25, 0x00	; 0
     34a:	a0 70       	andi	r26, 0x00	; 0
     34c:	b0 70       	andi	r27, 0x00	; 0
     34e:	56 95       	lsr	r21
     350:	47 95       	ror	r20
     352:	37 95       	ror	r19
     354:	27 95       	ror	r18
     356:	82 2b       	or	r24, r18
     358:	93 2b       	or	r25, r19
     35a:	a4 2b       	or	r26, r20
     35c:	b5 2b       	or	r27, r21
     35e:	84 83       	std	Z+4, r24	; 0x04
     360:	95 83       	std	Z+5, r25	; 0x05
     362:	a6 83       	std	Z+6, r26	; 0x06
     364:	b7 83       	std	Z+7, r27	; 0x07
     366:	82 81       	ldd	r24, Z+2	; 0x02
     368:	93 81       	ldd	r25, Z+3	; 0x03
     36a:	01 96       	adiw	r24, 0x01	; 1
     36c:	93 83       	std	Z+3, r25	; 0x03
     36e:	82 83       	std	Z+2, r24	; 0x02
     370:	df 01       	movw	r26, r30
     372:	01 c0       	rjmp	.+2      	; 0x376 <_fpadd_parts+0x28c>
     374:	d2 01       	movw	r26, r4
     376:	cd 01       	movw	r24, r26
     378:	cd b7       	in	r28, 0x3d	; 61
     37a:	de b7       	in	r29, 0x3e	; 62
     37c:	e2 e1       	ldi	r30, 0x12	; 18
     37e:	0c 94 46 1d 	jmp	0x3a8c	; 0x3a8c <__epilogue_restores__>

00000382 <__subsf3>:
     382:	a0 e2       	ldi	r26, 0x20	; 32
     384:	b0 e0       	ldi	r27, 0x00	; 0
     386:	e7 ec       	ldi	r30, 0xC7	; 199
     388:	f1 e0       	ldi	r31, 0x01	; 1
     38a:	0c 94 36 1d 	jmp	0x3a6c	; 0x3a6c <__prologue_saves__+0x18>
     38e:	69 83       	std	Y+1, r22	; 0x01
     390:	7a 83       	std	Y+2, r23	; 0x02
     392:	8b 83       	std	Y+3, r24	; 0x03
     394:	9c 83       	std	Y+4, r25	; 0x04
     396:	2d 83       	std	Y+5, r18	; 0x05
     398:	3e 83       	std	Y+6, r19	; 0x06
     39a:	4f 83       	std	Y+7, r20	; 0x07
     39c:	58 87       	std	Y+8, r21	; 0x08
     39e:	e9 e0       	ldi	r30, 0x09	; 9
     3a0:	ee 2e       	mov	r14, r30
     3a2:	f1 2c       	mov	r15, r1
     3a4:	ec 0e       	add	r14, r28
     3a6:	fd 1e       	adc	r15, r29
     3a8:	ce 01       	movw	r24, r28
     3aa:	01 96       	adiw	r24, 0x01	; 1
     3ac:	b7 01       	movw	r22, r14
     3ae:	0e 94 7e 05 	call	0xafc	; 0xafc <__unpack_f>
     3b2:	8e 01       	movw	r16, r28
     3b4:	0f 5e       	subi	r16, 0xEF	; 239
     3b6:	1f 4f       	sbci	r17, 0xFF	; 255
     3b8:	ce 01       	movw	r24, r28
     3ba:	05 96       	adiw	r24, 0x05	; 5
     3bc:	b8 01       	movw	r22, r16
     3be:	0e 94 7e 05 	call	0xafc	; 0xafc <__unpack_f>
     3c2:	8a 89       	ldd	r24, Y+18	; 0x12
     3c4:	91 e0       	ldi	r25, 0x01	; 1
     3c6:	89 27       	eor	r24, r25
     3c8:	8a 8b       	std	Y+18, r24	; 0x12
     3ca:	c7 01       	movw	r24, r14
     3cc:	b8 01       	movw	r22, r16
     3ce:	ae 01       	movw	r20, r28
     3d0:	47 5e       	subi	r20, 0xE7	; 231
     3d2:	5f 4f       	sbci	r21, 0xFF	; 255
     3d4:	0e 94 75 00 	call	0xea	; 0xea <_fpadd_parts>
     3d8:	0e 94 a9 04 	call	0x952	; 0x952 <__pack_f>
     3dc:	a0 96       	adiw	r28, 0x20	; 32
     3de:	e6 e0       	ldi	r30, 0x06	; 6
     3e0:	0c 94 52 1d 	jmp	0x3aa4	; 0x3aa4 <__epilogue_restores__+0x18>

000003e4 <__addsf3>:
     3e4:	a0 e2       	ldi	r26, 0x20	; 32
     3e6:	b0 e0       	ldi	r27, 0x00	; 0
     3e8:	e8 ef       	ldi	r30, 0xF8	; 248
     3ea:	f1 e0       	ldi	r31, 0x01	; 1
     3ec:	0c 94 36 1d 	jmp	0x3a6c	; 0x3a6c <__prologue_saves__+0x18>
     3f0:	69 83       	std	Y+1, r22	; 0x01
     3f2:	7a 83       	std	Y+2, r23	; 0x02
     3f4:	8b 83       	std	Y+3, r24	; 0x03
     3f6:	9c 83       	std	Y+4, r25	; 0x04
     3f8:	2d 83       	std	Y+5, r18	; 0x05
     3fa:	3e 83       	std	Y+6, r19	; 0x06
     3fc:	4f 83       	std	Y+7, r20	; 0x07
     3fe:	58 87       	std	Y+8, r21	; 0x08
     400:	f9 e0       	ldi	r31, 0x09	; 9
     402:	ef 2e       	mov	r14, r31
     404:	f1 2c       	mov	r15, r1
     406:	ec 0e       	add	r14, r28
     408:	fd 1e       	adc	r15, r29
     40a:	ce 01       	movw	r24, r28
     40c:	01 96       	adiw	r24, 0x01	; 1
     40e:	b7 01       	movw	r22, r14
     410:	0e 94 7e 05 	call	0xafc	; 0xafc <__unpack_f>
     414:	8e 01       	movw	r16, r28
     416:	0f 5e       	subi	r16, 0xEF	; 239
     418:	1f 4f       	sbci	r17, 0xFF	; 255
     41a:	ce 01       	movw	r24, r28
     41c:	05 96       	adiw	r24, 0x05	; 5
     41e:	b8 01       	movw	r22, r16
     420:	0e 94 7e 05 	call	0xafc	; 0xafc <__unpack_f>
     424:	c7 01       	movw	r24, r14
     426:	b8 01       	movw	r22, r16
     428:	ae 01       	movw	r20, r28
     42a:	47 5e       	subi	r20, 0xE7	; 231
     42c:	5f 4f       	sbci	r21, 0xFF	; 255
     42e:	0e 94 75 00 	call	0xea	; 0xea <_fpadd_parts>
     432:	0e 94 a9 04 	call	0x952	; 0x952 <__pack_f>
     436:	a0 96       	adiw	r28, 0x20	; 32
     438:	e6 e0       	ldi	r30, 0x06	; 6
     43a:	0c 94 52 1d 	jmp	0x3aa4	; 0x3aa4 <__epilogue_restores__+0x18>

0000043e <__mulsf3>:
     43e:	a0 e2       	ldi	r26, 0x20	; 32
     440:	b0 e0       	ldi	r27, 0x00	; 0
     442:	e5 e2       	ldi	r30, 0x25	; 37
     444:	f2 e0       	ldi	r31, 0x02	; 2
     446:	0c 94 2a 1d 	jmp	0x3a54	; 0x3a54 <__prologue_saves__>
     44a:	69 83       	std	Y+1, r22	; 0x01
     44c:	7a 83       	std	Y+2, r23	; 0x02
     44e:	8b 83       	std	Y+3, r24	; 0x03
     450:	9c 83       	std	Y+4, r25	; 0x04
     452:	2d 83       	std	Y+5, r18	; 0x05
     454:	3e 83       	std	Y+6, r19	; 0x06
     456:	4f 83       	std	Y+7, r20	; 0x07
     458:	58 87       	std	Y+8, r21	; 0x08
     45a:	ce 01       	movw	r24, r28
     45c:	01 96       	adiw	r24, 0x01	; 1
     45e:	be 01       	movw	r22, r28
     460:	67 5f       	subi	r22, 0xF7	; 247
     462:	7f 4f       	sbci	r23, 0xFF	; 255
     464:	0e 94 7e 05 	call	0xafc	; 0xafc <__unpack_f>
     468:	ce 01       	movw	r24, r28
     46a:	05 96       	adiw	r24, 0x05	; 5
     46c:	be 01       	movw	r22, r28
     46e:	6f 5e       	subi	r22, 0xEF	; 239
     470:	7f 4f       	sbci	r23, 0xFF	; 255
     472:	0e 94 7e 05 	call	0xafc	; 0xafc <__unpack_f>
     476:	99 85       	ldd	r25, Y+9	; 0x09
     478:	92 30       	cpi	r25, 0x02	; 2
     47a:	88 f0       	brcs	.+34     	; 0x49e <__mulsf3+0x60>
     47c:	89 89       	ldd	r24, Y+17	; 0x11
     47e:	82 30       	cpi	r24, 0x02	; 2
     480:	c8 f0       	brcs	.+50     	; 0x4b4 <__mulsf3+0x76>
     482:	94 30       	cpi	r25, 0x04	; 4
     484:	19 f4       	brne	.+6      	; 0x48c <__mulsf3+0x4e>
     486:	82 30       	cpi	r24, 0x02	; 2
     488:	51 f4       	brne	.+20     	; 0x49e <__mulsf3+0x60>
     48a:	04 c0       	rjmp	.+8      	; 0x494 <__mulsf3+0x56>
     48c:	84 30       	cpi	r24, 0x04	; 4
     48e:	29 f4       	brne	.+10     	; 0x49a <__mulsf3+0x5c>
     490:	92 30       	cpi	r25, 0x02	; 2
     492:	81 f4       	brne	.+32     	; 0x4b4 <__mulsf3+0x76>
     494:	80 e7       	ldi	r24, 0x70	; 112
     496:	90 e0       	ldi	r25, 0x00	; 0
     498:	c6 c0       	rjmp	.+396    	; 0x626 <__mulsf3+0x1e8>
     49a:	92 30       	cpi	r25, 0x02	; 2
     49c:	49 f4       	brne	.+18     	; 0x4b0 <__mulsf3+0x72>
     49e:	20 e0       	ldi	r18, 0x00	; 0
     4a0:	9a 85       	ldd	r25, Y+10	; 0x0a
     4a2:	8a 89       	ldd	r24, Y+18	; 0x12
     4a4:	98 13       	cpse	r25, r24
     4a6:	21 e0       	ldi	r18, 0x01	; 1
     4a8:	2a 87       	std	Y+10, r18	; 0x0a
     4aa:	ce 01       	movw	r24, r28
     4ac:	09 96       	adiw	r24, 0x09	; 9
     4ae:	bb c0       	rjmp	.+374    	; 0x626 <__mulsf3+0x1e8>
     4b0:	82 30       	cpi	r24, 0x02	; 2
     4b2:	49 f4       	brne	.+18     	; 0x4c6 <__mulsf3+0x88>
     4b4:	20 e0       	ldi	r18, 0x00	; 0
     4b6:	9a 85       	ldd	r25, Y+10	; 0x0a
     4b8:	8a 89       	ldd	r24, Y+18	; 0x12
     4ba:	98 13       	cpse	r25, r24
     4bc:	21 e0       	ldi	r18, 0x01	; 1
     4be:	2a 8b       	std	Y+18, r18	; 0x12
     4c0:	ce 01       	movw	r24, r28
     4c2:	41 96       	adiw	r24, 0x11	; 17
     4c4:	b0 c0       	rjmp	.+352    	; 0x626 <__mulsf3+0x1e8>
     4c6:	2d 84       	ldd	r2, Y+13	; 0x0d
     4c8:	3e 84       	ldd	r3, Y+14	; 0x0e
     4ca:	4f 84       	ldd	r4, Y+15	; 0x0f
     4cc:	58 88       	ldd	r5, Y+16	; 0x10
     4ce:	6d 88       	ldd	r6, Y+21	; 0x15
     4d0:	7e 88       	ldd	r7, Y+22	; 0x16
     4d2:	8f 88       	ldd	r8, Y+23	; 0x17
     4d4:	98 8c       	ldd	r9, Y+24	; 0x18
     4d6:	ee 24       	eor	r14, r14
     4d8:	ff 24       	eor	r15, r15
     4da:	87 01       	movw	r16, r14
     4dc:	aa 24       	eor	r10, r10
     4de:	bb 24       	eor	r11, r11
     4e0:	65 01       	movw	r12, r10
     4e2:	40 e0       	ldi	r20, 0x00	; 0
     4e4:	50 e0       	ldi	r21, 0x00	; 0
     4e6:	60 e0       	ldi	r22, 0x00	; 0
     4e8:	70 e0       	ldi	r23, 0x00	; 0
     4ea:	e0 e0       	ldi	r30, 0x00	; 0
     4ec:	f0 e0       	ldi	r31, 0x00	; 0
     4ee:	c1 01       	movw	r24, r2
     4f0:	81 70       	andi	r24, 0x01	; 1
     4f2:	90 70       	andi	r25, 0x00	; 0
     4f4:	89 2b       	or	r24, r25
     4f6:	e9 f0       	breq	.+58     	; 0x532 <__mulsf3+0xf4>
     4f8:	e6 0c       	add	r14, r6
     4fa:	f7 1c       	adc	r15, r7
     4fc:	08 1d       	adc	r16, r8
     4fe:	19 1d       	adc	r17, r9
     500:	9a 01       	movw	r18, r20
     502:	ab 01       	movw	r20, r22
     504:	2a 0d       	add	r18, r10
     506:	3b 1d       	adc	r19, r11
     508:	4c 1d       	adc	r20, r12
     50a:	5d 1d       	adc	r21, r13
     50c:	80 e0       	ldi	r24, 0x00	; 0
     50e:	90 e0       	ldi	r25, 0x00	; 0
     510:	a0 e0       	ldi	r26, 0x00	; 0
     512:	b0 e0       	ldi	r27, 0x00	; 0
     514:	e6 14       	cp	r14, r6
     516:	f7 04       	cpc	r15, r7
     518:	08 05       	cpc	r16, r8
     51a:	19 05       	cpc	r17, r9
     51c:	20 f4       	brcc	.+8      	; 0x526 <__mulsf3+0xe8>
     51e:	81 e0       	ldi	r24, 0x01	; 1
     520:	90 e0       	ldi	r25, 0x00	; 0
     522:	a0 e0       	ldi	r26, 0x00	; 0
     524:	b0 e0       	ldi	r27, 0x00	; 0
     526:	ba 01       	movw	r22, r20
     528:	a9 01       	movw	r20, r18
     52a:	48 0f       	add	r20, r24
     52c:	59 1f       	adc	r21, r25
     52e:	6a 1f       	adc	r22, r26
     530:	7b 1f       	adc	r23, r27
     532:	aa 0c       	add	r10, r10
     534:	bb 1c       	adc	r11, r11
     536:	cc 1c       	adc	r12, r12
     538:	dd 1c       	adc	r13, r13
     53a:	97 fe       	sbrs	r9, 7
     53c:	08 c0       	rjmp	.+16     	; 0x54e <__mulsf3+0x110>
     53e:	81 e0       	ldi	r24, 0x01	; 1
     540:	90 e0       	ldi	r25, 0x00	; 0
     542:	a0 e0       	ldi	r26, 0x00	; 0
     544:	b0 e0       	ldi	r27, 0x00	; 0
     546:	a8 2a       	or	r10, r24
     548:	b9 2a       	or	r11, r25
     54a:	ca 2a       	or	r12, r26
     54c:	db 2a       	or	r13, r27
     54e:	31 96       	adiw	r30, 0x01	; 1
     550:	e0 32       	cpi	r30, 0x20	; 32
     552:	f1 05       	cpc	r31, r1
     554:	49 f0       	breq	.+18     	; 0x568 <__mulsf3+0x12a>
     556:	66 0c       	add	r6, r6
     558:	77 1c       	adc	r7, r7
     55a:	88 1c       	adc	r8, r8
     55c:	99 1c       	adc	r9, r9
     55e:	56 94       	lsr	r5
     560:	47 94       	ror	r4
     562:	37 94       	ror	r3
     564:	27 94       	ror	r2
     566:	c3 cf       	rjmp	.-122    	; 0x4ee <__mulsf3+0xb0>
     568:	fa 85       	ldd	r31, Y+10	; 0x0a
     56a:	ea 89       	ldd	r30, Y+18	; 0x12
     56c:	2b 89       	ldd	r18, Y+19	; 0x13
     56e:	3c 89       	ldd	r19, Y+20	; 0x14
     570:	8b 85       	ldd	r24, Y+11	; 0x0b
     572:	9c 85       	ldd	r25, Y+12	; 0x0c
     574:	28 0f       	add	r18, r24
     576:	39 1f       	adc	r19, r25
     578:	2e 5f       	subi	r18, 0xFE	; 254
     57a:	3f 4f       	sbci	r19, 0xFF	; 255
     57c:	17 c0       	rjmp	.+46     	; 0x5ac <__mulsf3+0x16e>
     57e:	ca 01       	movw	r24, r20
     580:	81 70       	andi	r24, 0x01	; 1
     582:	90 70       	andi	r25, 0x00	; 0
     584:	89 2b       	or	r24, r25
     586:	61 f0       	breq	.+24     	; 0x5a0 <__mulsf3+0x162>
     588:	16 95       	lsr	r17
     58a:	07 95       	ror	r16
     58c:	f7 94       	ror	r15
     58e:	e7 94       	ror	r14
     590:	80 e0       	ldi	r24, 0x00	; 0
     592:	90 e0       	ldi	r25, 0x00	; 0
     594:	a0 e0       	ldi	r26, 0x00	; 0
     596:	b0 e8       	ldi	r27, 0x80	; 128
     598:	e8 2a       	or	r14, r24
     59a:	f9 2a       	or	r15, r25
     59c:	0a 2b       	or	r16, r26
     59e:	1b 2b       	or	r17, r27
     5a0:	76 95       	lsr	r23
     5a2:	67 95       	ror	r22
     5a4:	57 95       	ror	r21
     5a6:	47 95       	ror	r20
     5a8:	2f 5f       	subi	r18, 0xFF	; 255
     5aa:	3f 4f       	sbci	r19, 0xFF	; 255
     5ac:	77 fd       	sbrc	r23, 7
     5ae:	e7 cf       	rjmp	.-50     	; 0x57e <__mulsf3+0x140>
     5b0:	0c c0       	rjmp	.+24     	; 0x5ca <__mulsf3+0x18c>
     5b2:	44 0f       	add	r20, r20
     5b4:	55 1f       	adc	r21, r21
     5b6:	66 1f       	adc	r22, r22
     5b8:	77 1f       	adc	r23, r23
     5ba:	17 fd       	sbrc	r17, 7
     5bc:	41 60       	ori	r20, 0x01	; 1
     5be:	ee 0c       	add	r14, r14
     5c0:	ff 1c       	adc	r15, r15
     5c2:	00 1f       	adc	r16, r16
     5c4:	11 1f       	adc	r17, r17
     5c6:	21 50       	subi	r18, 0x01	; 1
     5c8:	30 40       	sbci	r19, 0x00	; 0
     5ca:	40 30       	cpi	r20, 0x00	; 0
     5cc:	90 e0       	ldi	r25, 0x00	; 0
     5ce:	59 07       	cpc	r21, r25
     5d0:	90 e0       	ldi	r25, 0x00	; 0
     5d2:	69 07       	cpc	r22, r25
     5d4:	90 e4       	ldi	r25, 0x40	; 64
     5d6:	79 07       	cpc	r23, r25
     5d8:	60 f3       	brcs	.-40     	; 0x5b2 <__mulsf3+0x174>
     5da:	2b 8f       	std	Y+27, r18	; 0x1b
     5dc:	3c 8f       	std	Y+28, r19	; 0x1c
     5de:	db 01       	movw	r26, r22
     5e0:	ca 01       	movw	r24, r20
     5e2:	8f 77       	andi	r24, 0x7F	; 127
     5e4:	90 70       	andi	r25, 0x00	; 0
     5e6:	a0 70       	andi	r26, 0x00	; 0
     5e8:	b0 70       	andi	r27, 0x00	; 0
     5ea:	80 34       	cpi	r24, 0x40	; 64
     5ec:	91 05       	cpc	r25, r1
     5ee:	a1 05       	cpc	r26, r1
     5f0:	b1 05       	cpc	r27, r1
     5f2:	61 f4       	brne	.+24     	; 0x60c <__mulsf3+0x1ce>
     5f4:	47 fd       	sbrc	r20, 7
     5f6:	0a c0       	rjmp	.+20     	; 0x60c <__mulsf3+0x1ce>
     5f8:	e1 14       	cp	r14, r1
     5fa:	f1 04       	cpc	r15, r1
     5fc:	01 05       	cpc	r16, r1
     5fe:	11 05       	cpc	r17, r1
     600:	29 f0       	breq	.+10     	; 0x60c <__mulsf3+0x1ce>
     602:	40 5c       	subi	r20, 0xC0	; 192
     604:	5f 4f       	sbci	r21, 0xFF	; 255
     606:	6f 4f       	sbci	r22, 0xFF	; 255
     608:	7f 4f       	sbci	r23, 0xFF	; 255
     60a:	40 78       	andi	r20, 0x80	; 128
     60c:	1a 8e       	std	Y+26, r1	; 0x1a
     60e:	fe 17       	cp	r31, r30
     610:	11 f0       	breq	.+4      	; 0x616 <__mulsf3+0x1d8>
     612:	81 e0       	ldi	r24, 0x01	; 1
     614:	8a 8f       	std	Y+26, r24	; 0x1a
     616:	4d 8f       	std	Y+29, r20	; 0x1d
     618:	5e 8f       	std	Y+30, r21	; 0x1e
     61a:	6f 8f       	std	Y+31, r22	; 0x1f
     61c:	78 a3       	std	Y+32, r23	; 0x20
     61e:	83 e0       	ldi	r24, 0x03	; 3
     620:	89 8f       	std	Y+25, r24	; 0x19
     622:	ce 01       	movw	r24, r28
     624:	49 96       	adiw	r24, 0x19	; 25
     626:	0e 94 a9 04 	call	0x952	; 0x952 <__pack_f>
     62a:	a0 96       	adiw	r28, 0x20	; 32
     62c:	e2 e1       	ldi	r30, 0x12	; 18
     62e:	0c 94 46 1d 	jmp	0x3a8c	; 0x3a8c <__epilogue_restores__>

00000632 <__divsf3>:
     632:	a8 e1       	ldi	r26, 0x18	; 24
     634:	b0 e0       	ldi	r27, 0x00	; 0
     636:	ef e1       	ldi	r30, 0x1F	; 31
     638:	f3 e0       	ldi	r31, 0x03	; 3
     63a:	0c 94 32 1d 	jmp	0x3a64	; 0x3a64 <__prologue_saves__+0x10>
     63e:	69 83       	std	Y+1, r22	; 0x01
     640:	7a 83       	std	Y+2, r23	; 0x02
     642:	8b 83       	std	Y+3, r24	; 0x03
     644:	9c 83       	std	Y+4, r25	; 0x04
     646:	2d 83       	std	Y+5, r18	; 0x05
     648:	3e 83       	std	Y+6, r19	; 0x06
     64a:	4f 83       	std	Y+7, r20	; 0x07
     64c:	58 87       	std	Y+8, r21	; 0x08
     64e:	b9 e0       	ldi	r27, 0x09	; 9
     650:	eb 2e       	mov	r14, r27
     652:	f1 2c       	mov	r15, r1
     654:	ec 0e       	add	r14, r28
     656:	fd 1e       	adc	r15, r29
     658:	ce 01       	movw	r24, r28
     65a:	01 96       	adiw	r24, 0x01	; 1
     65c:	b7 01       	movw	r22, r14
     65e:	0e 94 7e 05 	call	0xafc	; 0xafc <__unpack_f>
     662:	8e 01       	movw	r16, r28
     664:	0f 5e       	subi	r16, 0xEF	; 239
     666:	1f 4f       	sbci	r17, 0xFF	; 255
     668:	ce 01       	movw	r24, r28
     66a:	05 96       	adiw	r24, 0x05	; 5
     66c:	b8 01       	movw	r22, r16
     66e:	0e 94 7e 05 	call	0xafc	; 0xafc <__unpack_f>
     672:	29 85       	ldd	r18, Y+9	; 0x09
     674:	22 30       	cpi	r18, 0x02	; 2
     676:	08 f4       	brcc	.+2      	; 0x67a <__divsf3+0x48>
     678:	7e c0       	rjmp	.+252    	; 0x776 <__divsf3+0x144>
     67a:	39 89       	ldd	r19, Y+17	; 0x11
     67c:	32 30       	cpi	r19, 0x02	; 2
     67e:	10 f4       	brcc	.+4      	; 0x684 <__divsf3+0x52>
     680:	b8 01       	movw	r22, r16
     682:	7c c0       	rjmp	.+248    	; 0x77c <__divsf3+0x14a>
     684:	8a 85       	ldd	r24, Y+10	; 0x0a
     686:	9a 89       	ldd	r25, Y+18	; 0x12
     688:	89 27       	eor	r24, r25
     68a:	8a 87       	std	Y+10, r24	; 0x0a
     68c:	24 30       	cpi	r18, 0x04	; 4
     68e:	11 f0       	breq	.+4      	; 0x694 <__divsf3+0x62>
     690:	22 30       	cpi	r18, 0x02	; 2
     692:	31 f4       	brne	.+12     	; 0x6a0 <__divsf3+0x6e>
     694:	23 17       	cp	r18, r19
     696:	09 f0       	breq	.+2      	; 0x69a <__divsf3+0x68>
     698:	6e c0       	rjmp	.+220    	; 0x776 <__divsf3+0x144>
     69a:	60 e7       	ldi	r22, 0x70	; 112
     69c:	70 e0       	ldi	r23, 0x00	; 0
     69e:	6e c0       	rjmp	.+220    	; 0x77c <__divsf3+0x14a>
     6a0:	34 30       	cpi	r19, 0x04	; 4
     6a2:	39 f4       	brne	.+14     	; 0x6b2 <__divsf3+0x80>
     6a4:	1d 86       	std	Y+13, r1	; 0x0d
     6a6:	1e 86       	std	Y+14, r1	; 0x0e
     6a8:	1f 86       	std	Y+15, r1	; 0x0f
     6aa:	18 8a       	std	Y+16, r1	; 0x10
     6ac:	1c 86       	std	Y+12, r1	; 0x0c
     6ae:	1b 86       	std	Y+11, r1	; 0x0b
     6b0:	04 c0       	rjmp	.+8      	; 0x6ba <__divsf3+0x88>
     6b2:	32 30       	cpi	r19, 0x02	; 2
     6b4:	21 f4       	brne	.+8      	; 0x6be <__divsf3+0x8c>
     6b6:	84 e0       	ldi	r24, 0x04	; 4
     6b8:	89 87       	std	Y+9, r24	; 0x09
     6ba:	b7 01       	movw	r22, r14
     6bc:	5f c0       	rjmp	.+190    	; 0x77c <__divsf3+0x14a>
     6be:	2b 85       	ldd	r18, Y+11	; 0x0b
     6c0:	3c 85       	ldd	r19, Y+12	; 0x0c
     6c2:	8b 89       	ldd	r24, Y+19	; 0x13
     6c4:	9c 89       	ldd	r25, Y+20	; 0x14
     6c6:	28 1b       	sub	r18, r24
     6c8:	39 0b       	sbc	r19, r25
     6ca:	3c 87       	std	Y+12, r19	; 0x0c
     6cc:	2b 87       	std	Y+11, r18	; 0x0b
     6ce:	ed 84       	ldd	r14, Y+13	; 0x0d
     6d0:	fe 84       	ldd	r15, Y+14	; 0x0e
     6d2:	0f 85       	ldd	r16, Y+15	; 0x0f
     6d4:	18 89       	ldd	r17, Y+16	; 0x10
     6d6:	ad 88       	ldd	r10, Y+21	; 0x15
     6d8:	be 88       	ldd	r11, Y+22	; 0x16
     6da:	cf 88       	ldd	r12, Y+23	; 0x17
     6dc:	d8 8c       	ldd	r13, Y+24	; 0x18
     6de:	ea 14       	cp	r14, r10
     6e0:	fb 04       	cpc	r15, r11
     6e2:	0c 05       	cpc	r16, r12
     6e4:	1d 05       	cpc	r17, r13
     6e6:	40 f4       	brcc	.+16     	; 0x6f8 <__divsf3+0xc6>
     6e8:	ee 0c       	add	r14, r14
     6ea:	ff 1c       	adc	r15, r15
     6ec:	00 1f       	adc	r16, r16
     6ee:	11 1f       	adc	r17, r17
     6f0:	21 50       	subi	r18, 0x01	; 1
     6f2:	30 40       	sbci	r19, 0x00	; 0
     6f4:	3c 87       	std	Y+12, r19	; 0x0c
     6f6:	2b 87       	std	Y+11, r18	; 0x0b
     6f8:	20 e0       	ldi	r18, 0x00	; 0
     6fa:	30 e0       	ldi	r19, 0x00	; 0
     6fc:	40 e0       	ldi	r20, 0x00	; 0
     6fe:	50 e0       	ldi	r21, 0x00	; 0
     700:	80 e0       	ldi	r24, 0x00	; 0
     702:	90 e0       	ldi	r25, 0x00	; 0
     704:	a0 e0       	ldi	r26, 0x00	; 0
     706:	b0 e4       	ldi	r27, 0x40	; 64
     708:	60 e0       	ldi	r22, 0x00	; 0
     70a:	70 e0       	ldi	r23, 0x00	; 0
     70c:	ea 14       	cp	r14, r10
     70e:	fb 04       	cpc	r15, r11
     710:	0c 05       	cpc	r16, r12
     712:	1d 05       	cpc	r17, r13
     714:	40 f0       	brcs	.+16     	; 0x726 <__divsf3+0xf4>
     716:	28 2b       	or	r18, r24
     718:	39 2b       	or	r19, r25
     71a:	4a 2b       	or	r20, r26
     71c:	5b 2b       	or	r21, r27
     71e:	ea 18       	sub	r14, r10
     720:	fb 08       	sbc	r15, r11
     722:	0c 09       	sbc	r16, r12
     724:	1d 09       	sbc	r17, r13
     726:	b6 95       	lsr	r27
     728:	a7 95       	ror	r26
     72a:	97 95       	ror	r25
     72c:	87 95       	ror	r24
     72e:	ee 0c       	add	r14, r14
     730:	ff 1c       	adc	r15, r15
     732:	00 1f       	adc	r16, r16
     734:	11 1f       	adc	r17, r17
     736:	6f 5f       	subi	r22, 0xFF	; 255
     738:	7f 4f       	sbci	r23, 0xFF	; 255
     73a:	6f 31       	cpi	r22, 0x1F	; 31
     73c:	71 05       	cpc	r23, r1
     73e:	31 f7       	brne	.-52     	; 0x70c <__divsf3+0xda>
     740:	da 01       	movw	r26, r20
     742:	c9 01       	movw	r24, r18
     744:	8f 77       	andi	r24, 0x7F	; 127
     746:	90 70       	andi	r25, 0x00	; 0
     748:	a0 70       	andi	r26, 0x00	; 0
     74a:	b0 70       	andi	r27, 0x00	; 0
     74c:	80 34       	cpi	r24, 0x40	; 64
     74e:	91 05       	cpc	r25, r1
     750:	a1 05       	cpc	r26, r1
     752:	b1 05       	cpc	r27, r1
     754:	61 f4       	brne	.+24     	; 0x76e <__divsf3+0x13c>
     756:	27 fd       	sbrc	r18, 7
     758:	0a c0       	rjmp	.+20     	; 0x76e <__divsf3+0x13c>
     75a:	e1 14       	cp	r14, r1
     75c:	f1 04       	cpc	r15, r1
     75e:	01 05       	cpc	r16, r1
     760:	11 05       	cpc	r17, r1
     762:	29 f0       	breq	.+10     	; 0x76e <__divsf3+0x13c>
     764:	20 5c       	subi	r18, 0xC0	; 192
     766:	3f 4f       	sbci	r19, 0xFF	; 255
     768:	4f 4f       	sbci	r20, 0xFF	; 255
     76a:	5f 4f       	sbci	r21, 0xFF	; 255
     76c:	20 78       	andi	r18, 0x80	; 128
     76e:	2d 87       	std	Y+13, r18	; 0x0d
     770:	3e 87       	std	Y+14, r19	; 0x0e
     772:	4f 87       	std	Y+15, r20	; 0x0f
     774:	58 8b       	std	Y+16, r21	; 0x10
     776:	be 01       	movw	r22, r28
     778:	67 5f       	subi	r22, 0xF7	; 247
     77a:	7f 4f       	sbci	r23, 0xFF	; 255
     77c:	cb 01       	movw	r24, r22
     77e:	0e 94 a9 04 	call	0x952	; 0x952 <__pack_f>
     782:	68 96       	adiw	r28, 0x18	; 24
     784:	ea e0       	ldi	r30, 0x0A	; 10
     786:	0c 94 4e 1d 	jmp	0x3a9c	; 0x3a9c <__epilogue_restores__+0x10>

0000078a <__gtsf2>:
     78a:	a8 e1       	ldi	r26, 0x18	; 24
     78c:	b0 e0       	ldi	r27, 0x00	; 0
     78e:	eb ec       	ldi	r30, 0xCB	; 203
     790:	f3 e0       	ldi	r31, 0x03	; 3
     792:	0c 94 36 1d 	jmp	0x3a6c	; 0x3a6c <__prologue_saves__+0x18>
     796:	69 83       	std	Y+1, r22	; 0x01
     798:	7a 83       	std	Y+2, r23	; 0x02
     79a:	8b 83       	std	Y+3, r24	; 0x03
     79c:	9c 83       	std	Y+4, r25	; 0x04
     79e:	2d 83       	std	Y+5, r18	; 0x05
     7a0:	3e 83       	std	Y+6, r19	; 0x06
     7a2:	4f 83       	std	Y+7, r20	; 0x07
     7a4:	58 87       	std	Y+8, r21	; 0x08
     7a6:	89 e0       	ldi	r24, 0x09	; 9
     7a8:	e8 2e       	mov	r14, r24
     7aa:	f1 2c       	mov	r15, r1
     7ac:	ec 0e       	add	r14, r28
     7ae:	fd 1e       	adc	r15, r29
     7b0:	ce 01       	movw	r24, r28
     7b2:	01 96       	adiw	r24, 0x01	; 1
     7b4:	b7 01       	movw	r22, r14
     7b6:	0e 94 7e 05 	call	0xafc	; 0xafc <__unpack_f>
     7ba:	8e 01       	movw	r16, r28
     7bc:	0f 5e       	subi	r16, 0xEF	; 239
     7be:	1f 4f       	sbci	r17, 0xFF	; 255
     7c0:	ce 01       	movw	r24, r28
     7c2:	05 96       	adiw	r24, 0x05	; 5
     7c4:	b8 01       	movw	r22, r16
     7c6:	0e 94 7e 05 	call	0xafc	; 0xafc <__unpack_f>
     7ca:	89 85       	ldd	r24, Y+9	; 0x09
     7cc:	82 30       	cpi	r24, 0x02	; 2
     7ce:	40 f0       	brcs	.+16     	; 0x7e0 <__gtsf2+0x56>
     7d0:	89 89       	ldd	r24, Y+17	; 0x11
     7d2:	82 30       	cpi	r24, 0x02	; 2
     7d4:	28 f0       	brcs	.+10     	; 0x7e0 <__gtsf2+0x56>
     7d6:	c7 01       	movw	r24, r14
     7d8:	b8 01       	movw	r22, r16
     7da:	0e 94 f6 05 	call	0xbec	; 0xbec <__fpcmp_parts_f>
     7de:	01 c0       	rjmp	.+2      	; 0x7e2 <__gtsf2+0x58>
     7e0:	8f ef       	ldi	r24, 0xFF	; 255
     7e2:	68 96       	adiw	r28, 0x18	; 24
     7e4:	e6 e0       	ldi	r30, 0x06	; 6
     7e6:	0c 94 52 1d 	jmp	0x3aa4	; 0x3aa4 <__epilogue_restores__+0x18>

000007ea <__gesf2>:
     7ea:	a8 e1       	ldi	r26, 0x18	; 24
     7ec:	b0 e0       	ldi	r27, 0x00	; 0
     7ee:	eb ef       	ldi	r30, 0xFB	; 251
     7f0:	f3 e0       	ldi	r31, 0x03	; 3
     7f2:	0c 94 36 1d 	jmp	0x3a6c	; 0x3a6c <__prologue_saves__+0x18>
     7f6:	69 83       	std	Y+1, r22	; 0x01
     7f8:	7a 83       	std	Y+2, r23	; 0x02
     7fa:	8b 83       	std	Y+3, r24	; 0x03
     7fc:	9c 83       	std	Y+4, r25	; 0x04
     7fe:	2d 83       	std	Y+5, r18	; 0x05
     800:	3e 83       	std	Y+6, r19	; 0x06
     802:	4f 83       	std	Y+7, r20	; 0x07
     804:	58 87       	std	Y+8, r21	; 0x08
     806:	89 e0       	ldi	r24, 0x09	; 9
     808:	e8 2e       	mov	r14, r24
     80a:	f1 2c       	mov	r15, r1
     80c:	ec 0e       	add	r14, r28
     80e:	fd 1e       	adc	r15, r29
     810:	ce 01       	movw	r24, r28
     812:	01 96       	adiw	r24, 0x01	; 1
     814:	b7 01       	movw	r22, r14
     816:	0e 94 7e 05 	call	0xafc	; 0xafc <__unpack_f>
     81a:	8e 01       	movw	r16, r28
     81c:	0f 5e       	subi	r16, 0xEF	; 239
     81e:	1f 4f       	sbci	r17, 0xFF	; 255
     820:	ce 01       	movw	r24, r28
     822:	05 96       	adiw	r24, 0x05	; 5
     824:	b8 01       	movw	r22, r16
     826:	0e 94 7e 05 	call	0xafc	; 0xafc <__unpack_f>
     82a:	89 85       	ldd	r24, Y+9	; 0x09
     82c:	82 30       	cpi	r24, 0x02	; 2
     82e:	40 f0       	brcs	.+16     	; 0x840 <__gesf2+0x56>
     830:	89 89       	ldd	r24, Y+17	; 0x11
     832:	82 30       	cpi	r24, 0x02	; 2
     834:	28 f0       	brcs	.+10     	; 0x840 <__gesf2+0x56>
     836:	c7 01       	movw	r24, r14
     838:	b8 01       	movw	r22, r16
     83a:	0e 94 f6 05 	call	0xbec	; 0xbec <__fpcmp_parts_f>
     83e:	01 c0       	rjmp	.+2      	; 0x842 <__gesf2+0x58>
     840:	8f ef       	ldi	r24, 0xFF	; 255
     842:	68 96       	adiw	r28, 0x18	; 24
     844:	e6 e0       	ldi	r30, 0x06	; 6
     846:	0c 94 52 1d 	jmp	0x3aa4	; 0x3aa4 <__epilogue_restores__+0x18>

0000084a <__ltsf2>:
     84a:	a8 e1       	ldi	r26, 0x18	; 24
     84c:	b0 e0       	ldi	r27, 0x00	; 0
     84e:	eb e2       	ldi	r30, 0x2B	; 43
     850:	f4 e0       	ldi	r31, 0x04	; 4
     852:	0c 94 36 1d 	jmp	0x3a6c	; 0x3a6c <__prologue_saves__+0x18>
     856:	69 83       	std	Y+1, r22	; 0x01
     858:	7a 83       	std	Y+2, r23	; 0x02
     85a:	8b 83       	std	Y+3, r24	; 0x03
     85c:	9c 83       	std	Y+4, r25	; 0x04
     85e:	2d 83       	std	Y+5, r18	; 0x05
     860:	3e 83       	std	Y+6, r19	; 0x06
     862:	4f 83       	std	Y+7, r20	; 0x07
     864:	58 87       	std	Y+8, r21	; 0x08
     866:	89 e0       	ldi	r24, 0x09	; 9
     868:	e8 2e       	mov	r14, r24
     86a:	f1 2c       	mov	r15, r1
     86c:	ec 0e       	add	r14, r28
     86e:	fd 1e       	adc	r15, r29
     870:	ce 01       	movw	r24, r28
     872:	01 96       	adiw	r24, 0x01	; 1
     874:	b7 01       	movw	r22, r14
     876:	0e 94 7e 05 	call	0xafc	; 0xafc <__unpack_f>
     87a:	8e 01       	movw	r16, r28
     87c:	0f 5e       	subi	r16, 0xEF	; 239
     87e:	1f 4f       	sbci	r17, 0xFF	; 255
     880:	ce 01       	movw	r24, r28
     882:	05 96       	adiw	r24, 0x05	; 5
     884:	b8 01       	movw	r22, r16
     886:	0e 94 7e 05 	call	0xafc	; 0xafc <__unpack_f>
     88a:	89 85       	ldd	r24, Y+9	; 0x09
     88c:	82 30       	cpi	r24, 0x02	; 2
     88e:	40 f0       	brcs	.+16     	; 0x8a0 <__stack+0x41>
     890:	89 89       	ldd	r24, Y+17	; 0x11
     892:	82 30       	cpi	r24, 0x02	; 2
     894:	28 f0       	brcs	.+10     	; 0x8a0 <__stack+0x41>
     896:	c7 01       	movw	r24, r14
     898:	b8 01       	movw	r22, r16
     89a:	0e 94 f6 05 	call	0xbec	; 0xbec <__fpcmp_parts_f>
     89e:	01 c0       	rjmp	.+2      	; 0x8a2 <__stack+0x43>
     8a0:	81 e0       	ldi	r24, 0x01	; 1
     8a2:	68 96       	adiw	r28, 0x18	; 24
     8a4:	e6 e0       	ldi	r30, 0x06	; 6
     8a6:	0c 94 52 1d 	jmp	0x3aa4	; 0x3aa4 <__epilogue_restores__+0x18>

000008aa <__fixsfsi>:
     8aa:	ac e0       	ldi	r26, 0x0C	; 12
     8ac:	b0 e0       	ldi	r27, 0x00	; 0
     8ae:	eb e5       	ldi	r30, 0x5B	; 91
     8b0:	f4 e0       	ldi	r31, 0x04	; 4
     8b2:	0c 94 3a 1d 	jmp	0x3a74	; 0x3a74 <__prologue_saves__+0x20>
     8b6:	69 83       	std	Y+1, r22	; 0x01
     8b8:	7a 83       	std	Y+2, r23	; 0x02
     8ba:	8b 83       	std	Y+3, r24	; 0x03
     8bc:	9c 83       	std	Y+4, r25	; 0x04
     8be:	ce 01       	movw	r24, r28
     8c0:	01 96       	adiw	r24, 0x01	; 1
     8c2:	be 01       	movw	r22, r28
     8c4:	6b 5f       	subi	r22, 0xFB	; 251
     8c6:	7f 4f       	sbci	r23, 0xFF	; 255
     8c8:	0e 94 7e 05 	call	0xafc	; 0xafc <__unpack_f>
     8cc:	8d 81       	ldd	r24, Y+5	; 0x05
     8ce:	82 30       	cpi	r24, 0x02	; 2
     8d0:	61 f1       	breq	.+88     	; 0x92a <__fixsfsi+0x80>
     8d2:	82 30       	cpi	r24, 0x02	; 2
     8d4:	50 f1       	brcs	.+84     	; 0x92a <__fixsfsi+0x80>
     8d6:	84 30       	cpi	r24, 0x04	; 4
     8d8:	21 f4       	brne	.+8      	; 0x8e2 <__fixsfsi+0x38>
     8da:	8e 81       	ldd	r24, Y+6	; 0x06
     8dc:	88 23       	and	r24, r24
     8de:	51 f1       	breq	.+84     	; 0x934 <__fixsfsi+0x8a>
     8e0:	2e c0       	rjmp	.+92     	; 0x93e <__fixsfsi+0x94>
     8e2:	2f 81       	ldd	r18, Y+7	; 0x07
     8e4:	38 85       	ldd	r19, Y+8	; 0x08
     8e6:	37 fd       	sbrc	r19, 7
     8e8:	20 c0       	rjmp	.+64     	; 0x92a <__fixsfsi+0x80>
     8ea:	6e 81       	ldd	r22, Y+6	; 0x06
     8ec:	2f 31       	cpi	r18, 0x1F	; 31
     8ee:	31 05       	cpc	r19, r1
     8f0:	1c f0       	brlt	.+6      	; 0x8f8 <__fixsfsi+0x4e>
     8f2:	66 23       	and	r22, r22
     8f4:	f9 f0       	breq	.+62     	; 0x934 <__fixsfsi+0x8a>
     8f6:	23 c0       	rjmp	.+70     	; 0x93e <__fixsfsi+0x94>
     8f8:	8e e1       	ldi	r24, 0x1E	; 30
     8fa:	90 e0       	ldi	r25, 0x00	; 0
     8fc:	82 1b       	sub	r24, r18
     8fe:	93 0b       	sbc	r25, r19
     900:	29 85       	ldd	r18, Y+9	; 0x09
     902:	3a 85       	ldd	r19, Y+10	; 0x0a
     904:	4b 85       	ldd	r20, Y+11	; 0x0b
     906:	5c 85       	ldd	r21, Y+12	; 0x0c
     908:	04 c0       	rjmp	.+8      	; 0x912 <__fixsfsi+0x68>
     90a:	56 95       	lsr	r21
     90c:	47 95       	ror	r20
     90e:	37 95       	ror	r19
     910:	27 95       	ror	r18
     912:	8a 95       	dec	r24
     914:	d2 f7       	brpl	.-12     	; 0x90a <__fixsfsi+0x60>
     916:	66 23       	and	r22, r22
     918:	b1 f0       	breq	.+44     	; 0x946 <__fixsfsi+0x9c>
     91a:	50 95       	com	r21
     91c:	40 95       	com	r20
     91e:	30 95       	com	r19
     920:	21 95       	neg	r18
     922:	3f 4f       	sbci	r19, 0xFF	; 255
     924:	4f 4f       	sbci	r20, 0xFF	; 255
     926:	5f 4f       	sbci	r21, 0xFF	; 255
     928:	0e c0       	rjmp	.+28     	; 0x946 <__fixsfsi+0x9c>
     92a:	20 e0       	ldi	r18, 0x00	; 0
     92c:	30 e0       	ldi	r19, 0x00	; 0
     92e:	40 e0       	ldi	r20, 0x00	; 0
     930:	50 e0       	ldi	r21, 0x00	; 0
     932:	09 c0       	rjmp	.+18     	; 0x946 <__fixsfsi+0x9c>
     934:	2f ef       	ldi	r18, 0xFF	; 255
     936:	3f ef       	ldi	r19, 0xFF	; 255
     938:	4f ef       	ldi	r20, 0xFF	; 255
     93a:	5f e7       	ldi	r21, 0x7F	; 127
     93c:	04 c0       	rjmp	.+8      	; 0x946 <__fixsfsi+0x9c>
     93e:	20 e0       	ldi	r18, 0x00	; 0
     940:	30 e0       	ldi	r19, 0x00	; 0
     942:	40 e0       	ldi	r20, 0x00	; 0
     944:	50 e8       	ldi	r21, 0x80	; 128
     946:	b9 01       	movw	r22, r18
     948:	ca 01       	movw	r24, r20
     94a:	2c 96       	adiw	r28, 0x0c	; 12
     94c:	e2 e0       	ldi	r30, 0x02	; 2
     94e:	0c 94 56 1d 	jmp	0x3aac	; 0x3aac <__epilogue_restores__+0x20>

00000952 <__pack_f>:
     952:	df 92       	push	r13
     954:	ef 92       	push	r14
     956:	ff 92       	push	r15
     958:	0f 93       	push	r16
     95a:	1f 93       	push	r17
     95c:	fc 01       	movw	r30, r24
     95e:	e4 80       	ldd	r14, Z+4	; 0x04
     960:	f5 80       	ldd	r15, Z+5	; 0x05
     962:	06 81       	ldd	r16, Z+6	; 0x06
     964:	17 81       	ldd	r17, Z+7	; 0x07
     966:	d1 80       	ldd	r13, Z+1	; 0x01
     968:	80 81       	ld	r24, Z
     96a:	82 30       	cpi	r24, 0x02	; 2
     96c:	48 f4       	brcc	.+18     	; 0x980 <__pack_f+0x2e>
     96e:	80 e0       	ldi	r24, 0x00	; 0
     970:	90 e0       	ldi	r25, 0x00	; 0
     972:	a0 e1       	ldi	r26, 0x10	; 16
     974:	b0 e0       	ldi	r27, 0x00	; 0
     976:	e8 2a       	or	r14, r24
     978:	f9 2a       	or	r15, r25
     97a:	0a 2b       	or	r16, r26
     97c:	1b 2b       	or	r17, r27
     97e:	a5 c0       	rjmp	.+330    	; 0xaca <__pack_f+0x178>
     980:	84 30       	cpi	r24, 0x04	; 4
     982:	09 f4       	brne	.+2      	; 0x986 <__pack_f+0x34>
     984:	9f c0       	rjmp	.+318    	; 0xac4 <__pack_f+0x172>
     986:	82 30       	cpi	r24, 0x02	; 2
     988:	21 f4       	brne	.+8      	; 0x992 <__pack_f+0x40>
     98a:	ee 24       	eor	r14, r14
     98c:	ff 24       	eor	r15, r15
     98e:	87 01       	movw	r16, r14
     990:	05 c0       	rjmp	.+10     	; 0x99c <__pack_f+0x4a>
     992:	e1 14       	cp	r14, r1
     994:	f1 04       	cpc	r15, r1
     996:	01 05       	cpc	r16, r1
     998:	11 05       	cpc	r17, r1
     99a:	19 f4       	brne	.+6      	; 0x9a2 <__pack_f+0x50>
     99c:	e0 e0       	ldi	r30, 0x00	; 0
     99e:	f0 e0       	ldi	r31, 0x00	; 0
     9a0:	96 c0       	rjmp	.+300    	; 0xace <__pack_f+0x17c>
     9a2:	62 81       	ldd	r22, Z+2	; 0x02
     9a4:	73 81       	ldd	r23, Z+3	; 0x03
     9a6:	9f ef       	ldi	r25, 0xFF	; 255
     9a8:	62 38       	cpi	r22, 0x82	; 130
     9aa:	79 07       	cpc	r23, r25
     9ac:	0c f0       	brlt	.+2      	; 0x9b0 <__pack_f+0x5e>
     9ae:	5b c0       	rjmp	.+182    	; 0xa66 <__pack_f+0x114>
     9b0:	22 e8       	ldi	r18, 0x82	; 130
     9b2:	3f ef       	ldi	r19, 0xFF	; 255
     9b4:	26 1b       	sub	r18, r22
     9b6:	37 0b       	sbc	r19, r23
     9b8:	2a 31       	cpi	r18, 0x1A	; 26
     9ba:	31 05       	cpc	r19, r1
     9bc:	2c f0       	brlt	.+10     	; 0x9c8 <__pack_f+0x76>
     9be:	20 e0       	ldi	r18, 0x00	; 0
     9c0:	30 e0       	ldi	r19, 0x00	; 0
     9c2:	40 e0       	ldi	r20, 0x00	; 0
     9c4:	50 e0       	ldi	r21, 0x00	; 0
     9c6:	2a c0       	rjmp	.+84     	; 0xa1c <__pack_f+0xca>
     9c8:	b8 01       	movw	r22, r16
     9ca:	a7 01       	movw	r20, r14
     9cc:	02 2e       	mov	r0, r18
     9ce:	04 c0       	rjmp	.+8      	; 0x9d8 <__pack_f+0x86>
     9d0:	76 95       	lsr	r23
     9d2:	67 95       	ror	r22
     9d4:	57 95       	ror	r21
     9d6:	47 95       	ror	r20
     9d8:	0a 94       	dec	r0
     9da:	d2 f7       	brpl	.-12     	; 0x9d0 <__pack_f+0x7e>
     9dc:	81 e0       	ldi	r24, 0x01	; 1
     9de:	90 e0       	ldi	r25, 0x00	; 0
     9e0:	a0 e0       	ldi	r26, 0x00	; 0
     9e2:	b0 e0       	ldi	r27, 0x00	; 0
     9e4:	04 c0       	rjmp	.+8      	; 0x9ee <__pack_f+0x9c>
     9e6:	88 0f       	add	r24, r24
     9e8:	99 1f       	adc	r25, r25
     9ea:	aa 1f       	adc	r26, r26
     9ec:	bb 1f       	adc	r27, r27
     9ee:	2a 95       	dec	r18
     9f0:	d2 f7       	brpl	.-12     	; 0x9e6 <__pack_f+0x94>
     9f2:	01 97       	sbiw	r24, 0x01	; 1
     9f4:	a1 09       	sbc	r26, r1
     9f6:	b1 09       	sbc	r27, r1
     9f8:	8e 21       	and	r24, r14
     9fa:	9f 21       	and	r25, r15
     9fc:	a0 23       	and	r26, r16
     9fe:	b1 23       	and	r27, r17
     a00:	00 97       	sbiw	r24, 0x00	; 0
     a02:	a1 05       	cpc	r26, r1
     a04:	b1 05       	cpc	r27, r1
     a06:	21 f0       	breq	.+8      	; 0xa10 <__pack_f+0xbe>
     a08:	81 e0       	ldi	r24, 0x01	; 1
     a0a:	90 e0       	ldi	r25, 0x00	; 0
     a0c:	a0 e0       	ldi	r26, 0x00	; 0
     a0e:	b0 e0       	ldi	r27, 0x00	; 0
     a10:	9a 01       	movw	r18, r20
     a12:	ab 01       	movw	r20, r22
     a14:	28 2b       	or	r18, r24
     a16:	39 2b       	or	r19, r25
     a18:	4a 2b       	or	r20, r26
     a1a:	5b 2b       	or	r21, r27
     a1c:	da 01       	movw	r26, r20
     a1e:	c9 01       	movw	r24, r18
     a20:	8f 77       	andi	r24, 0x7F	; 127
     a22:	90 70       	andi	r25, 0x00	; 0
     a24:	a0 70       	andi	r26, 0x00	; 0
     a26:	b0 70       	andi	r27, 0x00	; 0
     a28:	80 34       	cpi	r24, 0x40	; 64
     a2a:	91 05       	cpc	r25, r1
     a2c:	a1 05       	cpc	r26, r1
     a2e:	b1 05       	cpc	r27, r1
     a30:	39 f4       	brne	.+14     	; 0xa40 <__pack_f+0xee>
     a32:	27 ff       	sbrs	r18, 7
     a34:	09 c0       	rjmp	.+18     	; 0xa48 <__pack_f+0xf6>
     a36:	20 5c       	subi	r18, 0xC0	; 192
     a38:	3f 4f       	sbci	r19, 0xFF	; 255
     a3a:	4f 4f       	sbci	r20, 0xFF	; 255
     a3c:	5f 4f       	sbci	r21, 0xFF	; 255
     a3e:	04 c0       	rjmp	.+8      	; 0xa48 <__pack_f+0xf6>
     a40:	21 5c       	subi	r18, 0xC1	; 193
     a42:	3f 4f       	sbci	r19, 0xFF	; 255
     a44:	4f 4f       	sbci	r20, 0xFF	; 255
     a46:	5f 4f       	sbci	r21, 0xFF	; 255
     a48:	e0 e0       	ldi	r30, 0x00	; 0
     a4a:	f0 e0       	ldi	r31, 0x00	; 0
     a4c:	20 30       	cpi	r18, 0x00	; 0
     a4e:	a0 e0       	ldi	r26, 0x00	; 0
     a50:	3a 07       	cpc	r19, r26
     a52:	a0 e0       	ldi	r26, 0x00	; 0
     a54:	4a 07       	cpc	r20, r26
     a56:	a0 e4       	ldi	r26, 0x40	; 64
     a58:	5a 07       	cpc	r21, r26
     a5a:	10 f0       	brcs	.+4      	; 0xa60 <__pack_f+0x10e>
     a5c:	e1 e0       	ldi	r30, 0x01	; 1
     a5e:	f0 e0       	ldi	r31, 0x00	; 0
     a60:	79 01       	movw	r14, r18
     a62:	8a 01       	movw	r16, r20
     a64:	27 c0       	rjmp	.+78     	; 0xab4 <__pack_f+0x162>
     a66:	60 38       	cpi	r22, 0x80	; 128
     a68:	71 05       	cpc	r23, r1
     a6a:	64 f5       	brge	.+88     	; 0xac4 <__pack_f+0x172>
     a6c:	fb 01       	movw	r30, r22
     a6e:	e1 58       	subi	r30, 0x81	; 129
     a70:	ff 4f       	sbci	r31, 0xFF	; 255
     a72:	d8 01       	movw	r26, r16
     a74:	c7 01       	movw	r24, r14
     a76:	8f 77       	andi	r24, 0x7F	; 127
     a78:	90 70       	andi	r25, 0x00	; 0
     a7a:	a0 70       	andi	r26, 0x00	; 0
     a7c:	b0 70       	andi	r27, 0x00	; 0
     a7e:	80 34       	cpi	r24, 0x40	; 64
     a80:	91 05       	cpc	r25, r1
     a82:	a1 05       	cpc	r26, r1
     a84:	b1 05       	cpc	r27, r1
     a86:	39 f4       	brne	.+14     	; 0xa96 <__pack_f+0x144>
     a88:	e7 fe       	sbrs	r14, 7
     a8a:	0d c0       	rjmp	.+26     	; 0xaa6 <__pack_f+0x154>
     a8c:	80 e4       	ldi	r24, 0x40	; 64
     a8e:	90 e0       	ldi	r25, 0x00	; 0
     a90:	a0 e0       	ldi	r26, 0x00	; 0
     a92:	b0 e0       	ldi	r27, 0x00	; 0
     a94:	04 c0       	rjmp	.+8      	; 0xa9e <__pack_f+0x14c>
     a96:	8f e3       	ldi	r24, 0x3F	; 63
     a98:	90 e0       	ldi	r25, 0x00	; 0
     a9a:	a0 e0       	ldi	r26, 0x00	; 0
     a9c:	b0 e0       	ldi	r27, 0x00	; 0
     a9e:	e8 0e       	add	r14, r24
     aa0:	f9 1e       	adc	r15, r25
     aa2:	0a 1f       	adc	r16, r26
     aa4:	1b 1f       	adc	r17, r27
     aa6:	17 ff       	sbrs	r17, 7
     aa8:	05 c0       	rjmp	.+10     	; 0xab4 <__pack_f+0x162>
     aaa:	16 95       	lsr	r17
     aac:	07 95       	ror	r16
     aae:	f7 94       	ror	r15
     ab0:	e7 94       	ror	r14
     ab2:	31 96       	adiw	r30, 0x01	; 1
     ab4:	87 e0       	ldi	r24, 0x07	; 7
     ab6:	16 95       	lsr	r17
     ab8:	07 95       	ror	r16
     aba:	f7 94       	ror	r15
     abc:	e7 94       	ror	r14
     abe:	8a 95       	dec	r24
     ac0:	d1 f7       	brne	.-12     	; 0xab6 <__pack_f+0x164>
     ac2:	05 c0       	rjmp	.+10     	; 0xace <__pack_f+0x17c>
     ac4:	ee 24       	eor	r14, r14
     ac6:	ff 24       	eor	r15, r15
     ac8:	87 01       	movw	r16, r14
     aca:	ef ef       	ldi	r30, 0xFF	; 255
     acc:	f0 e0       	ldi	r31, 0x00	; 0
     ace:	6e 2f       	mov	r22, r30
     ad0:	67 95       	ror	r22
     ad2:	66 27       	eor	r22, r22
     ad4:	67 95       	ror	r22
     ad6:	90 2f       	mov	r25, r16
     ad8:	9f 77       	andi	r25, 0x7F	; 127
     ada:	d7 94       	ror	r13
     adc:	dd 24       	eor	r13, r13
     ade:	d7 94       	ror	r13
     ae0:	8e 2f       	mov	r24, r30
     ae2:	86 95       	lsr	r24
     ae4:	49 2f       	mov	r20, r25
     ae6:	46 2b       	or	r20, r22
     ae8:	58 2f       	mov	r21, r24
     aea:	5d 29       	or	r21, r13
     aec:	b7 01       	movw	r22, r14
     aee:	ca 01       	movw	r24, r20
     af0:	1f 91       	pop	r17
     af2:	0f 91       	pop	r16
     af4:	ff 90       	pop	r15
     af6:	ef 90       	pop	r14
     af8:	df 90       	pop	r13
     afa:	08 95       	ret

00000afc <__unpack_f>:
     afc:	fc 01       	movw	r30, r24
     afe:	db 01       	movw	r26, r22
     b00:	40 81       	ld	r20, Z
     b02:	51 81       	ldd	r21, Z+1	; 0x01
     b04:	22 81       	ldd	r18, Z+2	; 0x02
     b06:	62 2f       	mov	r22, r18
     b08:	6f 77       	andi	r22, 0x7F	; 127
     b0a:	70 e0       	ldi	r23, 0x00	; 0
     b0c:	22 1f       	adc	r18, r18
     b0e:	22 27       	eor	r18, r18
     b10:	22 1f       	adc	r18, r18
     b12:	93 81       	ldd	r25, Z+3	; 0x03
     b14:	89 2f       	mov	r24, r25
     b16:	88 0f       	add	r24, r24
     b18:	82 2b       	or	r24, r18
     b1a:	28 2f       	mov	r18, r24
     b1c:	30 e0       	ldi	r19, 0x00	; 0
     b1e:	99 1f       	adc	r25, r25
     b20:	99 27       	eor	r25, r25
     b22:	99 1f       	adc	r25, r25
     b24:	11 96       	adiw	r26, 0x01	; 1
     b26:	9c 93       	st	X, r25
     b28:	11 97       	sbiw	r26, 0x01	; 1
     b2a:	21 15       	cp	r18, r1
     b2c:	31 05       	cpc	r19, r1
     b2e:	a9 f5       	brne	.+106    	; 0xb9a <__unpack_f+0x9e>
     b30:	41 15       	cp	r20, r1
     b32:	51 05       	cpc	r21, r1
     b34:	61 05       	cpc	r22, r1
     b36:	71 05       	cpc	r23, r1
     b38:	11 f4       	brne	.+4      	; 0xb3e <__unpack_f+0x42>
     b3a:	82 e0       	ldi	r24, 0x02	; 2
     b3c:	37 c0       	rjmp	.+110    	; 0xbac <__unpack_f+0xb0>
     b3e:	82 e8       	ldi	r24, 0x82	; 130
     b40:	9f ef       	ldi	r25, 0xFF	; 255
     b42:	13 96       	adiw	r26, 0x03	; 3
     b44:	9c 93       	st	X, r25
     b46:	8e 93       	st	-X, r24
     b48:	12 97       	sbiw	r26, 0x02	; 2
     b4a:	9a 01       	movw	r18, r20
     b4c:	ab 01       	movw	r20, r22
     b4e:	67 e0       	ldi	r22, 0x07	; 7
     b50:	22 0f       	add	r18, r18
     b52:	33 1f       	adc	r19, r19
     b54:	44 1f       	adc	r20, r20
     b56:	55 1f       	adc	r21, r21
     b58:	6a 95       	dec	r22
     b5a:	d1 f7       	brne	.-12     	; 0xb50 <__unpack_f+0x54>
     b5c:	83 e0       	ldi	r24, 0x03	; 3
     b5e:	8c 93       	st	X, r24
     b60:	0d c0       	rjmp	.+26     	; 0xb7c <__unpack_f+0x80>
     b62:	22 0f       	add	r18, r18
     b64:	33 1f       	adc	r19, r19
     b66:	44 1f       	adc	r20, r20
     b68:	55 1f       	adc	r21, r21
     b6a:	12 96       	adiw	r26, 0x02	; 2
     b6c:	8d 91       	ld	r24, X+
     b6e:	9c 91       	ld	r25, X
     b70:	13 97       	sbiw	r26, 0x03	; 3
     b72:	01 97       	sbiw	r24, 0x01	; 1
     b74:	13 96       	adiw	r26, 0x03	; 3
     b76:	9c 93       	st	X, r25
     b78:	8e 93       	st	-X, r24
     b7a:	12 97       	sbiw	r26, 0x02	; 2
     b7c:	20 30       	cpi	r18, 0x00	; 0
     b7e:	80 e0       	ldi	r24, 0x00	; 0
     b80:	38 07       	cpc	r19, r24
     b82:	80 e0       	ldi	r24, 0x00	; 0
     b84:	48 07       	cpc	r20, r24
     b86:	80 e4       	ldi	r24, 0x40	; 64
     b88:	58 07       	cpc	r21, r24
     b8a:	58 f3       	brcs	.-42     	; 0xb62 <__unpack_f+0x66>
     b8c:	14 96       	adiw	r26, 0x04	; 4
     b8e:	2d 93       	st	X+, r18
     b90:	3d 93       	st	X+, r19
     b92:	4d 93       	st	X+, r20
     b94:	5c 93       	st	X, r21
     b96:	17 97       	sbiw	r26, 0x07	; 7
     b98:	08 95       	ret
     b9a:	2f 3f       	cpi	r18, 0xFF	; 255
     b9c:	31 05       	cpc	r19, r1
     b9e:	79 f4       	brne	.+30     	; 0xbbe <__unpack_f+0xc2>
     ba0:	41 15       	cp	r20, r1
     ba2:	51 05       	cpc	r21, r1
     ba4:	61 05       	cpc	r22, r1
     ba6:	71 05       	cpc	r23, r1
     ba8:	19 f4       	brne	.+6      	; 0xbb0 <__unpack_f+0xb4>
     baa:	84 e0       	ldi	r24, 0x04	; 4
     bac:	8c 93       	st	X, r24
     bae:	08 95       	ret
     bb0:	64 ff       	sbrs	r22, 4
     bb2:	03 c0       	rjmp	.+6      	; 0xbba <__unpack_f+0xbe>
     bb4:	81 e0       	ldi	r24, 0x01	; 1
     bb6:	8c 93       	st	X, r24
     bb8:	12 c0       	rjmp	.+36     	; 0xbde <__unpack_f+0xe2>
     bba:	1c 92       	st	X, r1
     bbc:	10 c0       	rjmp	.+32     	; 0xbde <__unpack_f+0xe2>
     bbe:	2f 57       	subi	r18, 0x7F	; 127
     bc0:	30 40       	sbci	r19, 0x00	; 0
     bc2:	13 96       	adiw	r26, 0x03	; 3
     bc4:	3c 93       	st	X, r19
     bc6:	2e 93       	st	-X, r18
     bc8:	12 97       	sbiw	r26, 0x02	; 2
     bca:	83 e0       	ldi	r24, 0x03	; 3
     bcc:	8c 93       	st	X, r24
     bce:	87 e0       	ldi	r24, 0x07	; 7
     bd0:	44 0f       	add	r20, r20
     bd2:	55 1f       	adc	r21, r21
     bd4:	66 1f       	adc	r22, r22
     bd6:	77 1f       	adc	r23, r23
     bd8:	8a 95       	dec	r24
     bda:	d1 f7       	brne	.-12     	; 0xbd0 <__unpack_f+0xd4>
     bdc:	70 64       	ori	r23, 0x40	; 64
     bde:	14 96       	adiw	r26, 0x04	; 4
     be0:	4d 93       	st	X+, r20
     be2:	5d 93       	st	X+, r21
     be4:	6d 93       	st	X+, r22
     be6:	7c 93       	st	X, r23
     be8:	17 97       	sbiw	r26, 0x07	; 7
     bea:	08 95       	ret

00000bec <__fpcmp_parts_f>:
     bec:	1f 93       	push	r17
     bee:	dc 01       	movw	r26, r24
     bf0:	fb 01       	movw	r30, r22
     bf2:	9c 91       	ld	r25, X
     bf4:	92 30       	cpi	r25, 0x02	; 2
     bf6:	08 f4       	brcc	.+2      	; 0xbfa <__fpcmp_parts_f+0xe>
     bf8:	47 c0       	rjmp	.+142    	; 0xc88 <__fpcmp_parts_f+0x9c>
     bfa:	80 81       	ld	r24, Z
     bfc:	82 30       	cpi	r24, 0x02	; 2
     bfe:	08 f4       	brcc	.+2      	; 0xc02 <__fpcmp_parts_f+0x16>
     c00:	43 c0       	rjmp	.+134    	; 0xc88 <__fpcmp_parts_f+0x9c>
     c02:	94 30       	cpi	r25, 0x04	; 4
     c04:	51 f4       	brne	.+20     	; 0xc1a <__fpcmp_parts_f+0x2e>
     c06:	11 96       	adiw	r26, 0x01	; 1
     c08:	1c 91       	ld	r17, X
     c0a:	84 30       	cpi	r24, 0x04	; 4
     c0c:	99 f5       	brne	.+102    	; 0xc74 <__fpcmp_parts_f+0x88>
     c0e:	81 81       	ldd	r24, Z+1	; 0x01
     c10:	68 2f       	mov	r22, r24
     c12:	70 e0       	ldi	r23, 0x00	; 0
     c14:	61 1b       	sub	r22, r17
     c16:	71 09       	sbc	r23, r1
     c18:	3f c0       	rjmp	.+126    	; 0xc98 <__fpcmp_parts_f+0xac>
     c1a:	84 30       	cpi	r24, 0x04	; 4
     c1c:	21 f0       	breq	.+8      	; 0xc26 <__fpcmp_parts_f+0x3a>
     c1e:	92 30       	cpi	r25, 0x02	; 2
     c20:	31 f4       	brne	.+12     	; 0xc2e <__fpcmp_parts_f+0x42>
     c22:	82 30       	cpi	r24, 0x02	; 2
     c24:	b9 f1       	breq	.+110    	; 0xc94 <__fpcmp_parts_f+0xa8>
     c26:	81 81       	ldd	r24, Z+1	; 0x01
     c28:	88 23       	and	r24, r24
     c2a:	89 f1       	breq	.+98     	; 0xc8e <__fpcmp_parts_f+0xa2>
     c2c:	2d c0       	rjmp	.+90     	; 0xc88 <__fpcmp_parts_f+0x9c>
     c2e:	11 96       	adiw	r26, 0x01	; 1
     c30:	1c 91       	ld	r17, X
     c32:	11 97       	sbiw	r26, 0x01	; 1
     c34:	82 30       	cpi	r24, 0x02	; 2
     c36:	f1 f0       	breq	.+60     	; 0xc74 <__fpcmp_parts_f+0x88>
     c38:	81 81       	ldd	r24, Z+1	; 0x01
     c3a:	18 17       	cp	r17, r24
     c3c:	d9 f4       	brne	.+54     	; 0xc74 <__fpcmp_parts_f+0x88>
     c3e:	12 96       	adiw	r26, 0x02	; 2
     c40:	2d 91       	ld	r18, X+
     c42:	3c 91       	ld	r19, X
     c44:	13 97       	sbiw	r26, 0x03	; 3
     c46:	82 81       	ldd	r24, Z+2	; 0x02
     c48:	93 81       	ldd	r25, Z+3	; 0x03
     c4a:	82 17       	cp	r24, r18
     c4c:	93 07       	cpc	r25, r19
     c4e:	94 f0       	brlt	.+36     	; 0xc74 <__fpcmp_parts_f+0x88>
     c50:	28 17       	cp	r18, r24
     c52:	39 07       	cpc	r19, r25
     c54:	bc f0       	brlt	.+46     	; 0xc84 <__fpcmp_parts_f+0x98>
     c56:	14 96       	adiw	r26, 0x04	; 4
     c58:	8d 91       	ld	r24, X+
     c5a:	9d 91       	ld	r25, X+
     c5c:	0d 90       	ld	r0, X+
     c5e:	bc 91       	ld	r27, X
     c60:	a0 2d       	mov	r26, r0
     c62:	24 81       	ldd	r18, Z+4	; 0x04
     c64:	35 81       	ldd	r19, Z+5	; 0x05
     c66:	46 81       	ldd	r20, Z+6	; 0x06
     c68:	57 81       	ldd	r21, Z+7	; 0x07
     c6a:	28 17       	cp	r18, r24
     c6c:	39 07       	cpc	r19, r25
     c6e:	4a 07       	cpc	r20, r26
     c70:	5b 07       	cpc	r21, r27
     c72:	18 f4       	brcc	.+6      	; 0xc7a <__fpcmp_parts_f+0x8e>
     c74:	11 23       	and	r17, r17
     c76:	41 f0       	breq	.+16     	; 0xc88 <__fpcmp_parts_f+0x9c>
     c78:	0a c0       	rjmp	.+20     	; 0xc8e <__fpcmp_parts_f+0xa2>
     c7a:	82 17       	cp	r24, r18
     c7c:	93 07       	cpc	r25, r19
     c7e:	a4 07       	cpc	r26, r20
     c80:	b5 07       	cpc	r27, r21
     c82:	40 f4       	brcc	.+16     	; 0xc94 <__fpcmp_parts_f+0xa8>
     c84:	11 23       	and	r17, r17
     c86:	19 f0       	breq	.+6      	; 0xc8e <__fpcmp_parts_f+0xa2>
     c88:	61 e0       	ldi	r22, 0x01	; 1
     c8a:	70 e0       	ldi	r23, 0x00	; 0
     c8c:	05 c0       	rjmp	.+10     	; 0xc98 <__fpcmp_parts_f+0xac>
     c8e:	6f ef       	ldi	r22, 0xFF	; 255
     c90:	7f ef       	ldi	r23, 0xFF	; 255
     c92:	02 c0       	rjmp	.+4      	; 0xc98 <__fpcmp_parts_f+0xac>
     c94:	60 e0       	ldi	r22, 0x00	; 0
     c96:	70 e0       	ldi	r23, 0x00	; 0
     c98:	cb 01       	movw	r24, r22
     c9a:	1f 91       	pop	r17
     c9c:	08 95       	ret

00000c9e <MUSART_vINIT>:

#include "USART_int.h"
#include "USART_prv.h"

void MUSART_vINIT(void)
{
     c9e:	df 93       	push	r29
     ca0:	cf 93       	push	r28
     ca2:	cd b7       	in	r28, 0x3d	; 61
     ca4:	de b7       	in	r29, 0x3e	; 62
	// Configure Full-Duplex Mode
	UCSRB = 0b00011000;
     ca6:	ea e2       	ldi	r30, 0x2A	; 42
     ca8:	f0 e0       	ldi	r31, 0x00	; 0
     caa:	88 e1       	ldi	r24, 0x18	; 24
     cac:	80 83       	st	Z, r24

	// Enable UCSRC >> Synchronous >> No parity >> 1 Stop Bit >> 8 Bit Data >> No Clock Polarity
	UCSRC = 0b10000110;
     cae:	e0 e4       	ldi	r30, 0x40	; 64
     cb0:	f0 e0       	ldi	r31, 0x00	; 0
     cb2:	86 e8       	ldi	r24, 0x86	; 134
     cb4:	80 83       	st	Z, r24

	// BAUD RATE = 9600 >> 51 (UBRRL) , 0 (UBRRH)
	UBRRL = 51;
     cb6:	e9 e2       	ldi	r30, 0x29	; 41
     cb8:	f0 e0       	ldi	r31, 0x00	; 0
     cba:	83 e3       	ldi	r24, 0x33	; 51
     cbc:	80 83       	st	Z, r24
	UBRRH = 0;
     cbe:	e0 e4       	ldi	r30, 0x40	; 64
     cc0:	f0 e0       	ldi	r31, 0x00	; 0
     cc2:	10 82       	st	Z, r1

}
     cc4:	cf 91       	pop	r28
     cc6:	df 91       	pop	r29
     cc8:	08 95       	ret

00000cca <MUSART_vTransmit>:

void MUSART_vTransmit(u8 A_u8Byte)
{
     cca:	df 93       	push	r29
     ccc:	cf 93       	push	r28
     cce:	0f 92       	push	r0
     cd0:	cd b7       	in	r28, 0x3d	; 61
     cd2:	de b7       	in	r29, 0x3e	; 62
     cd4:	89 83       	std	Y+1, r24	; 0x01
	// Check UDR Empty
	while(! GET_BIT(UCSRA , 5));
     cd6:	eb e2       	ldi	r30, 0x2B	; 43
     cd8:	f0 e0       	ldi	r31, 0x00	; 0
     cda:	80 81       	ld	r24, Z
     cdc:	82 95       	swap	r24
     cde:	86 95       	lsr	r24
     ce0:	87 70       	andi	r24, 0x07	; 7
     ce2:	88 2f       	mov	r24, r24
     ce4:	90 e0       	ldi	r25, 0x00	; 0
     ce6:	81 70       	andi	r24, 0x01	; 1
     ce8:	90 70       	andi	r25, 0x00	; 0
     cea:	00 97       	sbiw	r24, 0x00	; 0
     cec:	a1 f3       	breq	.-24     	; 0xcd6 <MUSART_vTransmit+0xc>

	UDR = A_u8Byte;
     cee:	ec e2       	ldi	r30, 0x2C	; 44
     cf0:	f0 e0       	ldi	r31, 0x00	; 0
     cf2:	89 81       	ldd	r24, Y+1	; 0x01
     cf4:	80 83       	st	Z, r24
}
     cf6:	0f 90       	pop	r0
     cf8:	cf 91       	pop	r28
     cfa:	df 91       	pop	r29
     cfc:	08 95       	ret

00000cfe <MUSART_u8ReceiveStatus>:

u8 MUSART_u8ReceiveStatus(void)
{
     cfe:	df 93       	push	r29
     d00:	cf 93       	push	r28
     d02:	cd b7       	in	r28, 0x3d	; 61
     d04:	de b7       	in	r29, 0x3e	; 62
    return GET_BIT(UCSRA, 7);
     d06:	eb e2       	ldi	r30, 0x2B	; 43
     d08:	f0 e0       	ldi	r31, 0x00	; 0
     d0a:	80 81       	ld	r24, Z
     d0c:	88 1f       	adc	r24, r24
     d0e:	88 27       	eor	r24, r24
     d10:	88 1f       	adc	r24, r24
}
     d12:	cf 91       	pop	r28
     d14:	df 91       	pop	r29
     d16:	08 95       	ret

00000d18 <MUSART_u8Receive>:

u8 MUSART_u8Receive(void)
{
     d18:	df 93       	push	r29
     d1a:	cf 93       	push	r28
     d1c:	cd b7       	in	r28, 0x3d	; 61
     d1e:	de b7       	in	r29, 0x3e	; 62
	while(! GET_BIT(UCSRA , 7));
     d20:	eb e2       	ldi	r30, 0x2B	; 43
     d22:	f0 e0       	ldi	r31, 0x00	; 0
     d24:	80 81       	ld	r24, Z
     d26:	88 23       	and	r24, r24
     d28:	dc f7       	brge	.-10     	; 0xd20 <MUSART_u8Receive+0x8>

	return UDR;
     d2a:	ec e2       	ldi	r30, 0x2C	; 44
     d2c:	f0 e0       	ldi	r31, 0x00	; 0
     d2e:	80 81       	ld	r24, Z
}
     d30:	cf 91       	pop	r28
     d32:	df 91       	pop	r29
     d34:	08 95       	ret

00000d36 <MTIMER_vINIT>:
static u8 G_u8Time0Preload=0;
static u32 G_32IntervalCount=0;

// Initialize Timer
void MTIMER_vINIT(void)
{
     d36:	df 93       	push	r29
     d38:	cf 93       	push	r28
     d3a:	cd b7       	in	r28, 0x3d	; 61
     d3c:	de b7       	in	r29, 0x3e	; 62
#error "Wrong PWM mode"

#endif

#elif TIMER0_MODE == FAST_PWM
	SET_BIT(TCCR0,WGM01);
     d3e:	a3 e5       	ldi	r26, 0x53	; 83
     d40:	b0 e0       	ldi	r27, 0x00	; 0
     d42:	e3 e5       	ldi	r30, 0x53	; 83
     d44:	f0 e0       	ldi	r31, 0x00	; 0
     d46:	80 81       	ld	r24, Z
     d48:	88 60       	ori	r24, 0x08	; 8
     d4a:	8c 93       	st	X, r24
	SET_BIT(TCCR0,WGM00);
     d4c:	a3 e5       	ldi	r26, 0x53	; 83
     d4e:	b0 e0       	ldi	r27, 0x00	; 0
     d50:	e3 e5       	ldi	r30, 0x53	; 83
     d52:	f0 e0       	ldi	r31, 0x00	; 0
     d54:	80 81       	ld	r24, Z
     d56:	80 64       	ori	r24, 0x40	; 64
     d58:	8c 93       	st	X, r24

#if	PWM_OUTPUT_MODE ==	NON_INVERTING
	SET_BIT(TCCR0,COM01);
     d5a:	a3 e5       	ldi	r26, 0x53	; 83
     d5c:	b0 e0       	ldi	r27, 0x00	; 0
     d5e:	e3 e5       	ldi	r30, 0x53	; 83
     d60:	f0 e0       	ldi	r31, 0x00	; 0
     d62:	80 81       	ld	r24, Z
     d64:	80 62       	ori	r24, 0x20	; 32
     d66:	8c 93       	st	X, r24
	CLR_BIT(TCCR0,COM00);
     d68:	a3 e5       	ldi	r26, 0x53	; 83
     d6a:	b0 e0       	ldi	r27, 0x00	; 0
     d6c:	e3 e5       	ldi	r30, 0x53	; 83
     d6e:	f0 e0       	ldi	r31, 0x00	; 0
     d70:	80 81       	ld	r24, Z
     d72:	8f 7e       	andi	r24, 0xEF	; 239
     d74:	8c 93       	st	X, r24

#endif

	// Enabling Interrupt
#if INTERRUPT_CONTROL == ENABLE
	MTIMER_vEnableInterrupt(TIMER_0, TIMER0_MODE);
     d76:	80 e0       	ldi	r24, 0x00	; 0
     d78:	63 e0       	ldi	r22, 0x03	; 3
     d7a:	0e 94 58 08 	call	0x10b0	; 0x10b0 <MTIMER_vEnableInterrupt>
#error "Incorrect value"

#endif

	// STOP TIMER0
	CLR_BIT(TCCR0,CS00);
     d7e:	a3 e5       	ldi	r26, 0x53	; 83
     d80:	b0 e0       	ldi	r27, 0x00	; 0
     d82:	e3 e5       	ldi	r30, 0x53	; 83
     d84:	f0 e0       	ldi	r31, 0x00	; 0
     d86:	80 81       	ld	r24, Z
     d88:	8e 7f       	andi	r24, 0xFE	; 254
     d8a:	8c 93       	st	X, r24
	CLR_BIT(TCCR0,CS01);
     d8c:	a3 e5       	ldi	r26, 0x53	; 83
     d8e:	b0 e0       	ldi	r27, 0x00	; 0
     d90:	e3 e5       	ldi	r30, 0x53	; 83
     d92:	f0 e0       	ldi	r31, 0x00	; 0
     d94:	80 81       	ld	r24, Z
     d96:	8d 7f       	andi	r24, 0xFD	; 253
     d98:	8c 93       	st	X, r24
	CLR_BIT(TCCR0,CS02);
     d9a:	a3 e5       	ldi	r26, 0x53	; 83
     d9c:	b0 e0       	ldi	r27, 0x00	; 0
     d9e:	e3 e5       	ldi	r30, 0x53	; 83
     da0:	f0 e0       	ldi	r31, 0x00	; 0
     da2:	80 81       	ld	r24, Z
     da4:	8b 7f       	andi	r24, 0xFB	; 251
     da6:	8c 93       	st	X, r24

	ICR1 = 20000;

#elif TIMER1_MODE == ICU
	//Normal Mode
	CLR_BIT(TCCR1A , 0);
     da8:	af e4       	ldi	r26, 0x4F	; 79
     daa:	b0 e0       	ldi	r27, 0x00	; 0
     dac:	ef e4       	ldi	r30, 0x4F	; 79
     dae:	f0 e0       	ldi	r31, 0x00	; 0
     db0:	80 81       	ld	r24, Z
     db2:	8e 7f       	andi	r24, 0xFE	; 254
     db4:	8c 93       	st	X, r24
	CLR_BIT(TCCR1A , 1);
     db6:	af e4       	ldi	r26, 0x4F	; 79
     db8:	b0 e0       	ldi	r27, 0x00	; 0
     dba:	ef e4       	ldi	r30, 0x4F	; 79
     dbc:	f0 e0       	ldi	r31, 0x00	; 0
     dbe:	80 81       	ld	r24, Z
     dc0:	8d 7f       	andi	r24, 0xFD	; 253
     dc2:	8c 93       	st	X, r24
	CLR_BIT(TCCR1B , 3);
     dc4:	ae e4       	ldi	r26, 0x4E	; 78
     dc6:	b0 e0       	ldi	r27, 0x00	; 0
     dc8:	ee e4       	ldi	r30, 0x4E	; 78
     dca:	f0 e0       	ldi	r31, 0x00	; 0
     dcc:	80 81       	ld	r24, Z
     dce:	87 7f       	andi	r24, 0xF7	; 247
     dd0:	8c 93       	st	X, r24
	CLR_BIT(TCCR1B , 4);
     dd2:	ae e4       	ldi	r26, 0x4E	; 78
     dd4:	b0 e0       	ldi	r27, 0x00	; 0
     dd6:	ee e4       	ldi	r30, 0x4E	; 78
     dd8:	f0 e0       	ldi	r31, 0x00	; 0
     dda:	80 81       	ld	r24, Z
     ddc:	8f 7e       	andi	r24, 0xEF	; 239
     dde:	8c 93       	st	X, r24

	CLR_BIT(TCCR1A , 6);
     de0:	af e4       	ldi	r26, 0x4F	; 79
     de2:	b0 e0       	ldi	r27, 0x00	; 0
     de4:	ef e4       	ldi	r30, 0x4F	; 79
     de6:	f0 e0       	ldi	r31, 0x00	; 0
     de8:	80 81       	ld	r24, Z
     dea:	8f 7b       	andi	r24, 0xBF	; 191
     dec:	8c 93       	st	X, r24
	CLR_BIT(TCCR1A , 7);
     dee:	af e4       	ldi	r26, 0x4F	; 79
     df0:	b0 e0       	ldi	r27, 0x00	; 0
     df2:	ef e4       	ldi	r30, 0x4F	; 79
     df4:	f0 e0       	ldi	r31, 0x00	; 0
     df6:	80 81       	ld	r24, Z
     df8:	8f 77       	andi	r24, 0x7F	; 127
     dfa:	8c 93       	st	X, r24

	// Capture Rising
	SET_BIT(TCCR1B , 6);
     dfc:	ae e4       	ldi	r26, 0x4E	; 78
     dfe:	b0 e0       	ldi	r27, 0x00	; 0
     e00:	ee e4       	ldi	r30, 0x4E	; 78
     e02:	f0 e0       	ldi	r31, 0x00	; 0
     e04:	80 81       	ld	r24, Z
     e06:	80 64       	ori	r24, 0x40	; 64
     e08:	8c 93       	st	X, r24

#endif

	// Enabling Interrupt
#if INTERRUPT_CONTROL == ENABLE
	MTIMER_vEnableInterrupt(TIMER_1, TIMER1_MODE);
     e0a:	81 e0       	ldi	r24, 0x01	; 1
     e0c:	64 e0       	ldi	r22, 0x04	; 4
     e0e:	0e 94 58 08 	call	0x10b0	; 0x10b0 <MTIMER_vEnableInterrupt>
#error "Incorrect value"

#endif

	// STOP TIMER1
	CLR_BIT(TCCR1B,0);
     e12:	ae e4       	ldi	r26, 0x4E	; 78
     e14:	b0 e0       	ldi	r27, 0x00	; 0
     e16:	ee e4       	ldi	r30, 0x4E	; 78
     e18:	f0 e0       	ldi	r31, 0x00	; 0
     e1a:	80 81       	ld	r24, Z
     e1c:	8e 7f       	andi	r24, 0xFE	; 254
     e1e:	8c 93       	st	X, r24
	CLR_BIT(TCCR1B,1);
     e20:	ae e4       	ldi	r26, 0x4E	; 78
     e22:	b0 e0       	ldi	r27, 0x00	; 0
     e24:	ee e4       	ldi	r30, 0x4E	; 78
     e26:	f0 e0       	ldi	r31, 0x00	; 0
     e28:	80 81       	ld	r24, Z
     e2a:	8d 7f       	andi	r24, 0xFD	; 253
     e2c:	8c 93       	st	X, r24
	CLR_BIT(TCCR1B,2);
     e2e:	ae e4       	ldi	r26, 0x4E	; 78
     e30:	b0 e0       	ldi	r27, 0x00	; 0
     e32:	ee e4       	ldi	r30, 0x4E	; 78
     e34:	f0 e0       	ldi	r31, 0x00	; 0
     e36:	80 81       	ld	r24, Z
     e38:	8b 7f       	andi	r24, 0xFB	; 251
     e3a:	8c 93       	st	X, r24
#endif


#elif TIMER2_MODE == FAST_PWM

	SET_BIT(TCCR2, WGM21);
     e3c:	a5 e4       	ldi	r26, 0x45	; 69
     e3e:	b0 e0       	ldi	r27, 0x00	; 0
     e40:	e5 e4       	ldi	r30, 0x45	; 69
     e42:	f0 e0       	ldi	r31, 0x00	; 0
     e44:	80 81       	ld	r24, Z
     e46:	88 60       	ori	r24, 0x08	; 8
     e48:	8c 93       	st	X, r24
	SET_BIT(TCCR2, WGM20);
     e4a:	a5 e4       	ldi	r26, 0x45	; 69
     e4c:	b0 e0       	ldi	r27, 0x00	; 0
     e4e:	e5 e4       	ldi	r30, 0x45	; 69
     e50:	f0 e0       	ldi	r31, 0x00	; 0
     e52:	80 81       	ld	r24, Z
     e54:	80 64       	ori	r24, 0x40	; 64
     e56:	8c 93       	st	X, r24

#if PWM_OUTPUT_MODE == NON_INVERTING

	SET_BIT(TCCR2, COM21);
     e58:	a5 e4       	ldi	r26, 0x45	; 69
     e5a:	b0 e0       	ldi	r27, 0x00	; 0
     e5c:	e5 e4       	ldi	r30, 0x45	; 69
     e5e:	f0 e0       	ldi	r31, 0x00	; 0
     e60:	80 81       	ld	r24, Z
     e62:	80 62       	ori	r24, 0x20	; 32
     e64:	8c 93       	st	X, r24
	CLR_BIT(TCCR2, COM20);
     e66:	a5 e4       	ldi	r26, 0x45	; 69
     e68:	b0 e0       	ldi	r27, 0x00	; 0
     e6a:	e5 e4       	ldi	r30, 0x45	; 69
     e6c:	f0 e0       	ldi	r31, 0x00	; 0
     e6e:	80 81       	ld	r24, Z
     e70:	8f 7e       	andi	r24, 0xEF	; 239
     e72:	8c 93       	st	X, r24
#endif


	/* Stop Timer2 initially */

	CLR_BIT(TCCR2, CS20);
     e74:	a5 e4       	ldi	r26, 0x45	; 69
     e76:	b0 e0       	ldi	r27, 0x00	; 0
     e78:	e5 e4       	ldi	r30, 0x45	; 69
     e7a:	f0 e0       	ldi	r31, 0x00	; 0
     e7c:	80 81       	ld	r24, Z
     e7e:	8e 7f       	andi	r24, 0xFE	; 254
     e80:	8c 93       	st	X, r24
	CLR_BIT(TCCR2, CS21);
     e82:	a5 e4       	ldi	r26, 0x45	; 69
     e84:	b0 e0       	ldi	r27, 0x00	; 0
     e86:	e5 e4       	ldi	r30, 0x45	; 69
     e88:	f0 e0       	ldi	r31, 0x00	; 0
     e8a:	80 81       	ld	r24, Z
     e8c:	8d 7f       	andi	r24, 0xFD	; 253
     e8e:	8c 93       	st	X, r24
	CLR_BIT(TCCR2, CS22);
     e90:	a5 e4       	ldi	r26, 0x45	; 69
     e92:	b0 e0       	ldi	r27, 0x00	; 0
     e94:	e5 e4       	ldi	r30, 0x45	; 69
     e96:	f0 e0       	ldi	r31, 0x00	; 0
     e98:	80 81       	ld	r24, Z
     e9a:	8b 7f       	andi	r24, 0xFB	; 251
     e9c:	8c 93       	st	X, r24

#endif

}
     e9e:	cf 91       	pop	r28
     ea0:	df 91       	pop	r29
     ea2:	08 95       	ret

00000ea4 <MTIMER_vStartTimer>:

void MTIMER_vStartTimer(u8 A_u8TimerID)
{
     ea4:	df 93       	push	r29
     ea6:	cf 93       	push	r28
     ea8:	0f 92       	push	r0
     eaa:	cd b7       	in	r28, 0x3d	; 61
     eac:	de b7       	in	r29, 0x3e	; 62
     eae:	89 83       	std	Y+1, r24	; 0x01
	if (A_u8TimerID == TIMER_0)
     eb0:	89 81       	ldd	r24, Y+1	; 0x01
     eb2:	88 23       	and	r24, r24
     eb4:	41 f4       	brne	.+16     	; 0xec6 <MTIMER_vStartTimer+0x22>
	{
		TCCR0 = (TCCR0 & 0xF8) | (0x07 & CLK_SELECT_PRESCALER_TIM0) ;
     eb6:	a3 e5       	ldi	r26, 0x53	; 83
     eb8:	b0 e0       	ldi	r27, 0x00	; 0
     eba:	e3 e5       	ldi	r30, 0x53	; 83
     ebc:	f0 e0       	ldi	r31, 0x00	; 0
     ebe:	80 81       	ld	r24, Z
     ec0:	88 7f       	andi	r24, 0xF8	; 248
     ec2:	82 60       	ori	r24, 0x02	; 2
     ec4:	8c 93       	st	X, r24

	}

	if (A_u8TimerID == TIMER_1)
     ec6:	89 81       	ldd	r24, Y+1	; 0x01
     ec8:	81 30       	cpi	r24, 0x01	; 1
     eca:	41 f4       	brne	.+16     	; 0xedc <MTIMER_vStartTimer+0x38>
	{
		TCCR1B= (TCCR1B & 0xF8) | (0x07 & CLK_SELECT_PRESCALER_TIM1) ;
     ecc:	ae e4       	ldi	r26, 0x4E	; 78
     ece:	b0 e0       	ldi	r27, 0x00	; 0
     ed0:	ee e4       	ldi	r30, 0x4E	; 78
     ed2:	f0 e0       	ldi	r31, 0x00	; 0
     ed4:	80 81       	ld	r24, Z
     ed6:	88 7f       	andi	r24, 0xF8	; 248
     ed8:	82 60       	ori	r24, 0x02	; 2
     eda:	8c 93       	st	X, r24

	}
	if(A_u8TimerID == TIMER_2)
     edc:	89 81       	ldd	r24, Y+1	; 0x01
     ede:	83 30       	cpi	r24, 0x03	; 3
     ee0:	41 f4       	brne	.+16     	; 0xef2 <MTIMER_vStartTimer+0x4e>
	{
		TCCR2 = (TCCR2 & 0xF8) |
     ee2:	a5 e4       	ldi	r26, 0x45	; 69
     ee4:	b0 e0       	ldi	r27, 0x00	; 0
     ee6:	e5 e4       	ldi	r30, 0x45	; 69
     ee8:	f0 e0       	ldi	r31, 0x00	; 0
     eea:	80 81       	ld	r24, Z
     eec:	88 7f       	andi	r24, 0xF8	; 248
     eee:	82 60       	ori	r24, 0x02	; 2
     ef0:	8c 93       	st	X, r24
		            (0x07 & CLK_SELECT_PRESCALER_TIM2);
	}
}
     ef2:	0f 90       	pop	r0
     ef4:	cf 91       	pop	r28
     ef6:	df 91       	pop	r29
     ef8:	08 95       	ret

00000efa <MTIMER_vStopTimer>:
void MTIMER_vStopTimer(u8 A_u8TimerID)
{
     efa:	df 93       	push	r29
     efc:	cf 93       	push	r28
     efe:	0f 92       	push	r0
     f00:	cd b7       	in	r28, 0x3d	; 61
     f02:	de b7       	in	r29, 0x3e	; 62
     f04:	89 83       	std	Y+1, r24	; 0x01
	if (A_u8TimerID == TIMER_0)
     f06:	89 81       	ldd	r24, Y+1	; 0x01
     f08:	88 23       	and	r24, r24
     f0a:	39 f4       	brne	.+14     	; 0xf1a <MTIMER_vStopTimer+0x20>
	{
		TCCR0 = (TCCR0 & 0xF8) | (0x07 & 0x00) ;
     f0c:	a3 e5       	ldi	r26, 0x53	; 83
     f0e:	b0 e0       	ldi	r27, 0x00	; 0
     f10:	e3 e5       	ldi	r30, 0x53	; 83
     f12:	f0 e0       	ldi	r31, 0x00	; 0
     f14:	80 81       	ld	r24, Z
     f16:	88 7f       	andi	r24, 0xF8	; 248
     f18:	8c 93       	st	X, r24

	}

	if (A_u8TimerID == TIMER_1)
     f1a:	89 81       	ldd	r24, Y+1	; 0x01
     f1c:	81 30       	cpi	r24, 0x01	; 1
     f1e:	39 f4       	brne	.+14     	; 0xf2e <MTIMER_vStopTimer+0x34>
	{
		TCCR1B = (TCCR1B & 0xF8) | (0x07 & 0x00) ;
     f20:	ae e4       	ldi	r26, 0x4E	; 78
     f22:	b0 e0       	ldi	r27, 0x00	; 0
     f24:	ee e4       	ldi	r30, 0x4E	; 78
     f26:	f0 e0       	ldi	r31, 0x00	; 0
     f28:	80 81       	ld	r24, Z
     f2a:	88 7f       	andi	r24, 0xF8	; 248
     f2c:	8c 93       	st	X, r24

	}

	if(A_u8TimerID == TIMER_2)
     f2e:	89 81       	ldd	r24, Y+1	; 0x01
     f30:	83 30       	cpi	r24, 0x03	; 3
     f32:	39 f4       	brne	.+14     	; 0xf42 <MTIMER_vStopTimer+0x48>
	{
	    TCCR2 = (TCCR2 & 0xF8) | (0x07 & 0x00);
     f34:	a5 e4       	ldi	r26, 0x45	; 69
     f36:	b0 e0       	ldi	r27, 0x00	; 0
     f38:	e5 e4       	ldi	r30, 0x45	; 69
     f3a:	f0 e0       	ldi	r31, 0x00	; 0
     f3c:	80 81       	ld	r24, Z
     f3e:	88 7f       	andi	r24, 0xF8	; 248
     f40:	8c 93       	st	X, r24
	}
}
     f42:	0f 90       	pop	r0
     f44:	cf 91       	pop	r28
     f46:	df 91       	pop	r29
     f48:	08 95       	ret

00000f4a <MTIMER_vSetPreloadValue>:

//Overflow
void MTIMER_vSetPreloadValue(u8 A_u8TimerID , u16 A_u16Preload)
{
     f4a:	df 93       	push	r29
     f4c:	cf 93       	push	r28
     f4e:	00 d0       	rcall	.+0      	; 0xf50 <MTIMER_vSetPreloadValue+0x6>
     f50:	00 d0       	rcall	.+0      	; 0xf52 <MTIMER_vSetPreloadValue+0x8>
     f52:	0f 92       	push	r0
     f54:	cd b7       	in	r28, 0x3d	; 61
     f56:	de b7       	in	r29, 0x3e	; 62
     f58:	89 83       	std	Y+1, r24	; 0x01
     f5a:	7b 83       	std	Y+3, r23	; 0x03
     f5c:	6a 83       	std	Y+2, r22	; 0x02
	switch(A_u8TimerID)
     f5e:	89 81       	ldd	r24, Y+1	; 0x01
     f60:	28 2f       	mov	r18, r24
     f62:	30 e0       	ldi	r19, 0x00	; 0
     f64:	3d 83       	std	Y+5, r19	; 0x05
     f66:	2c 83       	std	Y+4, r18	; 0x04
     f68:	8c 81       	ldd	r24, Y+4	; 0x04
     f6a:	9d 81       	ldd	r25, Y+5	; 0x05
     f6c:	00 97       	sbiw	r24, 0x00	; 0
     f6e:	31 f0       	breq	.+12     	; 0xf7c <MTIMER_vSetPreloadValue+0x32>
     f70:	2c 81       	ldd	r18, Y+4	; 0x04
     f72:	3d 81       	ldd	r19, Y+5	; 0x05
     f74:	21 30       	cpi	r18, 0x01	; 1
     f76:	31 05       	cpc	r19, r1
     f78:	49 f0       	breq	.+18     	; 0xf8c <MTIMER_vSetPreloadValue+0x42>
     f7a:	0e c0       	rjmp	.+28     	; 0xf98 <MTIMER_vSetPreloadValue+0x4e>
	{
	case TIMER_0:
		TCNT0 = (u8)A_u16Preload;
     f7c:	e2 e5       	ldi	r30, 0x52	; 82
     f7e:	f0 e0       	ldi	r31, 0x00	; 0
     f80:	8a 81       	ldd	r24, Y+2	; 0x02
     f82:	80 83       	st	Z, r24
		G_u8Time0Preload = (u8)A_u16Preload;
     f84:	8a 81       	ldd	r24, Y+2	; 0x02
     f86:	80 93 7e 00 	sts	0x007E, r24
     f8a:	06 c0       	rjmp	.+12     	; 0xf98 <MTIMER_vSetPreloadValue+0x4e>
		break;

	case TIMER_1:
		TCNT1 = A_u16Preload;
     f8c:	ec e4       	ldi	r30, 0x4C	; 76
     f8e:	f0 e0       	ldi	r31, 0x00	; 0
     f90:	8a 81       	ldd	r24, Y+2	; 0x02
     f92:	9b 81       	ldd	r25, Y+3	; 0x03
     f94:	91 83       	std	Z+1, r25	; 0x01
     f96:	80 83       	st	Z, r24
		break;
	}
}
     f98:	0f 90       	pop	r0
     f9a:	0f 90       	pop	r0
     f9c:	0f 90       	pop	r0
     f9e:	0f 90       	pop	r0
     fa0:	0f 90       	pop	r0
     fa2:	cf 91       	pop	r28
     fa4:	df 91       	pop	r29
     fa6:	08 95       	ret

00000fa8 <MTIMER_vSetCompareMatch>:

//CTC
void MTIMER_vSetCompareMatch(u8 A_u8TimerID , u16 A_u16OCR_val)
{
     fa8:	df 93       	push	r29
     faa:	cf 93       	push	r28
     fac:	00 d0       	rcall	.+0      	; 0xfae <MTIMER_vSetCompareMatch+0x6>
     fae:	00 d0       	rcall	.+0      	; 0xfb0 <MTIMER_vSetCompareMatch+0x8>
     fb0:	0f 92       	push	r0
     fb2:	cd b7       	in	r28, 0x3d	; 61
     fb4:	de b7       	in	r29, 0x3e	; 62
     fb6:	89 83       	std	Y+1, r24	; 0x01
     fb8:	7b 83       	std	Y+3, r23	; 0x03
     fba:	6a 83       	std	Y+2, r22	; 0x02
	switch(A_u8TimerID)
     fbc:	89 81       	ldd	r24, Y+1	; 0x01
     fbe:	28 2f       	mov	r18, r24
     fc0:	30 e0       	ldi	r19, 0x00	; 0
     fc2:	3d 83       	std	Y+5, r19	; 0x05
     fc4:	2c 83       	std	Y+4, r18	; 0x04
     fc6:	8c 81       	ldd	r24, Y+4	; 0x04
     fc8:	9d 81       	ldd	r25, Y+5	; 0x05
     fca:	82 30       	cpi	r24, 0x02	; 2
     fcc:	91 05       	cpc	r25, r1
     fce:	71 f0       	breq	.+28     	; 0xfec <MTIMER_vSetCompareMatch+0x44>
     fd0:	2c 81       	ldd	r18, Y+4	; 0x04
     fd2:	3d 81       	ldd	r19, Y+5	; 0x05
     fd4:	23 30       	cpi	r18, 0x03	; 3
     fd6:	31 05       	cpc	r19, r1
     fd8:	81 f0       	breq	.+32     	; 0xffa <MTIMER_vSetCompareMatch+0x52>
     fda:	8c 81       	ldd	r24, Y+4	; 0x04
     fdc:	9d 81       	ldd	r25, Y+5	; 0x05
     fde:	00 97       	sbiw	r24, 0x00	; 0
     fe0:	81 f4       	brne	.+32     	; 0x1002 <MTIMER_vSetCompareMatch+0x5a>
	{
	case TIMER_0:
		OCR0 = (u8)A_u16OCR_val;
     fe2:	ec e5       	ldi	r30, 0x5C	; 92
     fe4:	f0 e0       	ldi	r31, 0x00	; 0
     fe6:	8a 81       	ldd	r24, Y+2	; 0x02
     fe8:	80 83       	st	Z, r24
     fea:	0b c0       	rjmp	.+22     	; 0x1002 <MTIMER_vSetCompareMatch+0x5a>
		break;

	case TIMER_1_A:
		OCR1A = (u16)A_u16OCR_val;
     fec:	ea e4       	ldi	r30, 0x4A	; 74
     fee:	f0 e0       	ldi	r31, 0x00	; 0
     ff0:	8a 81       	ldd	r24, Y+2	; 0x02
     ff2:	9b 81       	ldd	r25, Y+3	; 0x03
     ff4:	91 83       	std	Z+1, r25	; 0x01
     ff6:	80 83       	st	Z, r24
     ff8:	04 c0       	rjmp	.+8      	; 0x1002 <MTIMER_vSetCompareMatch+0x5a>
		break;

	case TIMER_2:
		 OCR2 = (u8)A_u16OCR_val;
     ffa:	e3 e4       	ldi	r30, 0x43	; 67
     ffc:	f0 e0       	ldi	r31, 0x00	; 0
     ffe:	8a 81       	ldd	r24, Y+2	; 0x02
    1000:	80 83       	st	Z, r24
		 break;
	}
}
    1002:	0f 90       	pop	r0
    1004:	0f 90       	pop	r0
    1006:	0f 90       	pop	r0
    1008:	0f 90       	pop	r0
    100a:	0f 90       	pop	r0
    100c:	cf 91       	pop	r28
    100e:	df 91       	pop	r29
    1010:	08 95       	ret

00001012 <MTIMER_vSetTrigger>:

// ICU
void MTIMER_vSetTrigger(u8 A_u8TriggerType)
{
    1012:	df 93       	push	r29
    1014:	cf 93       	push	r28
    1016:	00 d0       	rcall	.+0      	; 0x1018 <MTIMER_vSetTrigger+0x6>
    1018:	0f 92       	push	r0
    101a:	cd b7       	in	r28, 0x3d	; 61
    101c:	de b7       	in	r29, 0x3e	; 62
    101e:	89 83       	std	Y+1, r24	; 0x01
	switch(A_u8TriggerType)
    1020:	89 81       	ldd	r24, Y+1	; 0x01
    1022:	28 2f       	mov	r18, r24
    1024:	30 e0       	ldi	r19, 0x00	; 0
    1026:	3b 83       	std	Y+3, r19	; 0x03
    1028:	2a 83       	std	Y+2, r18	; 0x02
    102a:	8a 81       	ldd	r24, Y+2	; 0x02
    102c:	9b 81       	ldd	r25, Y+3	; 0x03
    102e:	00 97       	sbiw	r24, 0x00	; 0
    1030:	31 f0       	breq	.+12     	; 0x103e <MTIMER_vSetTrigger+0x2c>
    1032:	2a 81       	ldd	r18, Y+2	; 0x02
    1034:	3b 81       	ldd	r19, Y+3	; 0x03
    1036:	21 30       	cpi	r18, 0x01	; 1
    1038:	31 05       	cpc	r19, r1
    103a:	49 f0       	breq	.+18     	; 0x104e <MTIMER_vSetTrigger+0x3c>
    103c:	0f c0       	rjmp	.+30     	; 0x105c <MTIMER_vSetTrigger+0x4a>
	{
	case TRIG_TYPE_RISING :
		SET_BIT(TCCR1B , 6);
    103e:	ae e4       	ldi	r26, 0x4E	; 78
    1040:	b0 e0       	ldi	r27, 0x00	; 0
    1042:	ee e4       	ldi	r30, 0x4E	; 78
    1044:	f0 e0       	ldi	r31, 0x00	; 0
    1046:	80 81       	ld	r24, Z
    1048:	80 64       	ori	r24, 0x40	; 64
    104a:	8c 93       	st	X, r24
    104c:	07 c0       	rjmp	.+14     	; 0x105c <MTIMER_vSetTrigger+0x4a>
		break;

	case TRIG_TYPE_FALLING :
			CLR_BIT(TCCR1B , 6);
    104e:	ae e4       	ldi	r26, 0x4E	; 78
    1050:	b0 e0       	ldi	r27, 0x00	; 0
    1052:	ee e4       	ldi	r30, 0x4E	; 78
    1054:	f0 e0       	ldi	r31, 0x00	; 0
    1056:	80 81       	ld	r24, Z
    1058:	8f 7b       	andi	r24, 0xBF	; 191
    105a:	8c 93       	st	X, r24
			break;
	}
	SET_BIT (TIFR , 5);
    105c:	a8 e5       	ldi	r26, 0x58	; 88
    105e:	b0 e0       	ldi	r27, 0x00	; 0
    1060:	e8 e5       	ldi	r30, 0x58	; 88
    1062:	f0 e0       	ldi	r31, 0x00	; 0
    1064:	80 81       	ld	r24, Z
    1066:	80 62       	ori	r24, 0x20	; 32
    1068:	8c 93       	st	X, r24

}
    106a:	0f 90       	pop	r0
    106c:	0f 90       	pop	r0
    106e:	0f 90       	pop	r0
    1070:	cf 91       	pop	r28
    1072:	df 91       	pop	r29
    1074:	08 95       	ret

00001076 <MTIMER_u16GetCapturedValue>:

u16 MTIMER_u16GetCapturedValue(void)
{
    1076:	df 93       	push	r29
    1078:	cf 93       	push	r28
    107a:	cd b7       	in	r28, 0x3d	; 61
    107c:	de b7       	in	r29, 0x3e	; 62
	return ICR1;
    107e:	e6 e4       	ldi	r30, 0x46	; 70
    1080:	f0 e0       	ldi	r31, 0x00	; 0
    1082:	80 81       	ld	r24, Z
    1084:	91 81       	ldd	r25, Z+1	; 0x01
}
    1086:	cf 91       	pop	r28
    1088:	df 91       	pop	r29
    108a:	08 95       	ret

0000108c <MTIMER_vSetICU_CB>:

void MTIMER_vSetICU_CB(void (*Fptr)(void))
{
    108c:	df 93       	push	r29
    108e:	cf 93       	push	r28
    1090:	00 d0       	rcall	.+0      	; 0x1092 <MTIMER_vSetICU_CB+0x6>
    1092:	cd b7       	in	r28, 0x3d	; 61
    1094:	de b7       	in	r29, 0x3e	; 62
    1096:	9a 83       	std	Y+2, r25	; 0x02
    1098:	89 83       	std	Y+1, r24	; 0x01
	G_TIMER_ICU_CB = Fptr;
    109a:	89 81       	ldd	r24, Y+1	; 0x01
    109c:	9a 81       	ldd	r25, Y+2	; 0x02
    109e:	90 93 7d 00 	sts	0x007D, r25
    10a2:	80 93 7c 00 	sts	0x007C, r24
}
    10a6:	0f 90       	pop	r0
    10a8:	0f 90       	pop	r0
    10aa:	cf 91       	pop	r28
    10ac:	df 91       	pop	r29
    10ae:	08 95       	ret

000010b0 <MTIMER_vEnableInterrupt>:

void MTIMER_vEnableInterrupt(u8 A_u8TimerID, u8 A_u8TimerMode)
{
    10b0:	df 93       	push	r29
    10b2:	cf 93       	push	r28
    10b4:	00 d0       	rcall	.+0      	; 0x10b6 <MTIMER_vEnableInterrupt+0x6>
    10b6:	00 d0       	rcall	.+0      	; 0x10b8 <MTIMER_vEnableInterrupt+0x8>
    10b8:	cd b7       	in	r28, 0x3d	; 61
    10ba:	de b7       	in	r29, 0x3e	; 62
    10bc:	89 83       	std	Y+1, r24	; 0x01
    10be:	6a 83       	std	Y+2, r22	; 0x02
	if(A_u8TimerID == TIMER_0)
    10c0:	89 81       	ldd	r24, Y+1	; 0x01
    10c2:	88 23       	and	r24, r24
    10c4:	f1 f4       	brne	.+60     	; 0x1102 <MTIMER_vEnableInterrupt+0x52>
	{
		switch(A_u8TimerMode)
    10c6:	8a 81       	ldd	r24, Y+2	; 0x02
    10c8:	28 2f       	mov	r18, r24
    10ca:	30 e0       	ldi	r19, 0x00	; 0
    10cc:	3c 83       	std	Y+4, r19	; 0x04
    10ce:	2b 83       	std	Y+3, r18	; 0x03
    10d0:	8b 81       	ldd	r24, Y+3	; 0x03
    10d2:	9c 81       	ldd	r25, Y+4	; 0x04
    10d4:	00 97       	sbiw	r24, 0x00	; 0
    10d6:	31 f0       	breq	.+12     	; 0x10e4 <MTIMER_vEnableInterrupt+0x34>
    10d8:	2b 81       	ldd	r18, Y+3	; 0x03
    10da:	3c 81       	ldd	r19, Y+4	; 0x04
    10dc:	21 30       	cpi	r18, 0x01	; 1
    10de:	31 05       	cpc	r19, r1
    10e0:	49 f0       	breq	.+18     	; 0x10f4 <MTIMER_vEnableInterrupt+0x44>
    10e2:	0f c0       	rjmp	.+30     	; 0x1102 <MTIMER_vEnableInterrupt+0x52>
		{
		case NORMAL_OVERFLOW:
			SET_BIT(TIMSK,0);
    10e4:	a9 e5       	ldi	r26, 0x59	; 89
    10e6:	b0 e0       	ldi	r27, 0x00	; 0
    10e8:	e9 e5       	ldi	r30, 0x59	; 89
    10ea:	f0 e0       	ldi	r31, 0x00	; 0
    10ec:	80 81       	ld	r24, Z
    10ee:	81 60       	ori	r24, 0x01	; 1
    10f0:	8c 93       	st	X, r24
    10f2:	07 c0       	rjmp	.+14     	; 0x1102 <MTIMER_vEnableInterrupt+0x52>
			break;

		case CTC:
			SET_BIT(TIMSK,1);
    10f4:	a9 e5       	ldi	r26, 0x59	; 89
    10f6:	b0 e0       	ldi	r27, 0x00	; 0
    10f8:	e9 e5       	ldi	r30, 0x59	; 89
    10fa:	f0 e0       	ldi	r31, 0x00	; 0
    10fc:	80 81       	ld	r24, Z
    10fe:	82 60       	ori	r24, 0x02	; 2
    1100:	8c 93       	st	X, r24
			break;
		}
	}

	if(A_u8TimerID == TIMER_1)
    1102:	89 81       	ldd	r24, Y+1	; 0x01
    1104:	81 30       	cpi	r24, 0x01	; 1
    1106:	69 f4       	brne	.+26     	; 0x1122 <MTIMER_vEnableInterrupt+0x72>
		{
			switch(A_u8TimerMode)
    1108:	8a 81       	ldd	r24, Y+2	; 0x02
    110a:	88 2f       	mov	r24, r24
    110c:	90 e0       	ldi	r25, 0x00	; 0
    110e:	84 30       	cpi	r24, 0x04	; 4
    1110:	91 05       	cpc	r25, r1
    1112:	39 f4       	brne	.+14     	; 0x1122 <MTIMER_vEnableInterrupt+0x72>
			{
			case ICU:
				SET_BIT(TIMSK,5);
    1114:	a9 e5       	ldi	r26, 0x59	; 89
    1116:	b0 e0       	ldi	r27, 0x00	; 0
    1118:	e9 e5       	ldi	r30, 0x59	; 89
    111a:	f0 e0       	ldi	r31, 0x00	; 0
    111c:	80 81       	ld	r24, Z
    111e:	80 62       	ori	r24, 0x20	; 32
    1120:	8c 93       	st	X, r24
				break;
			}
		}

}
    1122:	0f 90       	pop	r0
    1124:	0f 90       	pop	r0
    1126:	0f 90       	pop	r0
    1128:	0f 90       	pop	r0
    112a:	cf 91       	pop	r28
    112c:	df 91       	pop	r29
    112e:	08 95       	ret

00001130 <MTIMER_vDisableInterrupt>:
void MTIMER_vDisableInterrupt(u8 A_u8TimerID, u8 A_u8TimerMode)
{
    1130:	df 93       	push	r29
    1132:	cf 93       	push	r28
    1134:	00 d0       	rcall	.+0      	; 0x1136 <MTIMER_vDisableInterrupt+0x6>
    1136:	00 d0       	rcall	.+0      	; 0x1138 <MTIMER_vDisableInterrupt+0x8>
    1138:	cd b7       	in	r28, 0x3d	; 61
    113a:	de b7       	in	r29, 0x3e	; 62
    113c:	89 83       	std	Y+1, r24	; 0x01
    113e:	6a 83       	std	Y+2, r22	; 0x02

	if(A_u8TimerID == TIMER_0)
    1140:	89 81       	ldd	r24, Y+1	; 0x01
    1142:	88 23       	and	r24, r24
    1144:	f1 f4       	brne	.+60     	; 0x1182 <MTIMER_vDisableInterrupt+0x52>
	{
		switch(A_u8TimerMode)
    1146:	8a 81       	ldd	r24, Y+2	; 0x02
    1148:	28 2f       	mov	r18, r24
    114a:	30 e0       	ldi	r19, 0x00	; 0
    114c:	3c 83       	std	Y+4, r19	; 0x04
    114e:	2b 83       	std	Y+3, r18	; 0x03
    1150:	8b 81       	ldd	r24, Y+3	; 0x03
    1152:	9c 81       	ldd	r25, Y+4	; 0x04
    1154:	00 97       	sbiw	r24, 0x00	; 0
    1156:	31 f0       	breq	.+12     	; 0x1164 <MTIMER_vDisableInterrupt+0x34>
    1158:	2b 81       	ldd	r18, Y+3	; 0x03
    115a:	3c 81       	ldd	r19, Y+4	; 0x04
    115c:	21 30       	cpi	r18, 0x01	; 1
    115e:	31 05       	cpc	r19, r1
    1160:	49 f0       	breq	.+18     	; 0x1174 <MTIMER_vDisableInterrupt+0x44>
    1162:	0f c0       	rjmp	.+30     	; 0x1182 <MTIMER_vDisableInterrupt+0x52>
		{
		case NORMAL_OVERFLOW:
			CLR_BIT(TIMSK,0);
    1164:	a9 e5       	ldi	r26, 0x59	; 89
    1166:	b0 e0       	ldi	r27, 0x00	; 0
    1168:	e9 e5       	ldi	r30, 0x59	; 89
    116a:	f0 e0       	ldi	r31, 0x00	; 0
    116c:	80 81       	ld	r24, Z
    116e:	8e 7f       	andi	r24, 0xFE	; 254
    1170:	8c 93       	st	X, r24
    1172:	07 c0       	rjmp	.+14     	; 0x1182 <MTIMER_vDisableInterrupt+0x52>
			break;

		case CTC:
			CLR_BIT(TIMSK,1);
    1174:	a9 e5       	ldi	r26, 0x59	; 89
    1176:	b0 e0       	ldi	r27, 0x00	; 0
    1178:	e9 e5       	ldi	r30, 0x59	; 89
    117a:	f0 e0       	ldi	r31, 0x00	; 0
    117c:	80 81       	ld	r24, Z
    117e:	8d 7f       	andi	r24, 0xFD	; 253
    1180:	8c 93       	st	X, r24
			break;
		}
	}

	if(A_u8TimerID == TIMER_1)
    1182:	89 81       	ldd	r24, Y+1	; 0x01
    1184:	81 30       	cpi	r24, 0x01	; 1
    1186:	69 f4       	brne	.+26     	; 0x11a2 <MTIMER_vDisableInterrupt+0x72>
			{
				switch(A_u8TimerMode)
    1188:	8a 81       	ldd	r24, Y+2	; 0x02
    118a:	88 2f       	mov	r24, r24
    118c:	90 e0       	ldi	r25, 0x00	; 0
    118e:	84 30       	cpi	r24, 0x04	; 4
    1190:	91 05       	cpc	r25, r1
    1192:	39 f4       	brne	.+14     	; 0x11a2 <MTIMER_vDisableInterrupt+0x72>
				{
				case ICU:
					CLR_BIT(TIMSK,5);
    1194:	a9 e5       	ldi	r26, 0x59	; 89
    1196:	b0 e0       	ldi	r27, 0x00	; 0
    1198:	e9 e5       	ldi	r30, 0x59	; 89
    119a:	f0 e0       	ldi	r31, 0x00	; 0
    119c:	80 81       	ld	r24, Z
    119e:	8f 7d       	andi	r24, 0xDF	; 223
    11a0:	8c 93       	st	X, r24
					break;
				}
			}

}
    11a2:	0f 90       	pop	r0
    11a4:	0f 90       	pop	r0
    11a6:	0f 90       	pop	r0
    11a8:	0f 90       	pop	r0
    11aa:	cf 91       	pop	r28
    11ac:	df 91       	pop	r29
    11ae:	08 95       	ret

000011b0 <MTIMER_vSetInterval_CTC>:


void MTIMER_vSetInterval_CTC(void (*Fptr)(void),u32 A_u32IntervalCount)
{
    11b0:	df 93       	push	r29
    11b2:	cf 93       	push	r28
    11b4:	00 d0       	rcall	.+0      	; 0x11b6 <MTIMER_vSetInterval_CTC+0x6>
    11b6:	00 d0       	rcall	.+0      	; 0x11b8 <MTIMER_vSetInterval_CTC+0x8>
    11b8:	00 d0       	rcall	.+0      	; 0x11ba <MTIMER_vSetInterval_CTC+0xa>
    11ba:	cd b7       	in	r28, 0x3d	; 61
    11bc:	de b7       	in	r29, 0x3e	; 62
    11be:	9a 83       	std	Y+2, r25	; 0x02
    11c0:	89 83       	std	Y+1, r24	; 0x01
    11c2:	4b 83       	std	Y+3, r20	; 0x03
    11c4:	5c 83       	std	Y+4, r21	; 0x04
    11c6:	6d 83       	std	Y+5, r22	; 0x05
    11c8:	7e 83       	std	Y+6, r23	; 0x06
	G_32IntervalCount= A_u32IntervalCount;
    11ca:	8b 81       	ldd	r24, Y+3	; 0x03
    11cc:	9c 81       	ldd	r25, Y+4	; 0x04
    11ce:	ad 81       	ldd	r26, Y+5	; 0x05
    11d0:	be 81       	ldd	r27, Y+6	; 0x06
    11d2:	80 93 7f 00 	sts	0x007F, r24
    11d6:	90 93 80 00 	sts	0x0080, r25
    11da:	a0 93 81 00 	sts	0x0081, r26
    11de:	b0 93 82 00 	sts	0x0082, r27
	G_TIMER_CTC_CB = Fptr;
    11e2:	89 81       	ldd	r24, Y+1	; 0x01
    11e4:	9a 81       	ldd	r25, Y+2	; 0x02
    11e6:	90 93 7b 00 	sts	0x007B, r25
    11ea:	80 93 7a 00 	sts	0x007A, r24

}
    11ee:	26 96       	adiw	r28, 0x06	; 6
    11f0:	0f b6       	in	r0, 0x3f	; 63
    11f2:	f8 94       	cli
    11f4:	de bf       	out	0x3e, r29	; 62
    11f6:	0f be       	out	0x3f, r0	; 63
    11f8:	cd bf       	out	0x3d, r28	; 61
    11fa:	cf 91       	pop	r28
    11fc:	df 91       	pop	r29
    11fe:	08 95       	ret

00001200 <MTIMER_vSetInterval_OVF>:

void MTIMER_vSetInterval_OVF(void (*Fptr)(void),u32 A_u32IntervalCount)
{
    1200:	df 93       	push	r29
    1202:	cf 93       	push	r28
    1204:	00 d0       	rcall	.+0      	; 0x1206 <MTIMER_vSetInterval_OVF+0x6>
    1206:	00 d0       	rcall	.+0      	; 0x1208 <MTIMER_vSetInterval_OVF+0x8>
    1208:	00 d0       	rcall	.+0      	; 0x120a <MTIMER_vSetInterval_OVF+0xa>
    120a:	cd b7       	in	r28, 0x3d	; 61
    120c:	de b7       	in	r29, 0x3e	; 62
    120e:	9a 83       	std	Y+2, r25	; 0x02
    1210:	89 83       	std	Y+1, r24	; 0x01
    1212:	4b 83       	std	Y+3, r20	; 0x03
    1214:	5c 83       	std	Y+4, r21	; 0x04
    1216:	6d 83       	std	Y+5, r22	; 0x05
    1218:	7e 83       	std	Y+6, r23	; 0x06
	G_32IntervalCount= A_u32IntervalCount;
    121a:	8b 81       	ldd	r24, Y+3	; 0x03
    121c:	9c 81       	ldd	r25, Y+4	; 0x04
    121e:	ad 81       	ldd	r26, Y+5	; 0x05
    1220:	be 81       	ldd	r27, Y+6	; 0x06
    1222:	80 93 7f 00 	sts	0x007F, r24
    1226:	90 93 80 00 	sts	0x0080, r25
    122a:	a0 93 81 00 	sts	0x0081, r26
    122e:	b0 93 82 00 	sts	0x0082, r27
	G_TIMER_OVF_CB = Fptr;
    1232:	89 81       	ldd	r24, Y+1	; 0x01
    1234:	9a 81       	ldd	r25, Y+2	; 0x02
    1236:	90 93 79 00 	sts	0x0079, r25
    123a:	80 93 78 00 	sts	0x0078, r24

}
    123e:	26 96       	adiw	r28, 0x06	; 6
    1240:	0f b6       	in	r0, 0x3f	; 63
    1242:	f8 94       	cli
    1244:	de bf       	out	0x3e, r29	; 62
    1246:	0f be       	out	0x3f, r0	; 63
    1248:	cd bf       	out	0x3d, r28	; 61
    124a:	cf 91       	pop	r28
    124c:	df 91       	pop	r29
    124e:	08 95       	ret

00001250 <__vector_11>:

// Timer_0 Overflow
void __vector_11(void) __attribute__((signal));
void __vector_11(void)
{
    1250:	1f 92       	push	r1
    1252:	0f 92       	push	r0
    1254:	0f b6       	in	r0, 0x3f	; 63
    1256:	0f 92       	push	r0
    1258:	11 24       	eor	r1, r1
    125a:	2f 93       	push	r18
    125c:	3f 93       	push	r19
    125e:	4f 93       	push	r20
    1260:	5f 93       	push	r21
    1262:	6f 93       	push	r22
    1264:	7f 93       	push	r23
    1266:	8f 93       	push	r24
    1268:	9f 93       	push	r25
    126a:	af 93       	push	r26
    126c:	bf 93       	push	r27
    126e:	ef 93       	push	r30
    1270:	ff 93       	push	r31
    1272:	df 93       	push	r29
    1274:	cf 93       	push	r28
    1276:	cd b7       	in	r28, 0x3d	; 61
    1278:	de b7       	in	r29, 0x3e	; 62
	//A local static unsigned 32-bit variable used to count timer overflows."
	static u32 LS_u32T_OVF = 0;


	LS_u32T_OVF++;
    127a:	80 91 83 00 	lds	r24, 0x0083
    127e:	90 91 84 00 	lds	r25, 0x0084
    1282:	a0 91 85 00 	lds	r26, 0x0085
    1286:	b0 91 86 00 	lds	r27, 0x0086
    128a:	01 96       	adiw	r24, 0x01	; 1
    128c:	a1 1d       	adc	r26, r1
    128e:	b1 1d       	adc	r27, r1
    1290:	80 93 83 00 	sts	0x0083, r24
    1294:	90 93 84 00 	sts	0x0084, r25
    1298:	a0 93 85 00 	sts	0x0085, r26
    129c:	b0 93 86 00 	sts	0x0086, r27
	if(LS_u32T_OVF == G_32IntervalCount)
    12a0:	20 91 83 00 	lds	r18, 0x0083
    12a4:	30 91 84 00 	lds	r19, 0x0084
    12a8:	40 91 85 00 	lds	r20, 0x0085
    12ac:	50 91 86 00 	lds	r21, 0x0086
    12b0:	80 91 7f 00 	lds	r24, 0x007F
    12b4:	90 91 80 00 	lds	r25, 0x0080
    12b8:	a0 91 81 00 	lds	r26, 0x0081
    12bc:	b0 91 82 00 	lds	r27, 0x0082
    12c0:	28 17       	cp	r18, r24
    12c2:	39 07       	cpc	r19, r25
    12c4:	4a 07       	cpc	r20, r26
    12c6:	5b 07       	cpc	r21, r27
    12c8:	c1 f4       	brne	.+48     	; 0x12fa <__vector_11+0xaa>
	{
	    // Reload the pre-load value FOR THE NEXT INTERVAL
		TCNT0 = G_u8Time0Preload;
    12ca:	e2 e5       	ldi	r30, 0x52	; 82
    12cc:	f0 e0       	ldi	r31, 0x00	; 0
    12ce:	80 91 7e 00 	lds	r24, 0x007E
    12d2:	80 83       	st	Z, r24

		if(G_TIMER_OVF_CB != NULL)
    12d4:	80 91 78 00 	lds	r24, 0x0078
    12d8:	90 91 79 00 	lds	r25, 0x0079
    12dc:	00 97       	sbiw	r24, 0x00	; 0
    12de:	29 f0       	breq	.+10     	; 0x12ea <__vector_11+0x9a>
		{
			G_TIMER_OVF_CB();
    12e0:	e0 91 78 00 	lds	r30, 0x0078
    12e4:	f0 91 79 00 	lds	r31, 0x0079
    12e8:	09 95       	icall
		}
		LS_u32T_OVF = 0;
    12ea:	10 92 83 00 	sts	0x0083, r1
    12ee:	10 92 84 00 	sts	0x0084, r1
    12f2:	10 92 85 00 	sts	0x0085, r1
    12f6:	10 92 86 00 	sts	0x0086, r1
	}

}
    12fa:	cf 91       	pop	r28
    12fc:	df 91       	pop	r29
    12fe:	ff 91       	pop	r31
    1300:	ef 91       	pop	r30
    1302:	bf 91       	pop	r27
    1304:	af 91       	pop	r26
    1306:	9f 91       	pop	r25
    1308:	8f 91       	pop	r24
    130a:	7f 91       	pop	r23
    130c:	6f 91       	pop	r22
    130e:	5f 91       	pop	r21
    1310:	4f 91       	pop	r20
    1312:	3f 91       	pop	r19
    1314:	2f 91       	pop	r18
    1316:	0f 90       	pop	r0
    1318:	0f be       	out	0x3f, r0	; 63
    131a:	0f 90       	pop	r0
    131c:	1f 90       	pop	r1
    131e:	18 95       	reti

00001320 <__vector_10>:

//Timer_0 CTC
void __vector_10(void) __attribute__((signal));
void __vector_10(void)
{
    1320:	1f 92       	push	r1
    1322:	0f 92       	push	r0
    1324:	0f b6       	in	r0, 0x3f	; 63
    1326:	0f 92       	push	r0
    1328:	11 24       	eor	r1, r1
    132a:	2f 93       	push	r18
    132c:	3f 93       	push	r19
    132e:	4f 93       	push	r20
    1330:	5f 93       	push	r21
    1332:	6f 93       	push	r22
    1334:	7f 93       	push	r23
    1336:	8f 93       	push	r24
    1338:	9f 93       	push	r25
    133a:	af 93       	push	r26
    133c:	bf 93       	push	r27
    133e:	ef 93       	push	r30
    1340:	ff 93       	push	r31
    1342:	df 93       	push	r29
    1344:	cf 93       	push	r28
    1346:	cd b7       	in	r28, 0x3d	; 61
    1348:	de b7       	in	r29, 0x3e	; 62
	static u32 LS_u32Counter = 0;
	LS_u32Counter++;
    134a:	80 91 87 00 	lds	r24, 0x0087
    134e:	90 91 88 00 	lds	r25, 0x0088
    1352:	a0 91 89 00 	lds	r26, 0x0089
    1356:	b0 91 8a 00 	lds	r27, 0x008A
    135a:	01 96       	adiw	r24, 0x01	; 1
    135c:	a1 1d       	adc	r26, r1
    135e:	b1 1d       	adc	r27, r1
    1360:	80 93 87 00 	sts	0x0087, r24
    1364:	90 93 88 00 	sts	0x0088, r25
    1368:	a0 93 89 00 	sts	0x0089, r26
    136c:	b0 93 8a 00 	sts	0x008A, r27
	if(LS_u32Counter == G_32IntervalCount)
    1370:	20 91 87 00 	lds	r18, 0x0087
    1374:	30 91 88 00 	lds	r19, 0x0088
    1378:	40 91 89 00 	lds	r20, 0x0089
    137c:	50 91 8a 00 	lds	r21, 0x008A
    1380:	80 91 7f 00 	lds	r24, 0x007F
    1384:	90 91 80 00 	lds	r25, 0x0080
    1388:	a0 91 81 00 	lds	r26, 0x0081
    138c:	b0 91 82 00 	lds	r27, 0x0082
    1390:	28 17       	cp	r18, r24
    1392:	39 07       	cpc	r19, r25
    1394:	4a 07       	cpc	r20, r26
    1396:	5b 07       	cpc	r21, r27
    1398:	99 f4       	brne	.+38     	; 0x13c0 <__vector_10+0xa0>
	{
		if(G_TIMER_CTC_CB != NULL)
    139a:	80 91 7a 00 	lds	r24, 0x007A
    139e:	90 91 7b 00 	lds	r25, 0x007B
    13a2:	00 97       	sbiw	r24, 0x00	; 0
    13a4:	29 f0       	breq	.+10     	; 0x13b0 <__vector_10+0x90>
		{
			G_TIMER_CTC_CB();
    13a6:	e0 91 7a 00 	lds	r30, 0x007A
    13aa:	f0 91 7b 00 	lds	r31, 0x007B
    13ae:	09 95       	icall
		}
		LS_u32Counter = 0;
    13b0:	10 92 87 00 	sts	0x0087, r1
    13b4:	10 92 88 00 	sts	0x0088, r1
    13b8:	10 92 89 00 	sts	0x0089, r1
    13bc:	10 92 8a 00 	sts	0x008A, r1
	}
}
    13c0:	cf 91       	pop	r28
    13c2:	df 91       	pop	r29
    13c4:	ff 91       	pop	r31
    13c6:	ef 91       	pop	r30
    13c8:	bf 91       	pop	r27
    13ca:	af 91       	pop	r26
    13cc:	9f 91       	pop	r25
    13ce:	8f 91       	pop	r24
    13d0:	7f 91       	pop	r23
    13d2:	6f 91       	pop	r22
    13d4:	5f 91       	pop	r21
    13d6:	4f 91       	pop	r20
    13d8:	3f 91       	pop	r19
    13da:	2f 91       	pop	r18
    13dc:	0f 90       	pop	r0
    13de:	0f be       	out	0x3f, r0	; 63
    13e0:	0f 90       	pop	r0
    13e2:	1f 90       	pop	r1
    13e4:	18 95       	reti

000013e6 <__vector_6>:

// Timer_1 ICU
void __vector_6(void) __attribute__((signal));
void __vector_6(void)
{
    13e6:	1f 92       	push	r1
    13e8:	0f 92       	push	r0
    13ea:	0f b6       	in	r0, 0x3f	; 63
    13ec:	0f 92       	push	r0
    13ee:	11 24       	eor	r1, r1
    13f0:	2f 93       	push	r18
    13f2:	3f 93       	push	r19
    13f4:	4f 93       	push	r20
    13f6:	5f 93       	push	r21
    13f8:	6f 93       	push	r22
    13fa:	7f 93       	push	r23
    13fc:	8f 93       	push	r24
    13fe:	9f 93       	push	r25
    1400:	af 93       	push	r26
    1402:	bf 93       	push	r27
    1404:	ef 93       	push	r30
    1406:	ff 93       	push	r31
    1408:	df 93       	push	r29
    140a:	cf 93       	push	r28
    140c:	cd b7       	in	r28, 0x3d	; 61
    140e:	de b7       	in	r29, 0x3e	; 62
		if(G_TIMER_ICU_CB != NULL)
    1410:	80 91 7c 00 	lds	r24, 0x007C
    1414:	90 91 7d 00 	lds	r25, 0x007D
    1418:	00 97       	sbiw	r24, 0x00	; 0
    141a:	29 f0       	breq	.+10     	; 0x1426 <__vector_6+0x40>
		{
			G_TIMER_ICU_CB();
    141c:	e0 91 7c 00 	lds	r30, 0x007C
    1420:	f0 91 7d 00 	lds	r31, 0x007D
    1424:	09 95       	icall
		}
}
    1426:	cf 91       	pop	r28
    1428:	df 91       	pop	r29
    142a:	ff 91       	pop	r31
    142c:	ef 91       	pop	r30
    142e:	bf 91       	pop	r27
    1430:	af 91       	pop	r26
    1432:	9f 91       	pop	r25
    1434:	8f 91       	pop	r24
    1436:	7f 91       	pop	r23
    1438:	6f 91       	pop	r22
    143a:	5f 91       	pop	r21
    143c:	4f 91       	pop	r20
    143e:	3f 91       	pop	r19
    1440:	2f 91       	pop	r18
    1442:	0f 90       	pop	r0
    1444:	0f be       	out	0x3f, r0	; 63
    1446:	0f 90       	pop	r0
    1448:	1f 90       	pop	r1
    144a:	18 95       	reti

0000144c <MGIE_vEnableGlobalInterrupt>:
#include "../DIO/DIO_int.h"

#include"GIE_prv.h"

void MGIE_vEnableGlobalInterrupt()
{
    144c:	df 93       	push	r29
    144e:	cf 93       	push	r28
    1450:	cd b7       	in	r28, 0x3d	; 61
    1452:	de b7       	in	r29, 0x3e	; 62
	SET_BIT(SREG , 7);
    1454:	af e5       	ldi	r26, 0x5F	; 95
    1456:	b0 e0       	ldi	r27, 0x00	; 0
    1458:	ef e5       	ldi	r30, 0x5F	; 95
    145a:	f0 e0       	ldi	r31, 0x00	; 0
    145c:	80 81       	ld	r24, Z
    145e:	80 68       	ori	r24, 0x80	; 128
    1460:	8c 93       	st	X, r24
}
    1462:	cf 91       	pop	r28
    1464:	df 91       	pop	r29
    1466:	08 95       	ret

00001468 <MGIE_vDisableGlobalInterrupt>:

void MGIE_vDisableGlobalInterrupt()
{
    1468:	df 93       	push	r29
    146a:	cf 93       	push	r28
    146c:	cd b7       	in	r28, 0x3d	; 61
    146e:	de b7       	in	r29, 0x3e	; 62
	CLR_BIT(SREG , 7);
    1470:	af e5       	ldi	r26, 0x5F	; 95
    1472:	b0 e0       	ldi	r27, 0x00	; 0
    1474:	ef e5       	ldi	r30, 0x5F	; 95
    1476:	f0 e0       	ldi	r31, 0x00	; 0
    1478:	80 81       	ld	r24, Z
    147a:	8f 77       	andi	r24, 0x7F	; 127
    147c:	8c 93       	st	X, r24
}
    147e:	cf 91       	pop	r28
    1480:	df 91       	pop	r29
    1482:	08 95       	ret

00001484 <MEXTI_vINIT>:
#include "../../MCAL/EXTI/EXTI_prv.h"

static void (*G_EXTI_CallBack[3])(void) = {NULL};

void MEXTI_vINIT(void)
{
    1484:	df 93       	push	r29
    1486:	cf 93       	push	r28
    1488:	cd b7       	in	r28, 0x3d	; 61
    148a:	de b7       	in	r29, 0x3e	; 62
#if EXTI_INT0_STATE == ENABLE

#if EXTI_INT0_SENSE_CTRL == EXTI_FALLING

	CLR_BIT(MCUCR , 0);
    148c:	a5 e5       	ldi	r26, 0x55	; 85
    148e:	b0 e0       	ldi	r27, 0x00	; 0
    1490:	e5 e5       	ldi	r30, 0x55	; 85
    1492:	f0 e0       	ldi	r31, 0x00	; 0
    1494:	80 81       	ld	r24, Z
    1496:	8e 7f       	andi	r24, 0xFE	; 254
    1498:	8c 93       	st	X, r24
	SET_BIT(MCUCR , 1);
    149a:	a5 e5       	ldi	r26, 0x55	; 85
    149c:	b0 e0       	ldi	r27, 0x00	; 0
    149e:	e5 e5       	ldi	r30, 0x55	; 85
    14a0:	f0 e0       	ldi	r31, 0x00	; 0
    14a2:	80 81       	ld	r24, Z
    14a4:	82 60       	ori	r24, 0x02	; 2
    14a6:	8c 93       	st	X, r24

#else
#error "Sensing Control Not Available"

#endif
	SET_BIT(GICR , 6);
    14a8:	ab e5       	ldi	r26, 0x5B	; 91
    14aa:	b0 e0       	ldi	r27, 0x00	; 0
    14ac:	eb e5       	ldi	r30, 0x5B	; 91
    14ae:	f0 e0       	ldi	r31, 0x00	; 0
    14b0:	80 81       	ld	r24, Z
    14b2:	80 64       	ori	r24, 0x40	; 64
    14b4:	8c 93       	st	X, r24

#if EXTI_INT1_STATE == ENABLE

#if EXTI_INT1_SENSE_CTRL == EXTI_FALLING

	CLR_BIT(MCUCR , 2);
    14b6:	a5 e5       	ldi	r26, 0x55	; 85
    14b8:	b0 e0       	ldi	r27, 0x00	; 0
    14ba:	e5 e5       	ldi	r30, 0x55	; 85
    14bc:	f0 e0       	ldi	r31, 0x00	; 0
    14be:	80 81       	ld	r24, Z
    14c0:	8b 7f       	andi	r24, 0xFB	; 251
    14c2:	8c 93       	st	X, r24
	SET_BIT(MCUCR , 3);
    14c4:	a5 e5       	ldi	r26, 0x55	; 85
    14c6:	b0 e0       	ldi	r27, 0x00	; 0
    14c8:	e5 e5       	ldi	r30, 0x55	; 85
    14ca:	f0 e0       	ldi	r31, 0x00	; 0
    14cc:	80 81       	ld	r24, Z
    14ce:	88 60       	ori	r24, 0x08	; 8
    14d0:	8c 93       	st	X, r24

#else
#error "Sensing Control Not Available"

#endif
	SET_BIT(GICR , 7);
    14d2:	ab e5       	ldi	r26, 0x5B	; 91
    14d4:	b0 e0       	ldi	r27, 0x00	; 0
    14d6:	eb e5       	ldi	r30, 0x5B	; 91
    14d8:	f0 e0       	ldi	r31, 0x00	; 0
    14da:	80 81       	ld	r24, Z
    14dc:	80 68       	ori	r24, 0x80	; 128
    14de:	8c 93       	st	X, r24
#error "Sensing Control Not Available"

#endif
	SET_BIT(GICR , 5);
#endif
}
    14e0:	cf 91       	pop	r28
    14e2:	df 91       	pop	r29
    14e4:	08 95       	ret

000014e6 <MEXTI_vCallBackFunction>:


void MEXTI_vCallBackFunction(void (*Fptr)(void) , u8 A_u8InterruptNo)
{
    14e6:	df 93       	push	r29
    14e8:	cf 93       	push	r28
    14ea:	00 d0       	rcall	.+0      	; 0x14ec <MEXTI_vCallBackFunction+0x6>
    14ec:	0f 92       	push	r0
    14ee:	cd b7       	in	r28, 0x3d	; 61
    14f0:	de b7       	in	r29, 0x3e	; 62
    14f2:	9a 83       	std	Y+2, r25	; 0x02
    14f4:	89 83       	std	Y+1, r24	; 0x01
    14f6:	6b 83       	std	Y+3, r22	; 0x03
	G_EXTI_CallBack[A_u8InterruptNo] = Fptr;
    14f8:	8b 81       	ldd	r24, Y+3	; 0x03
    14fa:	88 2f       	mov	r24, r24
    14fc:	90 e0       	ldi	r25, 0x00	; 0
    14fe:	88 0f       	add	r24, r24
    1500:	99 1f       	adc	r25, r25
    1502:	fc 01       	movw	r30, r24
    1504:	e5 57       	subi	r30, 0x75	; 117
    1506:	ff 4f       	sbci	r31, 0xFF	; 255
    1508:	89 81       	ldd	r24, Y+1	; 0x01
    150a:	9a 81       	ldd	r25, Y+2	; 0x02
    150c:	91 83       	std	Z+1, r25	; 0x01
    150e:	80 83       	st	Z, r24
}
    1510:	0f 90       	pop	r0
    1512:	0f 90       	pop	r0
    1514:	0f 90       	pop	r0
    1516:	cf 91       	pop	r28
    1518:	df 91       	pop	r29
    151a:	08 95       	ret

0000151c <__vector_1>:

void __vector_1(void) __attribute__((signal));   //vector_1 >> interrupt
void __vector_1(void)
{
    151c:	1f 92       	push	r1
    151e:	0f 92       	push	r0
    1520:	0f b6       	in	r0, 0x3f	; 63
    1522:	0f 92       	push	r0
    1524:	11 24       	eor	r1, r1
    1526:	2f 93       	push	r18
    1528:	3f 93       	push	r19
    152a:	4f 93       	push	r20
    152c:	5f 93       	push	r21
    152e:	6f 93       	push	r22
    1530:	7f 93       	push	r23
    1532:	8f 93       	push	r24
    1534:	9f 93       	push	r25
    1536:	af 93       	push	r26
    1538:	bf 93       	push	r27
    153a:	ef 93       	push	r30
    153c:	ff 93       	push	r31
    153e:	df 93       	push	r29
    1540:	cf 93       	push	r28
    1542:	cd b7       	in	r28, 0x3d	; 61
    1544:	de b7       	in	r29, 0x3e	; 62
	if(G_EXTI_CallBack[EXTI_INT0_ID] != NULL)
    1546:	80 91 8b 00 	lds	r24, 0x008B
    154a:	90 91 8c 00 	lds	r25, 0x008C
    154e:	00 97       	sbiw	r24, 0x00	; 0
    1550:	29 f0       	breq	.+10     	; 0x155c <__vector_1+0x40>
	{
		G_EXTI_CallBack[EXTI_INT0_ID]();
    1552:	e0 91 8b 00 	lds	r30, 0x008B
    1556:	f0 91 8c 00 	lds	r31, 0x008C
    155a:	09 95       	icall
	}
}
    155c:	cf 91       	pop	r28
    155e:	df 91       	pop	r29
    1560:	ff 91       	pop	r31
    1562:	ef 91       	pop	r30
    1564:	bf 91       	pop	r27
    1566:	af 91       	pop	r26
    1568:	9f 91       	pop	r25
    156a:	8f 91       	pop	r24
    156c:	7f 91       	pop	r23
    156e:	6f 91       	pop	r22
    1570:	5f 91       	pop	r21
    1572:	4f 91       	pop	r20
    1574:	3f 91       	pop	r19
    1576:	2f 91       	pop	r18
    1578:	0f 90       	pop	r0
    157a:	0f be       	out	0x3f, r0	; 63
    157c:	0f 90       	pop	r0
    157e:	1f 90       	pop	r1
    1580:	18 95       	reti

00001582 <__vector_2>:

void __vector_2(void) __attribute__((signal));   //vector_1 >> interrupt
void __vector_2(void)
{
    1582:	1f 92       	push	r1
    1584:	0f 92       	push	r0
    1586:	0f b6       	in	r0, 0x3f	; 63
    1588:	0f 92       	push	r0
    158a:	11 24       	eor	r1, r1
    158c:	2f 93       	push	r18
    158e:	3f 93       	push	r19
    1590:	4f 93       	push	r20
    1592:	5f 93       	push	r21
    1594:	6f 93       	push	r22
    1596:	7f 93       	push	r23
    1598:	8f 93       	push	r24
    159a:	9f 93       	push	r25
    159c:	af 93       	push	r26
    159e:	bf 93       	push	r27
    15a0:	ef 93       	push	r30
    15a2:	ff 93       	push	r31
    15a4:	df 93       	push	r29
    15a6:	cf 93       	push	r28
    15a8:	cd b7       	in	r28, 0x3d	; 61
    15aa:	de b7       	in	r29, 0x3e	; 62
	if(G_EXTI_CallBack[EXTI_INT1_ID] != NULL)
    15ac:	80 91 8d 00 	lds	r24, 0x008D
    15b0:	90 91 8e 00 	lds	r25, 0x008E
    15b4:	00 97       	sbiw	r24, 0x00	; 0
    15b6:	29 f0       	breq	.+10     	; 0x15c2 <__vector_2+0x40>
	{
		G_EXTI_CallBack[EXTI_INT1_ID]();
    15b8:	e0 91 8d 00 	lds	r30, 0x008D
    15bc:	f0 91 8e 00 	lds	r31, 0x008E
    15c0:	09 95       	icall
	}
}
    15c2:	cf 91       	pop	r28
    15c4:	df 91       	pop	r29
    15c6:	ff 91       	pop	r31
    15c8:	ef 91       	pop	r30
    15ca:	bf 91       	pop	r27
    15cc:	af 91       	pop	r26
    15ce:	9f 91       	pop	r25
    15d0:	8f 91       	pop	r24
    15d2:	7f 91       	pop	r23
    15d4:	6f 91       	pop	r22
    15d6:	5f 91       	pop	r21
    15d8:	4f 91       	pop	r20
    15da:	3f 91       	pop	r19
    15dc:	2f 91       	pop	r18
    15de:	0f 90       	pop	r0
    15e0:	0f be       	out	0x3f, r0	; 63
    15e2:	0f 90       	pop	r0
    15e4:	1f 90       	pop	r1
    15e6:	18 95       	reti

000015e8 <__vector_3>:

void __vector_3(void) __attribute__((signal));   //vector_1 >> interrupt
void __vector_3(void)
{
    15e8:	1f 92       	push	r1
    15ea:	0f 92       	push	r0
    15ec:	0f b6       	in	r0, 0x3f	; 63
    15ee:	0f 92       	push	r0
    15f0:	11 24       	eor	r1, r1
    15f2:	2f 93       	push	r18
    15f4:	3f 93       	push	r19
    15f6:	4f 93       	push	r20
    15f8:	5f 93       	push	r21
    15fa:	6f 93       	push	r22
    15fc:	7f 93       	push	r23
    15fe:	8f 93       	push	r24
    1600:	9f 93       	push	r25
    1602:	af 93       	push	r26
    1604:	bf 93       	push	r27
    1606:	ef 93       	push	r30
    1608:	ff 93       	push	r31
    160a:	df 93       	push	r29
    160c:	cf 93       	push	r28
    160e:	cd b7       	in	r28, 0x3d	; 61
    1610:	de b7       	in	r29, 0x3e	; 62
	if(G_EXTI_CallBack[EXTI_INT2_ID] != NULL)
    1612:	80 91 8f 00 	lds	r24, 0x008F
    1616:	90 91 90 00 	lds	r25, 0x0090
    161a:	00 97       	sbiw	r24, 0x00	; 0
    161c:	29 f0       	breq	.+10     	; 0x1628 <__vector_3+0x40>
	{
		G_EXTI_CallBack[EXTI_INT2_ID]();
    161e:	e0 91 8f 00 	lds	r30, 0x008F
    1622:	f0 91 90 00 	lds	r31, 0x0090
    1626:	09 95       	icall
	}
}
    1628:	cf 91       	pop	r28
    162a:	df 91       	pop	r29
    162c:	ff 91       	pop	r31
    162e:	ef 91       	pop	r30
    1630:	bf 91       	pop	r27
    1632:	af 91       	pop	r26
    1634:	9f 91       	pop	r25
    1636:	8f 91       	pop	r24
    1638:	7f 91       	pop	r23
    163a:	6f 91       	pop	r22
    163c:	5f 91       	pop	r21
    163e:	4f 91       	pop	r20
    1640:	3f 91       	pop	r19
    1642:	2f 91       	pop	r18
    1644:	0f 90       	pop	r0
    1646:	0f be       	out	0x3f, r0	; 63
    1648:	0f 90       	pop	r0
    164a:	1f 90       	pop	r1
    164c:	18 95       	reti

0000164e <MDIO_vINIT>:

#include "DIO_int.h"
#include "DIO_prv.h"

void MDIO_vINIT(void)
{
    164e:	df 93       	push	r29
    1650:	cf 93       	push	r28
    1652:	cd b7       	in	r28, 0x3d	; 61
    1654:	de b7       	in	r29, 0x3e	; 62
	PORTA = 0;
    1656:	eb e3       	ldi	r30, 0x3B	; 59
    1658:	f0 e0       	ldi	r31, 0x00	; 0
    165a:	10 82       	st	Z, r1
	PORTB = 0;
    165c:	e8 e3       	ldi	r30, 0x38	; 56
    165e:	f0 e0       	ldi	r31, 0x00	; 0
    1660:	10 82       	st	Z, r1
	PORTC = 0;
    1662:	e5 e3       	ldi	r30, 0x35	; 53
    1664:	f0 e0       	ldi	r31, 0x00	; 0
    1666:	10 82       	st	Z, r1
	PORTD = 0;
    1668:	e2 e3       	ldi	r30, 0x32	; 50
    166a:	f0 e0       	ldi	r31, 0x00	; 0
    166c:	10 82       	st	Z, r1

	DDRA = 0;
    166e:	ea e3       	ldi	r30, 0x3A	; 58
    1670:	f0 e0       	ldi	r31, 0x00	; 0
    1672:	10 82       	st	Z, r1
	DDRB = 0;
    1674:	e7 e3       	ldi	r30, 0x37	; 55
    1676:	f0 e0       	ldi	r31, 0x00	; 0
    1678:	10 82       	st	Z, r1
	DDRC = 0;
    167a:	e4 e3       	ldi	r30, 0x34	; 52
    167c:	f0 e0       	ldi	r31, 0x00	; 0
    167e:	10 82       	st	Z, r1
	DDRD = 0;
    1680:	e1 e3       	ldi	r30, 0x31	; 49
    1682:	f0 e0       	ldi	r31, 0x00	; 0
    1684:	10 82       	st	Z, r1
}
    1686:	cf 91       	pop	r28
    1688:	df 91       	pop	r29
    168a:	08 95       	ret

0000168c <MDIO_vSetPinDir>:


//PIN Functions
//MDIO_vSetPinDir (port 0-3 , pin 0-7 , Direction 0/1)
void MDIO_vSetPinDir(u8 A_u8PortNo , u8 A_u8PinNo , u8 A_u8PinDir)
{
    168c:	df 93       	push	r29
    168e:	cf 93       	push	r28
    1690:	cd b7       	in	r28, 0x3d	; 61
    1692:	de b7       	in	r29, 0x3e	; 62
    1694:	27 97       	sbiw	r28, 0x07	; 7
    1696:	0f b6       	in	r0, 0x3f	; 63
    1698:	f8 94       	cli
    169a:	de bf       	out	0x3e, r29	; 62
    169c:	0f be       	out	0x3f, r0	; 63
    169e:	cd bf       	out	0x3d, r28	; 61
    16a0:	89 83       	std	Y+1, r24	; 0x01
    16a2:	6a 83       	std	Y+2, r22	; 0x02
    16a4:	4b 83       	std	Y+3, r20	; 0x03
	//SET BIT AS OUTPUT
	if(A_u8PinDir == DIO_OUTPUT)
    16a6:	8b 81       	ldd	r24, Y+3	; 0x03
    16a8:	81 30       	cpi	r24, 0x01	; 1
    16aa:	09 f0       	breq	.+2      	; 0x16ae <MDIO_vSetPinDir+0x22>
    16ac:	6b c0       	rjmp	.+214    	; 0x1784 <MDIO_vSetPinDir+0xf8>
	{
		switch(A_u8PortNo)
    16ae:	89 81       	ldd	r24, Y+1	; 0x01
    16b0:	28 2f       	mov	r18, r24
    16b2:	30 e0       	ldi	r19, 0x00	; 0
    16b4:	3f 83       	std	Y+7, r19	; 0x07
    16b6:	2e 83       	std	Y+6, r18	; 0x06
    16b8:	8e 81       	ldd	r24, Y+6	; 0x06
    16ba:	9f 81       	ldd	r25, Y+7	; 0x07
    16bc:	81 30       	cpi	r24, 0x01	; 1
    16be:	91 05       	cpc	r25, r1
    16c0:	41 f1       	breq	.+80     	; 0x1712 <MDIO_vSetPinDir+0x86>
    16c2:	2e 81       	ldd	r18, Y+6	; 0x06
    16c4:	3f 81       	ldd	r19, Y+7	; 0x07
    16c6:	22 30       	cpi	r18, 0x02	; 2
    16c8:	31 05       	cpc	r19, r1
    16ca:	2c f4       	brge	.+10     	; 0x16d6 <MDIO_vSetPinDir+0x4a>
    16cc:	8e 81       	ldd	r24, Y+6	; 0x06
    16ce:	9f 81       	ldd	r25, Y+7	; 0x07
    16d0:	00 97       	sbiw	r24, 0x00	; 0
    16d2:	61 f0       	breq	.+24     	; 0x16ec <MDIO_vSetPinDir+0x60>
    16d4:	c9 c0       	rjmp	.+402    	; 0x1868 <MDIO_vSetPinDir+0x1dc>
    16d6:	2e 81       	ldd	r18, Y+6	; 0x06
    16d8:	3f 81       	ldd	r19, Y+7	; 0x07
    16da:	22 30       	cpi	r18, 0x02	; 2
    16dc:	31 05       	cpc	r19, r1
    16de:	61 f1       	breq	.+88     	; 0x1738 <MDIO_vSetPinDir+0xac>
    16e0:	8e 81       	ldd	r24, Y+6	; 0x06
    16e2:	9f 81       	ldd	r25, Y+7	; 0x07
    16e4:	83 30       	cpi	r24, 0x03	; 3
    16e6:	91 05       	cpc	r25, r1
    16e8:	d1 f1       	breq	.+116    	; 0x175e <MDIO_vSetPinDir+0xd2>
    16ea:	be c0       	rjmp	.+380    	; 0x1868 <MDIO_vSetPinDir+0x1dc>
		{
		case DIO_PORTA :
			SET_BIT(DDRA , A_u8PinNo);
    16ec:	aa e3       	ldi	r26, 0x3A	; 58
    16ee:	b0 e0       	ldi	r27, 0x00	; 0
    16f0:	ea e3       	ldi	r30, 0x3A	; 58
    16f2:	f0 e0       	ldi	r31, 0x00	; 0
    16f4:	40 81       	ld	r20, Z
    16f6:	8a 81       	ldd	r24, Y+2	; 0x02
    16f8:	28 2f       	mov	r18, r24
    16fa:	30 e0       	ldi	r19, 0x00	; 0
    16fc:	81 e0       	ldi	r24, 0x01	; 1
    16fe:	90 e0       	ldi	r25, 0x00	; 0
    1700:	02 2e       	mov	r0, r18
    1702:	02 c0       	rjmp	.+4      	; 0x1708 <MDIO_vSetPinDir+0x7c>
    1704:	88 0f       	add	r24, r24
    1706:	99 1f       	adc	r25, r25
    1708:	0a 94       	dec	r0
    170a:	e2 f7       	brpl	.-8      	; 0x1704 <MDIO_vSetPinDir+0x78>
    170c:	84 2b       	or	r24, r20
    170e:	8c 93       	st	X, r24
    1710:	ab c0       	rjmp	.+342    	; 0x1868 <MDIO_vSetPinDir+0x1dc>
			break;
		case DIO_PORTB :
			SET_BIT(DDRB , A_u8PinNo);
    1712:	a7 e3       	ldi	r26, 0x37	; 55
    1714:	b0 e0       	ldi	r27, 0x00	; 0
    1716:	e7 e3       	ldi	r30, 0x37	; 55
    1718:	f0 e0       	ldi	r31, 0x00	; 0
    171a:	40 81       	ld	r20, Z
    171c:	8a 81       	ldd	r24, Y+2	; 0x02
    171e:	28 2f       	mov	r18, r24
    1720:	30 e0       	ldi	r19, 0x00	; 0
    1722:	81 e0       	ldi	r24, 0x01	; 1
    1724:	90 e0       	ldi	r25, 0x00	; 0
    1726:	02 2e       	mov	r0, r18
    1728:	02 c0       	rjmp	.+4      	; 0x172e <MDIO_vSetPinDir+0xa2>
    172a:	88 0f       	add	r24, r24
    172c:	99 1f       	adc	r25, r25
    172e:	0a 94       	dec	r0
    1730:	e2 f7       	brpl	.-8      	; 0x172a <MDIO_vSetPinDir+0x9e>
    1732:	84 2b       	or	r24, r20
    1734:	8c 93       	st	X, r24
    1736:	98 c0       	rjmp	.+304    	; 0x1868 <MDIO_vSetPinDir+0x1dc>
			break;
		case DIO_PORTC :
			SET_BIT(DDRC , A_u8PinNo);
    1738:	a4 e3       	ldi	r26, 0x34	; 52
    173a:	b0 e0       	ldi	r27, 0x00	; 0
    173c:	e4 e3       	ldi	r30, 0x34	; 52
    173e:	f0 e0       	ldi	r31, 0x00	; 0
    1740:	40 81       	ld	r20, Z
    1742:	8a 81       	ldd	r24, Y+2	; 0x02
    1744:	28 2f       	mov	r18, r24
    1746:	30 e0       	ldi	r19, 0x00	; 0
    1748:	81 e0       	ldi	r24, 0x01	; 1
    174a:	90 e0       	ldi	r25, 0x00	; 0
    174c:	02 2e       	mov	r0, r18
    174e:	02 c0       	rjmp	.+4      	; 0x1754 <MDIO_vSetPinDir+0xc8>
    1750:	88 0f       	add	r24, r24
    1752:	99 1f       	adc	r25, r25
    1754:	0a 94       	dec	r0
    1756:	e2 f7       	brpl	.-8      	; 0x1750 <MDIO_vSetPinDir+0xc4>
    1758:	84 2b       	or	r24, r20
    175a:	8c 93       	st	X, r24
    175c:	85 c0       	rjmp	.+266    	; 0x1868 <MDIO_vSetPinDir+0x1dc>
			break;
		case DIO_PORTD :
			SET_BIT(DDRD , A_u8PinNo);
    175e:	a1 e3       	ldi	r26, 0x31	; 49
    1760:	b0 e0       	ldi	r27, 0x00	; 0
    1762:	e1 e3       	ldi	r30, 0x31	; 49
    1764:	f0 e0       	ldi	r31, 0x00	; 0
    1766:	40 81       	ld	r20, Z
    1768:	8a 81       	ldd	r24, Y+2	; 0x02
    176a:	28 2f       	mov	r18, r24
    176c:	30 e0       	ldi	r19, 0x00	; 0
    176e:	81 e0       	ldi	r24, 0x01	; 1
    1770:	90 e0       	ldi	r25, 0x00	; 0
    1772:	02 2e       	mov	r0, r18
    1774:	02 c0       	rjmp	.+4      	; 0x177a <MDIO_vSetPinDir+0xee>
    1776:	88 0f       	add	r24, r24
    1778:	99 1f       	adc	r25, r25
    177a:	0a 94       	dec	r0
    177c:	e2 f7       	brpl	.-8      	; 0x1776 <MDIO_vSetPinDir+0xea>
    177e:	84 2b       	or	r24, r20
    1780:	8c 93       	st	X, r24
    1782:	72 c0       	rjmp	.+228    	; 0x1868 <MDIO_vSetPinDir+0x1dc>
			break;
		}
	}
	//SET BIT AS INPUT
	else if(A_u8PinDir == DIO_INPUT)
    1784:	8b 81       	ldd	r24, Y+3	; 0x03
    1786:	88 23       	and	r24, r24
    1788:	09 f0       	breq	.+2      	; 0x178c <MDIO_vSetPinDir+0x100>
    178a:	6e c0       	rjmp	.+220    	; 0x1868 <MDIO_vSetPinDir+0x1dc>
	{
		switch(A_u8PortNo)
    178c:	89 81       	ldd	r24, Y+1	; 0x01
    178e:	28 2f       	mov	r18, r24
    1790:	30 e0       	ldi	r19, 0x00	; 0
    1792:	3d 83       	std	Y+5, r19	; 0x05
    1794:	2c 83       	std	Y+4, r18	; 0x04
    1796:	8c 81       	ldd	r24, Y+4	; 0x04
    1798:	9d 81       	ldd	r25, Y+5	; 0x05
    179a:	81 30       	cpi	r24, 0x01	; 1
    179c:	91 05       	cpc	r25, r1
    179e:	49 f1       	breq	.+82     	; 0x17f2 <MDIO_vSetPinDir+0x166>
    17a0:	2c 81       	ldd	r18, Y+4	; 0x04
    17a2:	3d 81       	ldd	r19, Y+5	; 0x05
    17a4:	22 30       	cpi	r18, 0x02	; 2
    17a6:	31 05       	cpc	r19, r1
    17a8:	2c f4       	brge	.+10     	; 0x17b4 <MDIO_vSetPinDir+0x128>
    17aa:	8c 81       	ldd	r24, Y+4	; 0x04
    17ac:	9d 81       	ldd	r25, Y+5	; 0x05
    17ae:	00 97       	sbiw	r24, 0x00	; 0
    17b0:	61 f0       	breq	.+24     	; 0x17ca <MDIO_vSetPinDir+0x13e>
    17b2:	5a c0       	rjmp	.+180    	; 0x1868 <MDIO_vSetPinDir+0x1dc>
    17b4:	2c 81       	ldd	r18, Y+4	; 0x04
    17b6:	3d 81       	ldd	r19, Y+5	; 0x05
    17b8:	22 30       	cpi	r18, 0x02	; 2
    17ba:	31 05       	cpc	r19, r1
    17bc:	71 f1       	breq	.+92     	; 0x181a <MDIO_vSetPinDir+0x18e>
    17be:	8c 81       	ldd	r24, Y+4	; 0x04
    17c0:	9d 81       	ldd	r25, Y+5	; 0x05
    17c2:	83 30       	cpi	r24, 0x03	; 3
    17c4:	91 05       	cpc	r25, r1
    17c6:	e9 f1       	breq	.+122    	; 0x1842 <MDIO_vSetPinDir+0x1b6>
    17c8:	4f c0       	rjmp	.+158    	; 0x1868 <MDIO_vSetPinDir+0x1dc>
		{
		case DIO_PORTA :
			CLR_BIT(DDRA , A_u8PinNo);
    17ca:	aa e3       	ldi	r26, 0x3A	; 58
    17cc:	b0 e0       	ldi	r27, 0x00	; 0
    17ce:	ea e3       	ldi	r30, 0x3A	; 58
    17d0:	f0 e0       	ldi	r31, 0x00	; 0
    17d2:	40 81       	ld	r20, Z
    17d4:	8a 81       	ldd	r24, Y+2	; 0x02
    17d6:	28 2f       	mov	r18, r24
    17d8:	30 e0       	ldi	r19, 0x00	; 0
    17da:	81 e0       	ldi	r24, 0x01	; 1
    17dc:	90 e0       	ldi	r25, 0x00	; 0
    17de:	02 2e       	mov	r0, r18
    17e0:	02 c0       	rjmp	.+4      	; 0x17e6 <MDIO_vSetPinDir+0x15a>
    17e2:	88 0f       	add	r24, r24
    17e4:	99 1f       	adc	r25, r25
    17e6:	0a 94       	dec	r0
    17e8:	e2 f7       	brpl	.-8      	; 0x17e2 <MDIO_vSetPinDir+0x156>
    17ea:	80 95       	com	r24
    17ec:	84 23       	and	r24, r20
    17ee:	8c 93       	st	X, r24
    17f0:	3b c0       	rjmp	.+118    	; 0x1868 <MDIO_vSetPinDir+0x1dc>
			break;
		case DIO_PORTB :
			CLR_BIT(DDRB , A_u8PinNo);
    17f2:	a7 e3       	ldi	r26, 0x37	; 55
    17f4:	b0 e0       	ldi	r27, 0x00	; 0
    17f6:	e7 e3       	ldi	r30, 0x37	; 55
    17f8:	f0 e0       	ldi	r31, 0x00	; 0
    17fa:	40 81       	ld	r20, Z
    17fc:	8a 81       	ldd	r24, Y+2	; 0x02
    17fe:	28 2f       	mov	r18, r24
    1800:	30 e0       	ldi	r19, 0x00	; 0
    1802:	81 e0       	ldi	r24, 0x01	; 1
    1804:	90 e0       	ldi	r25, 0x00	; 0
    1806:	02 2e       	mov	r0, r18
    1808:	02 c0       	rjmp	.+4      	; 0x180e <MDIO_vSetPinDir+0x182>
    180a:	88 0f       	add	r24, r24
    180c:	99 1f       	adc	r25, r25
    180e:	0a 94       	dec	r0
    1810:	e2 f7       	brpl	.-8      	; 0x180a <MDIO_vSetPinDir+0x17e>
    1812:	80 95       	com	r24
    1814:	84 23       	and	r24, r20
    1816:	8c 93       	st	X, r24
    1818:	27 c0       	rjmp	.+78     	; 0x1868 <MDIO_vSetPinDir+0x1dc>
			break;
		case DIO_PORTC :
			CLR_BIT(DDRC , A_u8PinNo);
    181a:	a4 e3       	ldi	r26, 0x34	; 52
    181c:	b0 e0       	ldi	r27, 0x00	; 0
    181e:	e4 e3       	ldi	r30, 0x34	; 52
    1820:	f0 e0       	ldi	r31, 0x00	; 0
    1822:	40 81       	ld	r20, Z
    1824:	8a 81       	ldd	r24, Y+2	; 0x02
    1826:	28 2f       	mov	r18, r24
    1828:	30 e0       	ldi	r19, 0x00	; 0
    182a:	81 e0       	ldi	r24, 0x01	; 1
    182c:	90 e0       	ldi	r25, 0x00	; 0
    182e:	02 2e       	mov	r0, r18
    1830:	02 c0       	rjmp	.+4      	; 0x1836 <MDIO_vSetPinDir+0x1aa>
    1832:	88 0f       	add	r24, r24
    1834:	99 1f       	adc	r25, r25
    1836:	0a 94       	dec	r0
    1838:	e2 f7       	brpl	.-8      	; 0x1832 <MDIO_vSetPinDir+0x1a6>
    183a:	80 95       	com	r24
    183c:	84 23       	and	r24, r20
    183e:	8c 93       	st	X, r24
    1840:	13 c0       	rjmp	.+38     	; 0x1868 <MDIO_vSetPinDir+0x1dc>
			break;
		case DIO_PORTD :
			CLR_BIT(DDRD , A_u8PinNo);
    1842:	a1 e3       	ldi	r26, 0x31	; 49
    1844:	b0 e0       	ldi	r27, 0x00	; 0
    1846:	e1 e3       	ldi	r30, 0x31	; 49
    1848:	f0 e0       	ldi	r31, 0x00	; 0
    184a:	40 81       	ld	r20, Z
    184c:	8a 81       	ldd	r24, Y+2	; 0x02
    184e:	28 2f       	mov	r18, r24
    1850:	30 e0       	ldi	r19, 0x00	; 0
    1852:	81 e0       	ldi	r24, 0x01	; 1
    1854:	90 e0       	ldi	r25, 0x00	; 0
    1856:	02 2e       	mov	r0, r18
    1858:	02 c0       	rjmp	.+4      	; 0x185e <MDIO_vSetPinDir+0x1d2>
    185a:	88 0f       	add	r24, r24
    185c:	99 1f       	adc	r25, r25
    185e:	0a 94       	dec	r0
    1860:	e2 f7       	brpl	.-8      	; 0x185a <MDIO_vSetPinDir+0x1ce>
    1862:	80 95       	com	r24
    1864:	84 23       	and	r24, r20
    1866:	8c 93       	st	X, r24
			break;
		}
	}
}
    1868:	27 96       	adiw	r28, 0x07	; 7
    186a:	0f b6       	in	r0, 0x3f	; 63
    186c:	f8 94       	cli
    186e:	de bf       	out	0x3e, r29	; 62
    1870:	0f be       	out	0x3f, r0	; 63
    1872:	cd bf       	out	0x3d, r28	; 61
    1874:	cf 91       	pop	r28
    1876:	df 91       	pop	r29
    1878:	08 95       	ret

0000187a <MDIO_vSetPinVal>:

void MDIO_vSetPinVal(u8 A_u8PortNo , u8 A_u8PinNo , u8 A_u8PinVal)
{
    187a:	df 93       	push	r29
    187c:	cf 93       	push	r28
    187e:	cd b7       	in	r28, 0x3d	; 61
    1880:	de b7       	in	r29, 0x3e	; 62
    1882:	27 97       	sbiw	r28, 0x07	; 7
    1884:	0f b6       	in	r0, 0x3f	; 63
    1886:	f8 94       	cli
    1888:	de bf       	out	0x3e, r29	; 62
    188a:	0f be       	out	0x3f, r0	; 63
    188c:	cd bf       	out	0x3d, r28	; 61
    188e:	89 83       	std	Y+1, r24	; 0x01
    1890:	6a 83       	std	Y+2, r22	; 0x02
    1892:	4b 83       	std	Y+3, r20	; 0x03
	//SET PIN VALUE
	if(A_u8PinVal == DIO_HIGH)
    1894:	8b 81       	ldd	r24, Y+3	; 0x03
    1896:	81 30       	cpi	r24, 0x01	; 1
    1898:	09 f0       	breq	.+2      	; 0x189c <MDIO_vSetPinVal+0x22>
    189a:	6b c0       	rjmp	.+214    	; 0x1972 <MDIO_vSetPinVal+0xf8>
	{
		switch(A_u8PortNo)
    189c:	89 81       	ldd	r24, Y+1	; 0x01
    189e:	28 2f       	mov	r18, r24
    18a0:	30 e0       	ldi	r19, 0x00	; 0
    18a2:	3f 83       	std	Y+7, r19	; 0x07
    18a4:	2e 83       	std	Y+6, r18	; 0x06
    18a6:	8e 81       	ldd	r24, Y+6	; 0x06
    18a8:	9f 81       	ldd	r25, Y+7	; 0x07
    18aa:	81 30       	cpi	r24, 0x01	; 1
    18ac:	91 05       	cpc	r25, r1
    18ae:	41 f1       	breq	.+80     	; 0x1900 <MDIO_vSetPinVal+0x86>
    18b0:	2e 81       	ldd	r18, Y+6	; 0x06
    18b2:	3f 81       	ldd	r19, Y+7	; 0x07
    18b4:	22 30       	cpi	r18, 0x02	; 2
    18b6:	31 05       	cpc	r19, r1
    18b8:	2c f4       	brge	.+10     	; 0x18c4 <MDIO_vSetPinVal+0x4a>
    18ba:	8e 81       	ldd	r24, Y+6	; 0x06
    18bc:	9f 81       	ldd	r25, Y+7	; 0x07
    18be:	00 97       	sbiw	r24, 0x00	; 0
    18c0:	61 f0       	breq	.+24     	; 0x18da <MDIO_vSetPinVal+0x60>
    18c2:	c9 c0       	rjmp	.+402    	; 0x1a56 <MDIO_vSetPinVal+0x1dc>
    18c4:	2e 81       	ldd	r18, Y+6	; 0x06
    18c6:	3f 81       	ldd	r19, Y+7	; 0x07
    18c8:	22 30       	cpi	r18, 0x02	; 2
    18ca:	31 05       	cpc	r19, r1
    18cc:	61 f1       	breq	.+88     	; 0x1926 <MDIO_vSetPinVal+0xac>
    18ce:	8e 81       	ldd	r24, Y+6	; 0x06
    18d0:	9f 81       	ldd	r25, Y+7	; 0x07
    18d2:	83 30       	cpi	r24, 0x03	; 3
    18d4:	91 05       	cpc	r25, r1
    18d6:	d1 f1       	breq	.+116    	; 0x194c <MDIO_vSetPinVal+0xd2>
    18d8:	be c0       	rjmp	.+380    	; 0x1a56 <MDIO_vSetPinVal+0x1dc>
		{
		case DIO_PORTA :
			SET_BIT(PORTA , A_u8PinNo);
    18da:	ab e3       	ldi	r26, 0x3B	; 59
    18dc:	b0 e0       	ldi	r27, 0x00	; 0
    18de:	eb e3       	ldi	r30, 0x3B	; 59
    18e0:	f0 e0       	ldi	r31, 0x00	; 0
    18e2:	40 81       	ld	r20, Z
    18e4:	8a 81       	ldd	r24, Y+2	; 0x02
    18e6:	28 2f       	mov	r18, r24
    18e8:	30 e0       	ldi	r19, 0x00	; 0
    18ea:	81 e0       	ldi	r24, 0x01	; 1
    18ec:	90 e0       	ldi	r25, 0x00	; 0
    18ee:	02 2e       	mov	r0, r18
    18f0:	02 c0       	rjmp	.+4      	; 0x18f6 <MDIO_vSetPinVal+0x7c>
    18f2:	88 0f       	add	r24, r24
    18f4:	99 1f       	adc	r25, r25
    18f6:	0a 94       	dec	r0
    18f8:	e2 f7       	brpl	.-8      	; 0x18f2 <MDIO_vSetPinVal+0x78>
    18fa:	84 2b       	or	r24, r20
    18fc:	8c 93       	st	X, r24
    18fe:	ab c0       	rjmp	.+342    	; 0x1a56 <MDIO_vSetPinVal+0x1dc>
			break;
		case DIO_PORTB :
			SET_BIT(PORTB , A_u8PinNo);
    1900:	a8 e3       	ldi	r26, 0x38	; 56
    1902:	b0 e0       	ldi	r27, 0x00	; 0
    1904:	e8 e3       	ldi	r30, 0x38	; 56
    1906:	f0 e0       	ldi	r31, 0x00	; 0
    1908:	40 81       	ld	r20, Z
    190a:	8a 81       	ldd	r24, Y+2	; 0x02
    190c:	28 2f       	mov	r18, r24
    190e:	30 e0       	ldi	r19, 0x00	; 0
    1910:	81 e0       	ldi	r24, 0x01	; 1
    1912:	90 e0       	ldi	r25, 0x00	; 0
    1914:	02 2e       	mov	r0, r18
    1916:	02 c0       	rjmp	.+4      	; 0x191c <MDIO_vSetPinVal+0xa2>
    1918:	88 0f       	add	r24, r24
    191a:	99 1f       	adc	r25, r25
    191c:	0a 94       	dec	r0
    191e:	e2 f7       	brpl	.-8      	; 0x1918 <MDIO_vSetPinVal+0x9e>
    1920:	84 2b       	or	r24, r20
    1922:	8c 93       	st	X, r24
    1924:	98 c0       	rjmp	.+304    	; 0x1a56 <MDIO_vSetPinVal+0x1dc>
			break;
		case DIO_PORTC :
			SET_BIT(PORTC , A_u8PinNo);
    1926:	a5 e3       	ldi	r26, 0x35	; 53
    1928:	b0 e0       	ldi	r27, 0x00	; 0
    192a:	e5 e3       	ldi	r30, 0x35	; 53
    192c:	f0 e0       	ldi	r31, 0x00	; 0
    192e:	40 81       	ld	r20, Z
    1930:	8a 81       	ldd	r24, Y+2	; 0x02
    1932:	28 2f       	mov	r18, r24
    1934:	30 e0       	ldi	r19, 0x00	; 0
    1936:	81 e0       	ldi	r24, 0x01	; 1
    1938:	90 e0       	ldi	r25, 0x00	; 0
    193a:	02 2e       	mov	r0, r18
    193c:	02 c0       	rjmp	.+4      	; 0x1942 <MDIO_vSetPinVal+0xc8>
    193e:	88 0f       	add	r24, r24
    1940:	99 1f       	adc	r25, r25
    1942:	0a 94       	dec	r0
    1944:	e2 f7       	brpl	.-8      	; 0x193e <MDIO_vSetPinVal+0xc4>
    1946:	84 2b       	or	r24, r20
    1948:	8c 93       	st	X, r24
    194a:	85 c0       	rjmp	.+266    	; 0x1a56 <MDIO_vSetPinVal+0x1dc>
			break;
		case DIO_PORTD :
			SET_BIT(PORTD , A_u8PinNo);
    194c:	a2 e3       	ldi	r26, 0x32	; 50
    194e:	b0 e0       	ldi	r27, 0x00	; 0
    1950:	e2 e3       	ldi	r30, 0x32	; 50
    1952:	f0 e0       	ldi	r31, 0x00	; 0
    1954:	40 81       	ld	r20, Z
    1956:	8a 81       	ldd	r24, Y+2	; 0x02
    1958:	28 2f       	mov	r18, r24
    195a:	30 e0       	ldi	r19, 0x00	; 0
    195c:	81 e0       	ldi	r24, 0x01	; 1
    195e:	90 e0       	ldi	r25, 0x00	; 0
    1960:	02 2e       	mov	r0, r18
    1962:	02 c0       	rjmp	.+4      	; 0x1968 <MDIO_vSetPinVal+0xee>
    1964:	88 0f       	add	r24, r24
    1966:	99 1f       	adc	r25, r25
    1968:	0a 94       	dec	r0
    196a:	e2 f7       	brpl	.-8      	; 0x1964 <MDIO_vSetPinVal+0xea>
    196c:	84 2b       	or	r24, r20
    196e:	8c 93       	st	X, r24
    1970:	72 c0       	rjmp	.+228    	; 0x1a56 <MDIO_vSetPinVal+0x1dc>
			break;
		}
	}
	else if(A_u8PinVal == DIO_LOW)
    1972:	8b 81       	ldd	r24, Y+3	; 0x03
    1974:	88 23       	and	r24, r24
    1976:	09 f0       	breq	.+2      	; 0x197a <MDIO_vSetPinVal+0x100>
    1978:	6e c0       	rjmp	.+220    	; 0x1a56 <MDIO_vSetPinVal+0x1dc>
	{
		switch(A_u8PortNo)
    197a:	89 81       	ldd	r24, Y+1	; 0x01
    197c:	28 2f       	mov	r18, r24
    197e:	30 e0       	ldi	r19, 0x00	; 0
    1980:	3d 83       	std	Y+5, r19	; 0x05
    1982:	2c 83       	std	Y+4, r18	; 0x04
    1984:	8c 81       	ldd	r24, Y+4	; 0x04
    1986:	9d 81       	ldd	r25, Y+5	; 0x05
    1988:	81 30       	cpi	r24, 0x01	; 1
    198a:	91 05       	cpc	r25, r1
    198c:	49 f1       	breq	.+82     	; 0x19e0 <MDIO_vSetPinVal+0x166>
    198e:	2c 81       	ldd	r18, Y+4	; 0x04
    1990:	3d 81       	ldd	r19, Y+5	; 0x05
    1992:	22 30       	cpi	r18, 0x02	; 2
    1994:	31 05       	cpc	r19, r1
    1996:	2c f4       	brge	.+10     	; 0x19a2 <MDIO_vSetPinVal+0x128>
    1998:	8c 81       	ldd	r24, Y+4	; 0x04
    199a:	9d 81       	ldd	r25, Y+5	; 0x05
    199c:	00 97       	sbiw	r24, 0x00	; 0
    199e:	61 f0       	breq	.+24     	; 0x19b8 <MDIO_vSetPinVal+0x13e>
    19a0:	5a c0       	rjmp	.+180    	; 0x1a56 <MDIO_vSetPinVal+0x1dc>
    19a2:	2c 81       	ldd	r18, Y+4	; 0x04
    19a4:	3d 81       	ldd	r19, Y+5	; 0x05
    19a6:	22 30       	cpi	r18, 0x02	; 2
    19a8:	31 05       	cpc	r19, r1
    19aa:	71 f1       	breq	.+92     	; 0x1a08 <MDIO_vSetPinVal+0x18e>
    19ac:	8c 81       	ldd	r24, Y+4	; 0x04
    19ae:	9d 81       	ldd	r25, Y+5	; 0x05
    19b0:	83 30       	cpi	r24, 0x03	; 3
    19b2:	91 05       	cpc	r25, r1
    19b4:	e9 f1       	breq	.+122    	; 0x1a30 <MDIO_vSetPinVal+0x1b6>
    19b6:	4f c0       	rjmp	.+158    	; 0x1a56 <MDIO_vSetPinVal+0x1dc>
		{
		case DIO_PORTA :
			CLR_BIT(PORTA , A_u8PinNo);
    19b8:	ab e3       	ldi	r26, 0x3B	; 59
    19ba:	b0 e0       	ldi	r27, 0x00	; 0
    19bc:	eb e3       	ldi	r30, 0x3B	; 59
    19be:	f0 e0       	ldi	r31, 0x00	; 0
    19c0:	40 81       	ld	r20, Z
    19c2:	8a 81       	ldd	r24, Y+2	; 0x02
    19c4:	28 2f       	mov	r18, r24
    19c6:	30 e0       	ldi	r19, 0x00	; 0
    19c8:	81 e0       	ldi	r24, 0x01	; 1
    19ca:	90 e0       	ldi	r25, 0x00	; 0
    19cc:	02 2e       	mov	r0, r18
    19ce:	02 c0       	rjmp	.+4      	; 0x19d4 <MDIO_vSetPinVal+0x15a>
    19d0:	88 0f       	add	r24, r24
    19d2:	99 1f       	adc	r25, r25
    19d4:	0a 94       	dec	r0
    19d6:	e2 f7       	brpl	.-8      	; 0x19d0 <MDIO_vSetPinVal+0x156>
    19d8:	80 95       	com	r24
    19da:	84 23       	and	r24, r20
    19dc:	8c 93       	st	X, r24
    19de:	3b c0       	rjmp	.+118    	; 0x1a56 <MDIO_vSetPinVal+0x1dc>
			break;
		case DIO_PORTB :
			CLR_BIT(PORTB , A_u8PinNo);
    19e0:	a8 e3       	ldi	r26, 0x38	; 56
    19e2:	b0 e0       	ldi	r27, 0x00	; 0
    19e4:	e8 e3       	ldi	r30, 0x38	; 56
    19e6:	f0 e0       	ldi	r31, 0x00	; 0
    19e8:	40 81       	ld	r20, Z
    19ea:	8a 81       	ldd	r24, Y+2	; 0x02
    19ec:	28 2f       	mov	r18, r24
    19ee:	30 e0       	ldi	r19, 0x00	; 0
    19f0:	81 e0       	ldi	r24, 0x01	; 1
    19f2:	90 e0       	ldi	r25, 0x00	; 0
    19f4:	02 2e       	mov	r0, r18
    19f6:	02 c0       	rjmp	.+4      	; 0x19fc <MDIO_vSetPinVal+0x182>
    19f8:	88 0f       	add	r24, r24
    19fa:	99 1f       	adc	r25, r25
    19fc:	0a 94       	dec	r0
    19fe:	e2 f7       	brpl	.-8      	; 0x19f8 <MDIO_vSetPinVal+0x17e>
    1a00:	80 95       	com	r24
    1a02:	84 23       	and	r24, r20
    1a04:	8c 93       	st	X, r24
    1a06:	27 c0       	rjmp	.+78     	; 0x1a56 <MDIO_vSetPinVal+0x1dc>
			break;
		case DIO_PORTC :
			CLR_BIT(PORTC , A_u8PinNo);
    1a08:	a5 e3       	ldi	r26, 0x35	; 53
    1a0a:	b0 e0       	ldi	r27, 0x00	; 0
    1a0c:	e5 e3       	ldi	r30, 0x35	; 53
    1a0e:	f0 e0       	ldi	r31, 0x00	; 0
    1a10:	40 81       	ld	r20, Z
    1a12:	8a 81       	ldd	r24, Y+2	; 0x02
    1a14:	28 2f       	mov	r18, r24
    1a16:	30 e0       	ldi	r19, 0x00	; 0
    1a18:	81 e0       	ldi	r24, 0x01	; 1
    1a1a:	90 e0       	ldi	r25, 0x00	; 0
    1a1c:	02 2e       	mov	r0, r18
    1a1e:	02 c0       	rjmp	.+4      	; 0x1a24 <MDIO_vSetPinVal+0x1aa>
    1a20:	88 0f       	add	r24, r24
    1a22:	99 1f       	adc	r25, r25
    1a24:	0a 94       	dec	r0
    1a26:	e2 f7       	brpl	.-8      	; 0x1a20 <MDIO_vSetPinVal+0x1a6>
    1a28:	80 95       	com	r24
    1a2a:	84 23       	and	r24, r20
    1a2c:	8c 93       	st	X, r24
    1a2e:	13 c0       	rjmp	.+38     	; 0x1a56 <MDIO_vSetPinVal+0x1dc>
			break;
		case DIO_PORTD :
			CLR_BIT(PORTD , A_u8PinNo);
    1a30:	a2 e3       	ldi	r26, 0x32	; 50
    1a32:	b0 e0       	ldi	r27, 0x00	; 0
    1a34:	e2 e3       	ldi	r30, 0x32	; 50
    1a36:	f0 e0       	ldi	r31, 0x00	; 0
    1a38:	40 81       	ld	r20, Z
    1a3a:	8a 81       	ldd	r24, Y+2	; 0x02
    1a3c:	28 2f       	mov	r18, r24
    1a3e:	30 e0       	ldi	r19, 0x00	; 0
    1a40:	81 e0       	ldi	r24, 0x01	; 1
    1a42:	90 e0       	ldi	r25, 0x00	; 0
    1a44:	02 2e       	mov	r0, r18
    1a46:	02 c0       	rjmp	.+4      	; 0x1a4c <MDIO_vSetPinVal+0x1d2>
    1a48:	88 0f       	add	r24, r24
    1a4a:	99 1f       	adc	r25, r25
    1a4c:	0a 94       	dec	r0
    1a4e:	e2 f7       	brpl	.-8      	; 0x1a48 <MDIO_vSetPinVal+0x1ce>
    1a50:	80 95       	com	r24
    1a52:	84 23       	and	r24, r20
    1a54:	8c 93       	st	X, r24
			break;
		}
	}
}
    1a56:	27 96       	adiw	r28, 0x07	; 7
    1a58:	0f b6       	in	r0, 0x3f	; 63
    1a5a:	f8 94       	cli
    1a5c:	de bf       	out	0x3e, r29	; 62
    1a5e:	0f be       	out	0x3f, r0	; 63
    1a60:	cd bf       	out	0x3d, r28	; 61
    1a62:	cf 91       	pop	r28
    1a64:	df 91       	pop	r29
    1a66:	08 95       	ret

00001a68 <MDIO_u8GetPinVal>:

u8 MDIO_u8GetPinVal(u8 A_u8PortNo , u8 A_u8PinNo)
{
    1a68:	df 93       	push	r29
    1a6a:	cf 93       	push	r28
    1a6c:	00 d0       	rcall	.+0      	; 0x1a6e <MDIO_u8GetPinVal+0x6>
    1a6e:	00 d0       	rcall	.+0      	; 0x1a70 <MDIO_u8GetPinVal+0x8>
    1a70:	0f 92       	push	r0
    1a72:	cd b7       	in	r28, 0x3d	; 61
    1a74:	de b7       	in	r29, 0x3e	; 62
    1a76:	8a 83       	std	Y+2, r24	; 0x02
    1a78:	6b 83       	std	Y+3, r22	; 0x03
	//GET PIN VALUE
	u8 L_u8PinVal = 0;
    1a7a:	19 82       	std	Y+1, r1	; 0x01

	switch(A_u8PortNo)
    1a7c:	8a 81       	ldd	r24, Y+2	; 0x02
    1a7e:	28 2f       	mov	r18, r24
    1a80:	30 e0       	ldi	r19, 0x00	; 0
    1a82:	3d 83       	std	Y+5, r19	; 0x05
    1a84:	2c 83       	std	Y+4, r18	; 0x04
    1a86:	4c 81       	ldd	r20, Y+4	; 0x04
    1a88:	5d 81       	ldd	r21, Y+5	; 0x05
    1a8a:	41 30       	cpi	r20, 0x01	; 1
    1a8c:	51 05       	cpc	r21, r1
    1a8e:	41 f1       	breq	.+80     	; 0x1ae0 <MDIO_u8GetPinVal+0x78>
    1a90:	8c 81       	ldd	r24, Y+4	; 0x04
    1a92:	9d 81       	ldd	r25, Y+5	; 0x05
    1a94:	82 30       	cpi	r24, 0x02	; 2
    1a96:	91 05       	cpc	r25, r1
    1a98:	34 f4       	brge	.+12     	; 0x1aa6 <MDIO_u8GetPinVal+0x3e>
    1a9a:	2c 81       	ldd	r18, Y+4	; 0x04
    1a9c:	3d 81       	ldd	r19, Y+5	; 0x05
    1a9e:	21 15       	cp	r18, r1
    1aa0:	31 05       	cpc	r19, r1
    1aa2:	61 f0       	breq	.+24     	; 0x1abc <MDIO_u8GetPinVal+0x54>
    1aa4:	52 c0       	rjmp	.+164    	; 0x1b4a <MDIO_u8GetPinVal+0xe2>
    1aa6:	4c 81       	ldd	r20, Y+4	; 0x04
    1aa8:	5d 81       	ldd	r21, Y+5	; 0x05
    1aaa:	42 30       	cpi	r20, 0x02	; 2
    1aac:	51 05       	cpc	r21, r1
    1aae:	51 f1       	breq	.+84     	; 0x1b04 <MDIO_u8GetPinVal+0x9c>
    1ab0:	8c 81       	ldd	r24, Y+4	; 0x04
    1ab2:	9d 81       	ldd	r25, Y+5	; 0x05
    1ab4:	83 30       	cpi	r24, 0x03	; 3
    1ab6:	91 05       	cpc	r25, r1
    1ab8:	b9 f1       	breq	.+110    	; 0x1b28 <MDIO_u8GetPinVal+0xc0>
    1aba:	47 c0       	rjmp	.+142    	; 0x1b4a <MDIO_u8GetPinVal+0xe2>
	{
	case DIO_PORTA :
		L_u8PinVal = GET_BIT(PINA , A_u8PinNo);
    1abc:	e9 e3       	ldi	r30, 0x39	; 57
    1abe:	f0 e0       	ldi	r31, 0x00	; 0
    1ac0:	80 81       	ld	r24, Z
    1ac2:	28 2f       	mov	r18, r24
    1ac4:	30 e0       	ldi	r19, 0x00	; 0
    1ac6:	8b 81       	ldd	r24, Y+3	; 0x03
    1ac8:	88 2f       	mov	r24, r24
    1aca:	90 e0       	ldi	r25, 0x00	; 0
    1acc:	a9 01       	movw	r20, r18
    1ace:	02 c0       	rjmp	.+4      	; 0x1ad4 <MDIO_u8GetPinVal+0x6c>
    1ad0:	55 95       	asr	r21
    1ad2:	47 95       	ror	r20
    1ad4:	8a 95       	dec	r24
    1ad6:	e2 f7       	brpl	.-8      	; 0x1ad0 <MDIO_u8GetPinVal+0x68>
    1ad8:	ca 01       	movw	r24, r20
    1ada:	81 70       	andi	r24, 0x01	; 1
    1adc:	89 83       	std	Y+1, r24	; 0x01
    1ade:	35 c0       	rjmp	.+106    	; 0x1b4a <MDIO_u8GetPinVal+0xe2>
		break;
	case DIO_PORTB :
		L_u8PinVal = GET_BIT(PINB , A_u8PinNo);
    1ae0:	e6 e3       	ldi	r30, 0x36	; 54
    1ae2:	f0 e0       	ldi	r31, 0x00	; 0
    1ae4:	80 81       	ld	r24, Z
    1ae6:	28 2f       	mov	r18, r24
    1ae8:	30 e0       	ldi	r19, 0x00	; 0
    1aea:	8b 81       	ldd	r24, Y+3	; 0x03
    1aec:	88 2f       	mov	r24, r24
    1aee:	90 e0       	ldi	r25, 0x00	; 0
    1af0:	a9 01       	movw	r20, r18
    1af2:	02 c0       	rjmp	.+4      	; 0x1af8 <MDIO_u8GetPinVal+0x90>
    1af4:	55 95       	asr	r21
    1af6:	47 95       	ror	r20
    1af8:	8a 95       	dec	r24
    1afa:	e2 f7       	brpl	.-8      	; 0x1af4 <MDIO_u8GetPinVal+0x8c>
    1afc:	ca 01       	movw	r24, r20
    1afe:	81 70       	andi	r24, 0x01	; 1
    1b00:	89 83       	std	Y+1, r24	; 0x01
    1b02:	23 c0       	rjmp	.+70     	; 0x1b4a <MDIO_u8GetPinVal+0xe2>
		break;
	case DIO_PORTC :
		L_u8PinVal = GET_BIT(PINC , A_u8PinNo);
    1b04:	e3 e3       	ldi	r30, 0x33	; 51
    1b06:	f0 e0       	ldi	r31, 0x00	; 0
    1b08:	80 81       	ld	r24, Z
    1b0a:	28 2f       	mov	r18, r24
    1b0c:	30 e0       	ldi	r19, 0x00	; 0
    1b0e:	8b 81       	ldd	r24, Y+3	; 0x03
    1b10:	88 2f       	mov	r24, r24
    1b12:	90 e0       	ldi	r25, 0x00	; 0
    1b14:	a9 01       	movw	r20, r18
    1b16:	02 c0       	rjmp	.+4      	; 0x1b1c <MDIO_u8GetPinVal+0xb4>
    1b18:	55 95       	asr	r21
    1b1a:	47 95       	ror	r20
    1b1c:	8a 95       	dec	r24
    1b1e:	e2 f7       	brpl	.-8      	; 0x1b18 <MDIO_u8GetPinVal+0xb0>
    1b20:	ca 01       	movw	r24, r20
    1b22:	81 70       	andi	r24, 0x01	; 1
    1b24:	89 83       	std	Y+1, r24	; 0x01
    1b26:	11 c0       	rjmp	.+34     	; 0x1b4a <MDIO_u8GetPinVal+0xe2>
		break;
	case DIO_PORTD :
		L_u8PinVal = GET_BIT(PIND , A_u8PinNo);
    1b28:	e0 e3       	ldi	r30, 0x30	; 48
    1b2a:	f0 e0       	ldi	r31, 0x00	; 0
    1b2c:	80 81       	ld	r24, Z
    1b2e:	28 2f       	mov	r18, r24
    1b30:	30 e0       	ldi	r19, 0x00	; 0
    1b32:	8b 81       	ldd	r24, Y+3	; 0x03
    1b34:	88 2f       	mov	r24, r24
    1b36:	90 e0       	ldi	r25, 0x00	; 0
    1b38:	a9 01       	movw	r20, r18
    1b3a:	02 c0       	rjmp	.+4      	; 0x1b40 <MDIO_u8GetPinVal+0xd8>
    1b3c:	55 95       	asr	r21
    1b3e:	47 95       	ror	r20
    1b40:	8a 95       	dec	r24
    1b42:	e2 f7       	brpl	.-8      	; 0x1b3c <MDIO_u8GetPinVal+0xd4>
    1b44:	ca 01       	movw	r24, r20
    1b46:	81 70       	andi	r24, 0x01	; 1
    1b48:	89 83       	std	Y+1, r24	; 0x01
		break;
	}

	return L_u8PinVal;
    1b4a:	89 81       	ldd	r24, Y+1	; 0x01
}
    1b4c:	0f 90       	pop	r0
    1b4e:	0f 90       	pop	r0
    1b50:	0f 90       	pop	r0
    1b52:	0f 90       	pop	r0
    1b54:	0f 90       	pop	r0
    1b56:	cf 91       	pop	r28
    1b58:	df 91       	pop	r29
    1b5a:	08 95       	ret

00001b5c <MDIO_vSetPortDir>:

void MDIO_vSetPortDir(u8 A_u8PortNo, u8 A_u8PortDir)
{
    1b5c:	df 93       	push	r29
    1b5e:	cf 93       	push	r28
    1b60:	00 d0       	rcall	.+0      	; 0x1b62 <MDIO_vSetPortDir+0x6>
    1b62:	00 d0       	rcall	.+0      	; 0x1b64 <MDIO_vSetPortDir+0x8>
    1b64:	cd b7       	in	r28, 0x3d	; 61
    1b66:	de b7       	in	r29, 0x3e	; 62
    1b68:	89 83       	std	Y+1, r24	; 0x01
    1b6a:	6a 83       	std	Y+2, r22	; 0x02

	switch(A_u8PortNo)
    1b6c:	89 81       	ldd	r24, Y+1	; 0x01
    1b6e:	28 2f       	mov	r18, r24
    1b70:	30 e0       	ldi	r19, 0x00	; 0
    1b72:	3c 83       	std	Y+4, r19	; 0x04
    1b74:	2b 83       	std	Y+3, r18	; 0x03
    1b76:	8b 81       	ldd	r24, Y+3	; 0x03
    1b78:	9c 81       	ldd	r25, Y+4	; 0x04
    1b7a:	81 30       	cpi	r24, 0x01	; 1
    1b7c:	91 05       	cpc	r25, r1
    1b7e:	d1 f0       	breq	.+52     	; 0x1bb4 <MDIO_vSetPortDir+0x58>
    1b80:	2b 81       	ldd	r18, Y+3	; 0x03
    1b82:	3c 81       	ldd	r19, Y+4	; 0x04
    1b84:	22 30       	cpi	r18, 0x02	; 2
    1b86:	31 05       	cpc	r19, r1
    1b88:	2c f4       	brge	.+10     	; 0x1b94 <MDIO_vSetPortDir+0x38>
    1b8a:	8b 81       	ldd	r24, Y+3	; 0x03
    1b8c:	9c 81       	ldd	r25, Y+4	; 0x04
    1b8e:	00 97       	sbiw	r24, 0x00	; 0
    1b90:	61 f0       	breq	.+24     	; 0x1baa <MDIO_vSetPortDir+0x4e>
    1b92:	1e c0       	rjmp	.+60     	; 0x1bd0 <MDIO_vSetPortDir+0x74>
    1b94:	2b 81       	ldd	r18, Y+3	; 0x03
    1b96:	3c 81       	ldd	r19, Y+4	; 0x04
    1b98:	22 30       	cpi	r18, 0x02	; 2
    1b9a:	31 05       	cpc	r19, r1
    1b9c:	81 f0       	breq	.+32     	; 0x1bbe <MDIO_vSetPortDir+0x62>
    1b9e:	8b 81       	ldd	r24, Y+3	; 0x03
    1ba0:	9c 81       	ldd	r25, Y+4	; 0x04
    1ba2:	83 30       	cpi	r24, 0x03	; 3
    1ba4:	91 05       	cpc	r25, r1
    1ba6:	81 f0       	breq	.+32     	; 0x1bc8 <MDIO_vSetPortDir+0x6c>
    1ba8:	13 c0       	rjmp	.+38     	; 0x1bd0 <MDIO_vSetPortDir+0x74>
	{
	case DIO_PORTA:
		DDRA = A_u8PortDir;
    1baa:	ea e3       	ldi	r30, 0x3A	; 58
    1bac:	f0 e0       	ldi	r31, 0x00	; 0
    1bae:	8a 81       	ldd	r24, Y+2	; 0x02
    1bb0:	80 83       	st	Z, r24
    1bb2:	0e c0       	rjmp	.+28     	; 0x1bd0 <MDIO_vSetPortDir+0x74>
		break;
	case DIO_PORTB:
		DDRB = A_u8PortDir;
    1bb4:	e7 e3       	ldi	r30, 0x37	; 55
    1bb6:	f0 e0       	ldi	r31, 0x00	; 0
    1bb8:	8a 81       	ldd	r24, Y+2	; 0x02
    1bba:	80 83       	st	Z, r24
    1bbc:	09 c0       	rjmp	.+18     	; 0x1bd0 <MDIO_vSetPortDir+0x74>
		break;
	case DIO_PORTC:
		DDRC = A_u8PortDir;
    1bbe:	e4 e3       	ldi	r30, 0x34	; 52
    1bc0:	f0 e0       	ldi	r31, 0x00	; 0
    1bc2:	8a 81       	ldd	r24, Y+2	; 0x02
    1bc4:	80 83       	st	Z, r24
    1bc6:	04 c0       	rjmp	.+8      	; 0x1bd0 <MDIO_vSetPortDir+0x74>
		break;
	case DIO_PORTD:
		DDRD = A_u8PortDir;
    1bc8:	e1 e3       	ldi	r30, 0x31	; 49
    1bca:	f0 e0       	ldi	r31, 0x00	; 0
    1bcc:	8a 81       	ldd	r24, Y+2	; 0x02
    1bce:	80 83       	st	Z, r24
		break;

	}
}
    1bd0:	0f 90       	pop	r0
    1bd2:	0f 90       	pop	r0
    1bd4:	0f 90       	pop	r0
    1bd6:	0f 90       	pop	r0
    1bd8:	cf 91       	pop	r28
    1bda:	df 91       	pop	r29
    1bdc:	08 95       	ret

00001bde <MDIO_vSetPortVal>:

void MDIO_vSetPortVal(u8 A_u8PortNo, u8 A_u8PortVal)
{
    1bde:	df 93       	push	r29
    1be0:	cf 93       	push	r28
    1be2:	00 d0       	rcall	.+0      	; 0x1be4 <MDIO_vSetPortVal+0x6>
    1be4:	00 d0       	rcall	.+0      	; 0x1be6 <MDIO_vSetPortVal+0x8>
    1be6:	cd b7       	in	r28, 0x3d	; 61
    1be8:	de b7       	in	r29, 0x3e	; 62
    1bea:	89 83       	std	Y+1, r24	; 0x01
    1bec:	6a 83       	std	Y+2, r22	; 0x02
	switch(A_u8PortNo)
    1bee:	89 81       	ldd	r24, Y+1	; 0x01
    1bf0:	28 2f       	mov	r18, r24
    1bf2:	30 e0       	ldi	r19, 0x00	; 0
    1bf4:	3c 83       	std	Y+4, r19	; 0x04
    1bf6:	2b 83       	std	Y+3, r18	; 0x03
    1bf8:	8b 81       	ldd	r24, Y+3	; 0x03
    1bfa:	9c 81       	ldd	r25, Y+4	; 0x04
    1bfc:	81 30       	cpi	r24, 0x01	; 1
    1bfe:	91 05       	cpc	r25, r1
    1c00:	d1 f0       	breq	.+52     	; 0x1c36 <MDIO_vSetPortVal+0x58>
    1c02:	2b 81       	ldd	r18, Y+3	; 0x03
    1c04:	3c 81       	ldd	r19, Y+4	; 0x04
    1c06:	22 30       	cpi	r18, 0x02	; 2
    1c08:	31 05       	cpc	r19, r1
    1c0a:	2c f4       	brge	.+10     	; 0x1c16 <MDIO_vSetPortVal+0x38>
    1c0c:	8b 81       	ldd	r24, Y+3	; 0x03
    1c0e:	9c 81       	ldd	r25, Y+4	; 0x04
    1c10:	00 97       	sbiw	r24, 0x00	; 0
    1c12:	61 f0       	breq	.+24     	; 0x1c2c <MDIO_vSetPortVal+0x4e>
    1c14:	1e c0       	rjmp	.+60     	; 0x1c52 <MDIO_vSetPortVal+0x74>
    1c16:	2b 81       	ldd	r18, Y+3	; 0x03
    1c18:	3c 81       	ldd	r19, Y+4	; 0x04
    1c1a:	22 30       	cpi	r18, 0x02	; 2
    1c1c:	31 05       	cpc	r19, r1
    1c1e:	81 f0       	breq	.+32     	; 0x1c40 <MDIO_vSetPortVal+0x62>
    1c20:	8b 81       	ldd	r24, Y+3	; 0x03
    1c22:	9c 81       	ldd	r25, Y+4	; 0x04
    1c24:	83 30       	cpi	r24, 0x03	; 3
    1c26:	91 05       	cpc	r25, r1
    1c28:	81 f0       	breq	.+32     	; 0x1c4a <MDIO_vSetPortVal+0x6c>
    1c2a:	13 c0       	rjmp	.+38     	; 0x1c52 <MDIO_vSetPortVal+0x74>
		{
		case DIO_PORTA:
			PORTA = A_u8PortVal;
    1c2c:	eb e3       	ldi	r30, 0x3B	; 59
    1c2e:	f0 e0       	ldi	r31, 0x00	; 0
    1c30:	8a 81       	ldd	r24, Y+2	; 0x02
    1c32:	80 83       	st	Z, r24
    1c34:	0e c0       	rjmp	.+28     	; 0x1c52 <MDIO_vSetPortVal+0x74>
			break;
		case DIO_PORTB:
			PORTB = A_u8PortVal;
    1c36:	e8 e3       	ldi	r30, 0x38	; 56
    1c38:	f0 e0       	ldi	r31, 0x00	; 0
    1c3a:	8a 81       	ldd	r24, Y+2	; 0x02
    1c3c:	80 83       	st	Z, r24
    1c3e:	09 c0       	rjmp	.+18     	; 0x1c52 <MDIO_vSetPortVal+0x74>
			break;
		case DIO_PORTC:
			PORTC = A_u8PortVal;
    1c40:	e5 e3       	ldi	r30, 0x35	; 53
    1c42:	f0 e0       	ldi	r31, 0x00	; 0
    1c44:	8a 81       	ldd	r24, Y+2	; 0x02
    1c46:	80 83       	st	Z, r24
    1c48:	04 c0       	rjmp	.+8      	; 0x1c52 <MDIO_vSetPortVal+0x74>
			break;
		case DIO_PORTD:
			PORTD = A_u8PortVal;
    1c4a:	e2 e3       	ldi	r30, 0x32	; 50
    1c4c:	f0 e0       	ldi	r31, 0x00	; 0
    1c4e:	8a 81       	ldd	r24, Y+2	; 0x02
    1c50:	80 83       	st	Z, r24
			break;

		}
}
    1c52:	0f 90       	pop	r0
    1c54:	0f 90       	pop	r0
    1c56:	0f 90       	pop	r0
    1c58:	0f 90       	pop	r0
    1c5a:	cf 91       	pop	r28
    1c5c:	df 91       	pop	r29
    1c5e:	08 95       	ret

00001c60 <MDIO_u8GetPortVal>:

u8 MDIO_u8GetPortVal(u8 A_u8PortNo)
{
    1c60:	df 93       	push	r29
    1c62:	cf 93       	push	r28
    1c64:	00 d0       	rcall	.+0      	; 0x1c66 <MDIO_u8GetPortVal+0x6>
    1c66:	00 d0       	rcall	.+0      	; 0x1c68 <MDIO_u8GetPortVal+0x8>
    1c68:	cd b7       	in	r28, 0x3d	; 61
    1c6a:	de b7       	in	r29, 0x3e	; 62
    1c6c:	8a 83       	std	Y+2, r24	; 0x02
	u8 L_u8Val = 0;
    1c6e:	19 82       	std	Y+1, r1	; 0x01
		switch(A_u8PortNo)
    1c70:	8a 81       	ldd	r24, Y+2	; 0x02
    1c72:	28 2f       	mov	r18, r24
    1c74:	30 e0       	ldi	r19, 0x00	; 0
    1c76:	3c 83       	std	Y+4, r19	; 0x04
    1c78:	2b 83       	std	Y+3, r18	; 0x03
    1c7a:	8b 81       	ldd	r24, Y+3	; 0x03
    1c7c:	9c 81       	ldd	r25, Y+4	; 0x04
    1c7e:	81 30       	cpi	r24, 0x01	; 1
    1c80:	91 05       	cpc	r25, r1
    1c82:	d1 f0       	breq	.+52     	; 0x1cb8 <MDIO_u8GetPortVal+0x58>
    1c84:	2b 81       	ldd	r18, Y+3	; 0x03
    1c86:	3c 81       	ldd	r19, Y+4	; 0x04
    1c88:	22 30       	cpi	r18, 0x02	; 2
    1c8a:	31 05       	cpc	r19, r1
    1c8c:	2c f4       	brge	.+10     	; 0x1c98 <MDIO_u8GetPortVal+0x38>
    1c8e:	8b 81       	ldd	r24, Y+3	; 0x03
    1c90:	9c 81       	ldd	r25, Y+4	; 0x04
    1c92:	00 97       	sbiw	r24, 0x00	; 0
    1c94:	61 f0       	breq	.+24     	; 0x1cae <MDIO_u8GetPortVal+0x4e>
    1c96:	1e c0       	rjmp	.+60     	; 0x1cd4 <MDIO_u8GetPortVal+0x74>
    1c98:	2b 81       	ldd	r18, Y+3	; 0x03
    1c9a:	3c 81       	ldd	r19, Y+4	; 0x04
    1c9c:	22 30       	cpi	r18, 0x02	; 2
    1c9e:	31 05       	cpc	r19, r1
    1ca0:	81 f0       	breq	.+32     	; 0x1cc2 <MDIO_u8GetPortVal+0x62>
    1ca2:	8b 81       	ldd	r24, Y+3	; 0x03
    1ca4:	9c 81       	ldd	r25, Y+4	; 0x04
    1ca6:	83 30       	cpi	r24, 0x03	; 3
    1ca8:	91 05       	cpc	r25, r1
    1caa:	81 f0       	breq	.+32     	; 0x1ccc <MDIO_u8GetPortVal+0x6c>
    1cac:	13 c0       	rjmp	.+38     	; 0x1cd4 <MDIO_u8GetPortVal+0x74>
		{
		case DIO_PORTA:
			L_u8Val = PINA;
    1cae:	e9 e3       	ldi	r30, 0x39	; 57
    1cb0:	f0 e0       	ldi	r31, 0x00	; 0
    1cb2:	80 81       	ld	r24, Z
    1cb4:	89 83       	std	Y+1, r24	; 0x01
    1cb6:	0e c0       	rjmp	.+28     	; 0x1cd4 <MDIO_u8GetPortVal+0x74>
			break;
		case DIO_PORTB:
			L_u8Val = PINB;
    1cb8:	e6 e3       	ldi	r30, 0x36	; 54
    1cba:	f0 e0       	ldi	r31, 0x00	; 0
    1cbc:	80 81       	ld	r24, Z
    1cbe:	89 83       	std	Y+1, r24	; 0x01
    1cc0:	09 c0       	rjmp	.+18     	; 0x1cd4 <MDIO_u8GetPortVal+0x74>
			break;
		case DIO_PORTC:
			L_u8Val = PINC;
    1cc2:	e3 e3       	ldi	r30, 0x33	; 51
    1cc4:	f0 e0       	ldi	r31, 0x00	; 0
    1cc6:	80 81       	ld	r24, Z
    1cc8:	89 83       	std	Y+1, r24	; 0x01
    1cca:	04 c0       	rjmp	.+8      	; 0x1cd4 <MDIO_u8GetPortVal+0x74>
			break;
		case DIO_PORTD:
			L_u8Val = PIND;
    1ccc:	e0 e3       	ldi	r30, 0x30	; 48
    1cce:	f0 e0       	ldi	r31, 0x00	; 0
    1cd0:	80 81       	ld	r24, Z
    1cd2:	89 83       	std	Y+1, r24	; 0x01
			break;
		}
		return L_u8Val;
    1cd4:	89 81       	ldd	r24, Y+1	; 0x01

}
    1cd6:	0f 90       	pop	r0
    1cd8:	0f 90       	pop	r0
    1cda:	0f 90       	pop	r0
    1cdc:	0f 90       	pop	r0
    1cde:	cf 91       	pop	r28
    1ce0:	df 91       	pop	r29
    1ce2:	08 95       	ret

00001ce4 <MDIO_vTogPinVal>:

void MDIO_vTogPinVal(u8 A_u8PortNo , u8 A_u8PinNo)
{
    1ce4:	df 93       	push	r29
    1ce6:	cf 93       	push	r28
    1ce8:	00 d0       	rcall	.+0      	; 0x1cea <MDIO_vTogPinVal+0x6>
    1cea:	00 d0       	rcall	.+0      	; 0x1cec <MDIO_vTogPinVal+0x8>
    1cec:	cd b7       	in	r28, 0x3d	; 61
    1cee:	de b7       	in	r29, 0x3e	; 62
    1cf0:	89 83       	std	Y+1, r24	; 0x01
    1cf2:	6a 83       	std	Y+2, r22	; 0x02
	//TOGGLE BIT
	switch(A_u8PortNo)
    1cf4:	89 81       	ldd	r24, Y+1	; 0x01
    1cf6:	28 2f       	mov	r18, r24
    1cf8:	30 e0       	ldi	r19, 0x00	; 0
    1cfa:	3c 83       	std	Y+4, r19	; 0x04
    1cfc:	2b 83       	std	Y+3, r18	; 0x03
    1cfe:	8b 81       	ldd	r24, Y+3	; 0x03
    1d00:	9c 81       	ldd	r25, Y+4	; 0x04
    1d02:	81 30       	cpi	r24, 0x01	; 1
    1d04:	91 05       	cpc	r25, r1
    1d06:	41 f1       	breq	.+80     	; 0x1d58 <MDIO_vTogPinVal+0x74>
    1d08:	2b 81       	ldd	r18, Y+3	; 0x03
    1d0a:	3c 81       	ldd	r19, Y+4	; 0x04
    1d0c:	22 30       	cpi	r18, 0x02	; 2
    1d0e:	31 05       	cpc	r19, r1
    1d10:	2c f4       	brge	.+10     	; 0x1d1c <MDIO_vTogPinVal+0x38>
    1d12:	8b 81       	ldd	r24, Y+3	; 0x03
    1d14:	9c 81       	ldd	r25, Y+4	; 0x04
    1d16:	00 97       	sbiw	r24, 0x00	; 0
    1d18:	61 f0       	breq	.+24     	; 0x1d32 <MDIO_vTogPinVal+0x4e>
    1d1a:	56 c0       	rjmp	.+172    	; 0x1dc8 <MDIO_vTogPinVal+0xe4>
    1d1c:	2b 81       	ldd	r18, Y+3	; 0x03
    1d1e:	3c 81       	ldd	r19, Y+4	; 0x04
    1d20:	22 30       	cpi	r18, 0x02	; 2
    1d22:	31 05       	cpc	r19, r1
    1d24:	61 f1       	breq	.+88     	; 0x1d7e <MDIO_vTogPinVal+0x9a>
    1d26:	8b 81       	ldd	r24, Y+3	; 0x03
    1d28:	9c 81       	ldd	r25, Y+4	; 0x04
    1d2a:	83 30       	cpi	r24, 0x03	; 3
    1d2c:	91 05       	cpc	r25, r1
    1d2e:	d1 f1       	breq	.+116    	; 0x1da4 <MDIO_vTogPinVal+0xc0>
    1d30:	4b c0       	rjmp	.+150    	; 0x1dc8 <MDIO_vTogPinVal+0xe4>
	{
	case DIO_PORTA :
		TOGGLE_BIT(PORTA , A_u8PinNo);
    1d32:	ab e3       	ldi	r26, 0x3B	; 59
    1d34:	b0 e0       	ldi	r27, 0x00	; 0
    1d36:	eb e3       	ldi	r30, 0x3B	; 59
    1d38:	f0 e0       	ldi	r31, 0x00	; 0
    1d3a:	40 81       	ld	r20, Z
    1d3c:	8a 81       	ldd	r24, Y+2	; 0x02
    1d3e:	28 2f       	mov	r18, r24
    1d40:	30 e0       	ldi	r19, 0x00	; 0
    1d42:	81 e0       	ldi	r24, 0x01	; 1
    1d44:	90 e0       	ldi	r25, 0x00	; 0
    1d46:	02 2e       	mov	r0, r18
    1d48:	02 c0       	rjmp	.+4      	; 0x1d4e <MDIO_vTogPinVal+0x6a>
    1d4a:	88 0f       	add	r24, r24
    1d4c:	99 1f       	adc	r25, r25
    1d4e:	0a 94       	dec	r0
    1d50:	e2 f7       	brpl	.-8      	; 0x1d4a <MDIO_vTogPinVal+0x66>
    1d52:	84 27       	eor	r24, r20
    1d54:	8c 93       	st	X, r24
    1d56:	38 c0       	rjmp	.+112    	; 0x1dc8 <MDIO_vTogPinVal+0xe4>
		break;
	case DIO_PORTB :
		TOGGLE_BIT(PORTB , A_u8PinNo);
    1d58:	a8 e3       	ldi	r26, 0x38	; 56
    1d5a:	b0 e0       	ldi	r27, 0x00	; 0
    1d5c:	e8 e3       	ldi	r30, 0x38	; 56
    1d5e:	f0 e0       	ldi	r31, 0x00	; 0
    1d60:	40 81       	ld	r20, Z
    1d62:	8a 81       	ldd	r24, Y+2	; 0x02
    1d64:	28 2f       	mov	r18, r24
    1d66:	30 e0       	ldi	r19, 0x00	; 0
    1d68:	81 e0       	ldi	r24, 0x01	; 1
    1d6a:	90 e0       	ldi	r25, 0x00	; 0
    1d6c:	02 2e       	mov	r0, r18
    1d6e:	02 c0       	rjmp	.+4      	; 0x1d74 <MDIO_vTogPinVal+0x90>
    1d70:	88 0f       	add	r24, r24
    1d72:	99 1f       	adc	r25, r25
    1d74:	0a 94       	dec	r0
    1d76:	e2 f7       	brpl	.-8      	; 0x1d70 <MDIO_vTogPinVal+0x8c>
    1d78:	84 27       	eor	r24, r20
    1d7a:	8c 93       	st	X, r24
    1d7c:	25 c0       	rjmp	.+74     	; 0x1dc8 <MDIO_vTogPinVal+0xe4>
		break;
	case DIO_PORTC :
		TOGGLE_BIT(PORTC , A_u8PinNo);
    1d7e:	a5 e3       	ldi	r26, 0x35	; 53
    1d80:	b0 e0       	ldi	r27, 0x00	; 0
    1d82:	e5 e3       	ldi	r30, 0x35	; 53
    1d84:	f0 e0       	ldi	r31, 0x00	; 0
    1d86:	40 81       	ld	r20, Z
    1d88:	8a 81       	ldd	r24, Y+2	; 0x02
    1d8a:	28 2f       	mov	r18, r24
    1d8c:	30 e0       	ldi	r19, 0x00	; 0
    1d8e:	81 e0       	ldi	r24, 0x01	; 1
    1d90:	90 e0       	ldi	r25, 0x00	; 0
    1d92:	02 2e       	mov	r0, r18
    1d94:	02 c0       	rjmp	.+4      	; 0x1d9a <MDIO_vTogPinVal+0xb6>
    1d96:	88 0f       	add	r24, r24
    1d98:	99 1f       	adc	r25, r25
    1d9a:	0a 94       	dec	r0
    1d9c:	e2 f7       	brpl	.-8      	; 0x1d96 <MDIO_vTogPinVal+0xb2>
    1d9e:	84 27       	eor	r24, r20
    1da0:	8c 93       	st	X, r24
    1da2:	12 c0       	rjmp	.+36     	; 0x1dc8 <MDIO_vTogPinVal+0xe4>
		break;
	case DIO_PORTD :
		TOGGLE_BIT(PORTD , A_u8PinNo);
    1da4:	a2 e3       	ldi	r26, 0x32	; 50
    1da6:	b0 e0       	ldi	r27, 0x00	; 0
    1da8:	e2 e3       	ldi	r30, 0x32	; 50
    1daa:	f0 e0       	ldi	r31, 0x00	; 0
    1dac:	40 81       	ld	r20, Z
    1dae:	8a 81       	ldd	r24, Y+2	; 0x02
    1db0:	28 2f       	mov	r18, r24
    1db2:	30 e0       	ldi	r19, 0x00	; 0
    1db4:	81 e0       	ldi	r24, 0x01	; 1
    1db6:	90 e0       	ldi	r25, 0x00	; 0
    1db8:	02 2e       	mov	r0, r18
    1dba:	02 c0       	rjmp	.+4      	; 0x1dc0 <MDIO_vTogPinVal+0xdc>
    1dbc:	88 0f       	add	r24, r24
    1dbe:	99 1f       	adc	r25, r25
    1dc0:	0a 94       	dec	r0
    1dc2:	e2 f7       	brpl	.-8      	; 0x1dbc <MDIO_vTogPinVal+0xd8>
    1dc4:	84 27       	eor	r24, r20
    1dc6:	8c 93       	st	X, r24
		break;
	}
}
    1dc8:	0f 90       	pop	r0
    1dca:	0f 90       	pop	r0
    1dcc:	0f 90       	pop	r0
    1dce:	0f 90       	pop	r0
    1dd0:	cf 91       	pop	r28
    1dd2:	df 91       	pop	r29
    1dd4:	08 95       	ret

00001dd6 <MADC_vINIT>:

#include "ADC_int.h"
#include "ADC_prv.h"

void MADC_vINIT(void)
{
    1dd6:	df 93       	push	r29
    1dd8:	cf 93       	push	r28
    1dda:	cd b7       	in	r28, 0x3d	; 61
    1ddc:	de b7       	in	r29, 0x3e	; 62
	//AVCC
	CLR_BIT(ADMUX , 7);
    1dde:	a7 e2       	ldi	r26, 0x27	; 39
    1de0:	b0 e0       	ldi	r27, 0x00	; 0
    1de2:	e7 e2       	ldi	r30, 0x27	; 39
    1de4:	f0 e0       	ldi	r31, 0x00	; 0
    1de6:	80 81       	ld	r24, Z
    1de8:	8f 77       	andi	r24, 0x7F	; 127
    1dea:	8c 93       	st	X, r24
	SET_BIT(ADMUX , 6);
    1dec:	a7 e2       	ldi	r26, 0x27	; 39
    1dee:	b0 e0       	ldi	r27, 0x00	; 0
    1df0:	e7 e2       	ldi	r30, 0x27	; 39
    1df2:	f0 e0       	ldi	r31, 0x00	; 0
    1df4:	80 81       	ld	r24, Z
    1df6:	80 64       	ori	r24, 0x40	; 64
    1df8:	8c 93       	st	X, r24

	//RIGHT ADJUSTMENT
	CLR_BIT(ADMUX , 5);
    1dfa:	a7 e2       	ldi	r26, 0x27	; 39
    1dfc:	b0 e0       	ldi	r27, 0x00	; 0
    1dfe:	e7 e2       	ldi	r30, 0x27	; 39
    1e00:	f0 e0       	ldi	r31, 0x00	; 0
    1e02:	80 81       	ld	r24, Z
    1e04:	8f 7d       	andi	r24, 0xDF	; 223
    1e06:	8c 93       	st	X, r24

	//PRESCALER 64
	CLR_BIT(ADCSRA , 0);
    1e08:	a6 e2       	ldi	r26, 0x26	; 38
    1e0a:	b0 e0       	ldi	r27, 0x00	; 0
    1e0c:	e6 e2       	ldi	r30, 0x26	; 38
    1e0e:	f0 e0       	ldi	r31, 0x00	; 0
    1e10:	80 81       	ld	r24, Z
    1e12:	8e 7f       	andi	r24, 0xFE	; 254
    1e14:	8c 93       	st	X, r24
	SET_BIT(ADCSRA , 1);
    1e16:	a6 e2       	ldi	r26, 0x26	; 38
    1e18:	b0 e0       	ldi	r27, 0x00	; 0
    1e1a:	e6 e2       	ldi	r30, 0x26	; 38
    1e1c:	f0 e0       	ldi	r31, 0x00	; 0
    1e1e:	80 81       	ld	r24, Z
    1e20:	82 60       	ori	r24, 0x02	; 2
    1e22:	8c 93       	st	X, r24
	SET_BIT(ADCSRA , 2);
    1e24:	a6 e2       	ldi	r26, 0x26	; 38
    1e26:	b0 e0       	ldi	r27, 0x00	; 0
    1e28:	e6 e2       	ldi	r30, 0x26	; 38
    1e2a:	f0 e0       	ldi	r31, 0x00	; 0
    1e2c:	80 81       	ld	r24, Z
    1e2e:	84 60       	ori	r24, 0x04	; 4
    1e30:	8c 93       	st	X, r24

	//POLLING
	CLR_BIT(ADCSRA , 3);
    1e32:	a6 e2       	ldi	r26, 0x26	; 38
    1e34:	b0 e0       	ldi	r27, 0x00	; 0
    1e36:	e6 e2       	ldi	r30, 0x26	; 38
    1e38:	f0 e0       	ldi	r31, 0x00	; 0
    1e3a:	80 81       	ld	r24, Z
    1e3c:	87 7f       	andi	r24, 0xF7	; 247
    1e3e:	8c 93       	st	X, r24

	//SINGLE-CONVERSION MODE
	CLR_BIT(ADCSRA , 5);
    1e40:	a6 e2       	ldi	r26, 0x26	; 38
    1e42:	b0 e0       	ldi	r27, 0x00	; 0
    1e44:	e6 e2       	ldi	r30, 0x26	; 38
    1e46:	f0 e0       	ldi	r31, 0x00	; 0
    1e48:	80 81       	ld	r24, Z
    1e4a:	8f 7d       	andi	r24, 0xDF	; 223
    1e4c:	8c 93       	st	X, r24

	//ENABLE ADC
	SET_BIT(ADCSRA , 7);
    1e4e:	a6 e2       	ldi	r26, 0x26	; 38
    1e50:	b0 e0       	ldi	r27, 0x00	; 0
    1e52:	e6 e2       	ldi	r30, 0x26	; 38
    1e54:	f0 e0       	ldi	r31, 0x00	; 0
    1e56:	80 81       	ld	r24, Z
    1e58:	80 68       	ori	r24, 0x80	; 128
    1e5a:	8c 93       	st	X, r24
}
    1e5c:	cf 91       	pop	r28
    1e5e:	df 91       	pop	r29
    1e60:	08 95       	ret

00001e62 <MADC_u16ReadAnalogValue>:

//Read Value from Sensor
//Channel >> 1 , 2 , 3 , 4
u16 MADC_u16ReadAnalogValue(u8 A_u8ChannelNum)
{
    1e62:	df 93       	push	r29
    1e64:	cf 93       	push	r28
    1e66:	0f 92       	push	r0
    1e68:	cd b7       	in	r28, 0x3d	; 61
    1e6a:	de b7       	in	r29, 0x3e	; 62
    1e6c:	89 83       	std	Y+1, r24	; 0x01
	//Channel
	ADMUX = (ADMUX & 0xE0) | (A_u8ChannelNum & 0x07);
    1e6e:	a7 e2       	ldi	r26, 0x27	; 39
    1e70:	b0 e0       	ldi	r27, 0x00	; 0
    1e72:	e7 e2       	ldi	r30, 0x27	; 39
    1e74:	f0 e0       	ldi	r31, 0x00	; 0
    1e76:	80 81       	ld	r24, Z
    1e78:	98 2f       	mov	r25, r24
    1e7a:	90 7e       	andi	r25, 0xE0	; 224
    1e7c:	89 81       	ldd	r24, Y+1	; 0x01
    1e7e:	87 70       	andi	r24, 0x07	; 7
    1e80:	89 2b       	or	r24, r25
    1e82:	8c 93       	st	X, r24

	//Start Conversion
	SET_BIT (ADCSRA , 6);
    1e84:	a6 e2       	ldi	r26, 0x26	; 38
    1e86:	b0 e0       	ldi	r27, 0x00	; 0
    1e88:	e6 e2       	ldi	r30, 0x26	; 38
    1e8a:	f0 e0       	ldi	r31, 0x00	; 0
    1e8c:	80 81       	ld	r24, Z
    1e8e:	80 64       	ori	r24, 0x40	; 64
    1e90:	8c 93       	st	X, r24

	//Wait on Flag
	while(GET_BIT (ADCSRA , 4) == 0);  // INTERRUPT FLAG
    1e92:	e6 e2       	ldi	r30, 0x26	; 38
    1e94:	f0 e0       	ldi	r31, 0x00	; 0
    1e96:	80 81       	ld	r24, Z
    1e98:	82 95       	swap	r24
    1e9a:	8f 70       	andi	r24, 0x0F	; 15
    1e9c:	88 2f       	mov	r24, r24
    1e9e:	90 e0       	ldi	r25, 0x00	; 0
    1ea0:	81 70       	andi	r24, 0x01	; 1
    1ea2:	90 70       	andi	r25, 0x00	; 0
    1ea4:	00 97       	sbiw	r24, 0x00	; 0
    1ea6:	a9 f3       	breq	.-22     	; 0x1e92 <MADC_u16ReadAnalogValue+0x30>

	//SET Interrupt Flag again
	SET_BIT (ADCSRA , 4);
    1ea8:	a6 e2       	ldi	r26, 0x26	; 38
    1eaa:	b0 e0       	ldi	r27, 0x00	; 0
    1eac:	e6 e2       	ldi	r30, 0x26	; 38
    1eae:	f0 e0       	ldi	r31, 0x00	; 0
    1eb0:	80 81       	ld	r24, Z
    1eb2:	80 61       	ori	r24, 0x10	; 16
    1eb4:	8c 93       	st	X, r24

	return ADC;
    1eb6:	e4 e2       	ldi	r30, 0x24	; 36
    1eb8:	f0 e0       	ldi	r31, 0x00	; 0
    1eba:	80 81       	ld	r24, Z
    1ebc:	91 81       	ldd	r25, Z+1	; 0x01

}
    1ebe:	0f 90       	pop	r0
    1ec0:	cf 91       	pop	r28
    1ec2:	df 91       	pop	r29
    1ec4:	08 95       	ret

00001ec6 <HULTRASONIC_vIcuCallback>:
static volatile u16 G_u16T1 = 0;
static volatile u16 G_u16T2 = 0;
static volatile u8  G_u8EdgeState = 0;

static void HULTRASONIC_vIcuCallback(void)
{
    1ec6:	df 93       	push	r29
    1ec8:	cf 93       	push	r28
    1eca:	cd b7       	in	r28, 0x3d	; 61
    1ecc:	de b7       	in	r29, 0x3e	; 62
    if (G_u8EdgeState == 0)
    1ece:	80 91 95 00 	lds	r24, 0x0095
    1ed2:	88 23       	and	r24, r24
    1ed4:	69 f4       	brne	.+26     	; 0x1ef0 <HULTRASONIC_vIcuCallback+0x2a>
    {
        /* First Capture: Rising Edge */
        G_u16T1 = MTIMER_u16GetCapturedValue();
    1ed6:	0e 94 3b 08 	call	0x1076	; 0x1076 <MTIMER_u16GetCapturedValue>
    1eda:	90 93 92 00 	sts	0x0092, r25
    1ede:	80 93 91 00 	sts	0x0091, r24
        MTIMER_vSetTrigger(TRIG_TYPE_FALLING);
    1ee2:	81 e0       	ldi	r24, 0x01	; 1
    1ee4:	0e 94 09 08 	call	0x1012	; 0x1012 <MTIMER_vSetTrigger>
        G_u8EdgeState = 1;
    1ee8:	81 e0       	ldi	r24, 0x01	; 1
    1eea:	80 93 95 00 	sts	0x0095, r24
    1eee:	10 c0       	rjmp	.+32     	; 0x1f10 <HULTRASONIC_vIcuCallback+0x4a>
    }
    else if (G_u8EdgeState == 1)
    1ef0:	80 91 95 00 	lds	r24, 0x0095
    1ef4:	81 30       	cpi	r24, 0x01	; 1
    1ef6:	61 f4       	brne	.+24     	; 0x1f10 <HULTRASONIC_vIcuCallback+0x4a>
    {
        /* Second Capture: Falling Edge */
        G_u16T2 = MTIMER_u16GetCapturedValue();
    1ef8:	0e 94 3b 08 	call	0x1076	; 0x1076 <MTIMER_u16GetCapturedValue>
    1efc:	90 93 94 00 	sts	0x0094, r25
    1f00:	80 93 93 00 	sts	0x0093, r24
        MTIMER_vSetTrigger(TRIG_TYPE_RISING);
    1f04:	80 e0       	ldi	r24, 0x00	; 0
    1f06:	0e 94 09 08 	call	0x1012	; 0x1012 <MTIMER_vSetTrigger>
        G_u8EdgeState = 2; // Capture sequence finished
    1f0a:	82 e0       	ldi	r24, 0x02	; 2
    1f0c:	80 93 95 00 	sts	0x0095, r24
    }
}
    1f10:	cf 91       	pop	r28
    1f12:	df 91       	pop	r29
    1f14:	08 95       	ret

00001f16 <HULTRASONIC_vInit>:

void HULTRASONIC_vInit(void)
{
    1f16:	df 93       	push	r29
    1f18:	cf 93       	push	r28
    1f1a:	cd b7       	in	r28, 0x3d	; 61
    1f1c:	de b7       	in	r29, 0x3e	; 62
    /* Set Trigger Pin as Output */
    MDIO_vSetPinDir(ULTRASONIC_TRIG_PORT, ULTRASONIC_TRIG_PIN, DIO_OUTPUT);
    1f1e:	83 e0       	ldi	r24, 0x03	; 3
    1f20:	64 e0       	ldi	r22, 0x04	; 4
    1f22:	41 e0       	ldi	r20, 0x01	; 1
    1f24:	0e 94 46 0b 	call	0x168c	; 0x168c <MDIO_vSetPinDir>
    MDIO_vSetPinVal(ULTRASONIC_TRIG_PORT, ULTRASONIC_TRIG_PIN, DIO_LOW);
    1f28:	83 e0       	ldi	r24, 0x03	; 3
    1f2a:	64 e0       	ldi	r22, 0x04	; 4
    1f2c:	40 e0       	ldi	r20, 0x00	; 0
    1f2e:	0e 94 3d 0c 	call	0x187a	; 0x187a <MDIO_vSetPinVal>

    /* Set Echo Pin (ICP1 - Pin D6) as Input */
    MDIO_vSetPinDir(ULTRASONIC_ECHO_PORT, ULTRASONIC_ECHO_PIN, DIO_INPUT);
    1f32:	83 e0       	ldi	r24, 0x03	; 3
    1f34:	66 e0       	ldi	r22, 0x06	; 6
    1f36:	40 e0       	ldi	r20, 0x00	; 0
    1f38:	0e 94 46 0b 	call	0x168c	; 0x168c <MDIO_vSetPinDir>

    /* Register callback and enable interrupt */
    MTIMER_vSetICU_CB(HULTRASONIC_vIcuCallback);
    1f3c:	83 e6       	ldi	r24, 0x63	; 99
    1f3e:	9f e0       	ldi	r25, 0x0F	; 15
    1f40:	0e 94 46 08 	call	0x108c	; 0x108c <MTIMER_vSetICU_CB>
    MTIMER_vSetTrigger(TRIG_TYPE_RISING);
    1f44:	80 e0       	ldi	r24, 0x00	; 0
    1f46:	0e 94 09 08 	call	0x1012	; 0x1012 <MTIMER_vSetTrigger>
    MTIMER_vEnableInterrupt(TIMER_1, ICU);
    1f4a:	81 e0       	ldi	r24, 0x01	; 1
    1f4c:	64 e0       	ldi	r22, 0x04	; 4
    1f4e:	0e 94 58 08 	call	0x10b0	; 0x10b0 <MTIMER_vEnableInterrupt>
}
    1f52:	cf 91       	pop	r28
    1f54:	df 91       	pop	r29
    1f56:	08 95       	ret

00001f58 <HULTRASONIC_u16GetDistance>:

u16 HULTRASONIC_u16GetDistance(void)
{
    1f58:	df 93       	push	r29
    1f5a:	cf 93       	push	r28
    1f5c:	cd b7       	in	r28, 0x3d	; 61
    1f5e:	de b7       	in	r29, 0x3e	; 62
    1f60:	ea 97       	sbiw	r28, 0x3a	; 58
    1f62:	0f b6       	in	r0, 0x3f	; 63
    1f64:	f8 94       	cli
    1f66:	de bf       	out	0x3e, r29	; 62
    1f68:	0f be       	out	0x3f, r0	; 63
    1f6a:	cd bf       	out	0x3d, r28	; 61
    u16 L_u16Ticks = 0;
    1f6c:	1a ae       	std	Y+58, r1	; 0x3a
    1f6e:	19 ae       	std	Y+57, r1	; 0x39
    u16 L_u16DistanceCm = 0;
    1f70:	18 ae       	std	Y+56, r1	; 0x38
    1f72:	1f aa       	std	Y+55, r1	; 0x37
    u32 L_u32Timeout = 0;
    1f74:	1b aa       	std	Y+51, r1	; 0x33
    1f76:	1c aa       	std	Y+52, r1	; 0x34
    1f78:	1d aa       	std	Y+53, r1	; 0x35
    1f7a:	1e aa       	std	Y+54, r1	; 0x36
    u16 L_u16EchoWait = 0;
    1f7c:	1a aa       	std	Y+50, r1	; 0x32
    1f7e:	19 aa       	std	Y+49, r1	; 0x31

    G_u16T1 = 0;
    1f80:	10 92 92 00 	sts	0x0092, r1
    1f84:	10 92 91 00 	sts	0x0091, r1
    G_u16T2 = 0;
    1f88:	10 92 94 00 	sts	0x0094, r1
    1f8c:	10 92 93 00 	sts	0x0093, r1
    G_u8EdgeState = 0;
    1f90:	10 92 95 00 	sts	0x0095, r1
    1f94:	05 c0       	rjmp	.+10     	; 0x1fa0 <HULTRASONIC_u16GetDistance+0x48>

    /* Make sure any previous echo is finished */
    while ((MDIO_u8GetPinVal(ULTRASONIC_ECHO_PORT, ULTRASONIC_ECHO_PIN) == DIO_HIGH) &&
           (L_u16EchoWait < 1000))
    {
        L_u16EchoWait++;
    1f96:	89 a9       	ldd	r24, Y+49	; 0x31
    1f98:	9a a9       	ldd	r25, Y+50	; 0x32
    1f9a:	01 96       	adiw	r24, 0x01	; 1
    1f9c:	9a ab       	std	Y+50, r25	; 0x32
    1f9e:	89 ab       	std	Y+49, r24	; 0x31
    G_u16T1 = 0;
    G_u16T2 = 0;
    G_u8EdgeState = 0;

    /* Make sure any previous echo is finished */
    while ((MDIO_u8GetPinVal(ULTRASONIC_ECHO_PORT, ULTRASONIC_ECHO_PIN) == DIO_HIGH) &&
    1fa0:	83 e0       	ldi	r24, 0x03	; 3
    1fa2:	66 e0       	ldi	r22, 0x06	; 6
    1fa4:	0e 94 34 0d 	call	0x1a68	; 0x1a68 <MDIO_u8GetPinVal>
    1fa8:	81 30       	cpi	r24, 0x01	; 1
    1faa:	31 f4       	brne	.+12     	; 0x1fb8 <HULTRASONIC_u16GetDistance+0x60>
    1fac:	89 a9       	ldd	r24, Y+49	; 0x31
    1fae:	9a a9       	ldd	r25, Y+50	; 0x32
    1fb0:	23 e0       	ldi	r18, 0x03	; 3
    1fb2:	88 3e       	cpi	r24, 0xE8	; 232
    1fb4:	92 07       	cpc	r25, r18
    1fb6:	78 f3       	brcs	.-34     	; 0x1f96 <HULTRASONIC_u16GetDistance+0x3e>
    {
        L_u16EchoWait++;
    }

    /* Send a real 10 us pulse to the HC-SR04 trigger pin */
    MDIO_vSetPinVal(ULTRASONIC_TRIG_PORT, ULTRASONIC_TRIG_PIN, DIO_LOW);
    1fb8:	83 e0       	ldi	r24, 0x03	; 3
    1fba:	64 e0       	ldi	r22, 0x04	; 4
    1fbc:	40 e0       	ldi	r20, 0x00	; 0
    1fbe:	0e 94 3d 0c 	call	0x187a	; 0x187a <MDIO_vSetPinVal>
    1fc2:	80 e0       	ldi	r24, 0x00	; 0
    1fc4:	90 e0       	ldi	r25, 0x00	; 0
    1fc6:	a0 e0       	ldi	r26, 0x00	; 0
    1fc8:	b0 e4       	ldi	r27, 0x40	; 64
    1fca:	8d a7       	std	Y+45, r24	; 0x2d
    1fcc:	9e a7       	std	Y+46, r25	; 0x2e
    1fce:	af a7       	std	Y+47, r26	; 0x2f
    1fd0:	b8 ab       	std	Y+48, r27	; 0x30
 */
void
_delay_us(double __us)
{
	uint8_t __ticks;
	double __tmp = ((F_CPU) / 3e6) * __us;
    1fd2:	6d a5       	ldd	r22, Y+45	; 0x2d
    1fd4:	7e a5       	ldd	r23, Y+46	; 0x2e
    1fd6:	8f a5       	ldd	r24, Y+47	; 0x2f
    1fd8:	98 a9       	ldd	r25, Y+48	; 0x30
    1fda:	2b ea       	ldi	r18, 0xAB	; 171
    1fdc:	3a ea       	ldi	r19, 0xAA	; 170
    1fde:	4a e2       	ldi	r20, 0x2A	; 42
    1fe0:	50 e4       	ldi	r21, 0x40	; 64
    1fe2:	0e 94 1f 02 	call	0x43e	; 0x43e <__mulsf3>
    1fe6:	dc 01       	movw	r26, r24
    1fe8:	cb 01       	movw	r24, r22
    1fea:	89 a7       	std	Y+41, r24	; 0x29
    1fec:	9a a7       	std	Y+42, r25	; 0x2a
    1fee:	ab a7       	std	Y+43, r26	; 0x2b
    1ff0:	bc a7       	std	Y+44, r27	; 0x2c
	if (__tmp < 1.0)
    1ff2:	69 a5       	ldd	r22, Y+41	; 0x29
    1ff4:	7a a5       	ldd	r23, Y+42	; 0x2a
    1ff6:	8b a5       	ldd	r24, Y+43	; 0x2b
    1ff8:	9c a5       	ldd	r25, Y+44	; 0x2c
    1ffa:	20 e0       	ldi	r18, 0x00	; 0
    1ffc:	30 e0       	ldi	r19, 0x00	; 0
    1ffe:	40 e8       	ldi	r20, 0x80	; 128
    2000:	5f e3       	ldi	r21, 0x3F	; 63
    2002:	0e 94 25 04 	call	0x84a	; 0x84a <__ltsf2>
    2006:	88 23       	and	r24, r24
    2008:	1c f4       	brge	.+6      	; 0x2010 <HULTRASONIC_u16GetDistance+0xb8>
		__ticks = 1;
    200a:	81 e0       	ldi	r24, 0x01	; 1
    200c:	88 a7       	std	Y+40, r24	; 0x28
    200e:	91 c0       	rjmp	.+290    	; 0x2132 <HULTRASONIC_u16GetDistance+0x1da>
	else if (__tmp > 255)
    2010:	69 a5       	ldd	r22, Y+41	; 0x29
    2012:	7a a5       	ldd	r23, Y+42	; 0x2a
    2014:	8b a5       	ldd	r24, Y+43	; 0x2b
    2016:	9c a5       	ldd	r25, Y+44	; 0x2c
    2018:	20 e0       	ldi	r18, 0x00	; 0
    201a:	30 e0       	ldi	r19, 0x00	; 0
    201c:	4f e7       	ldi	r20, 0x7F	; 127
    201e:	53 e4       	ldi	r21, 0x43	; 67
    2020:	0e 94 c5 03 	call	0x78a	; 0x78a <__gtsf2>
    2024:	18 16       	cp	r1, r24
    2026:	0c f0       	brlt	.+2      	; 0x202a <HULTRASONIC_u16GetDistance+0xd2>
    2028:	7b c0       	rjmp	.+246    	; 0x2120 <HULTRASONIC_u16GetDistance+0x1c8>
	{
		_delay_ms(__us / 1000.0);
    202a:	6d a5       	ldd	r22, Y+45	; 0x2d
    202c:	7e a5       	ldd	r23, Y+46	; 0x2e
    202e:	8f a5       	ldd	r24, Y+47	; 0x2f
    2030:	98 a9       	ldd	r25, Y+48	; 0x30
    2032:	20 e0       	ldi	r18, 0x00	; 0
    2034:	30 e0       	ldi	r19, 0x00	; 0
    2036:	4a e7       	ldi	r20, 0x7A	; 122
    2038:	54 e4       	ldi	r21, 0x44	; 68
    203a:	0e 94 19 03 	call	0x632	; 0x632 <__divsf3>
    203e:	dc 01       	movw	r26, r24
    2040:	cb 01       	movw	r24, r22
    2042:	8c a3       	std	Y+36, r24	; 0x24
    2044:	9d a3       	std	Y+37, r25	; 0x25
    2046:	ae a3       	std	Y+38, r26	; 0x26
    2048:	bf a3       	std	Y+39, r27	; 0x27
 */
void
_delay_ms(double __ms)
{
	uint16_t __ticks;
	double __tmp = ((F_CPU) / 4e3) * __ms;
    204a:	6c a1       	ldd	r22, Y+36	; 0x24
    204c:	7d a1       	ldd	r23, Y+37	; 0x25
    204e:	8e a1       	ldd	r24, Y+38	; 0x26
    2050:	9f a1       	ldd	r25, Y+39	; 0x27
    2052:	20 e0       	ldi	r18, 0x00	; 0
    2054:	30 e0       	ldi	r19, 0x00	; 0
    2056:	4a ef       	ldi	r20, 0xFA	; 250
    2058:	54 e4       	ldi	r21, 0x44	; 68
    205a:	0e 94 1f 02 	call	0x43e	; 0x43e <__mulsf3>
    205e:	dc 01       	movw	r26, r24
    2060:	cb 01       	movw	r24, r22
    2062:	88 a3       	std	Y+32, r24	; 0x20
    2064:	99 a3       	std	Y+33, r25	; 0x21
    2066:	aa a3       	std	Y+34, r26	; 0x22
    2068:	bb a3       	std	Y+35, r27	; 0x23
	if (__tmp < 1.0)
    206a:	68 a1       	ldd	r22, Y+32	; 0x20
    206c:	79 a1       	ldd	r23, Y+33	; 0x21
    206e:	8a a1       	ldd	r24, Y+34	; 0x22
    2070:	9b a1       	ldd	r25, Y+35	; 0x23
    2072:	20 e0       	ldi	r18, 0x00	; 0
    2074:	30 e0       	ldi	r19, 0x00	; 0
    2076:	40 e8       	ldi	r20, 0x80	; 128
    2078:	5f e3       	ldi	r21, 0x3F	; 63
    207a:	0e 94 25 04 	call	0x84a	; 0x84a <__ltsf2>
    207e:	88 23       	and	r24, r24
    2080:	2c f4       	brge	.+10     	; 0x208c <HULTRASONIC_u16GetDistance+0x134>
		__ticks = 1;
    2082:	81 e0       	ldi	r24, 0x01	; 1
    2084:	90 e0       	ldi	r25, 0x00	; 0
    2086:	9f 8f       	std	Y+31, r25	; 0x1f
    2088:	8e 8f       	std	Y+30, r24	; 0x1e
    208a:	3f c0       	rjmp	.+126    	; 0x210a <HULTRASONIC_u16GetDistance+0x1b2>
	else if (__tmp > 65535)
    208c:	68 a1       	ldd	r22, Y+32	; 0x20
    208e:	79 a1       	ldd	r23, Y+33	; 0x21
    2090:	8a a1       	ldd	r24, Y+34	; 0x22
    2092:	9b a1       	ldd	r25, Y+35	; 0x23
    2094:	20 e0       	ldi	r18, 0x00	; 0
    2096:	3f ef       	ldi	r19, 0xFF	; 255
    2098:	4f e7       	ldi	r20, 0x7F	; 127
    209a:	57 e4       	ldi	r21, 0x47	; 71
    209c:	0e 94 c5 03 	call	0x78a	; 0x78a <__gtsf2>
    20a0:	18 16       	cp	r1, r24
    20a2:	4c f5       	brge	.+82     	; 0x20f6 <HULTRASONIC_u16GetDistance+0x19e>
	{
		//	__ticks = requested delay in 1/10 ms
		__ticks = (uint16_t) (__ms * 10.0);
    20a4:	6c a1       	ldd	r22, Y+36	; 0x24
    20a6:	7d a1       	ldd	r23, Y+37	; 0x25
    20a8:	8e a1       	ldd	r24, Y+38	; 0x26
    20aa:	9f a1       	ldd	r25, Y+39	; 0x27
    20ac:	20 e0       	ldi	r18, 0x00	; 0
    20ae:	30 e0       	ldi	r19, 0x00	; 0
    20b0:	40 e2       	ldi	r20, 0x20	; 32
    20b2:	51 e4       	ldi	r21, 0x41	; 65
    20b4:	0e 94 1f 02 	call	0x43e	; 0x43e <__mulsf3>
    20b8:	dc 01       	movw	r26, r24
    20ba:	cb 01       	movw	r24, r22
    20bc:	bc 01       	movw	r22, r24
    20be:	cd 01       	movw	r24, r26
    20c0:	0e 94 49 00 	call	0x92	; 0x92 <__fixunssfsi>
    20c4:	dc 01       	movw	r26, r24
    20c6:	cb 01       	movw	r24, r22
    20c8:	9f 8f       	std	Y+31, r25	; 0x1f
    20ca:	8e 8f       	std	Y+30, r24	; 0x1e
    20cc:	0f c0       	rjmp	.+30     	; 0x20ec <HULTRASONIC_u16GetDistance+0x194>
    20ce:	88 ec       	ldi	r24, 0xC8	; 200
    20d0:	90 e0       	ldi	r25, 0x00	; 0
    20d2:	9d 8f       	std	Y+29, r25	; 0x1d
    20d4:	8c 8f       	std	Y+28, r24	; 0x1c
    milliseconds can be achieved.
 */
void
_delay_loop_2(uint16_t __count)
{
	__asm__ volatile (
    20d6:	8c 8d       	ldd	r24, Y+28	; 0x1c
    20d8:	9d 8d       	ldd	r25, Y+29	; 0x1d
    20da:	01 97       	sbiw	r24, 0x01	; 1
    20dc:	f1 f7       	brne	.-4      	; 0x20da <HULTRASONIC_u16GetDistance+0x182>
    20de:	9d 8f       	std	Y+29, r25	; 0x1d
    20e0:	8c 8f       	std	Y+28, r24	; 0x1c
		while(__ticks)
		{
			// wait 1/10 ms
			_delay_loop_2(((F_CPU) / 4e3) / 10);
			__ticks --;
    20e2:	8e 8d       	ldd	r24, Y+30	; 0x1e
    20e4:	9f 8d       	ldd	r25, Y+31	; 0x1f
    20e6:	01 97       	sbiw	r24, 0x01	; 1
    20e8:	9f 8f       	std	Y+31, r25	; 0x1f
    20ea:	8e 8f       	std	Y+30, r24	; 0x1e
		__ticks = 1;
	else if (__tmp > 65535)
	{
		//	__ticks = requested delay in 1/10 ms
		__ticks = (uint16_t) (__ms * 10.0);
		while(__ticks)
    20ec:	8e 8d       	ldd	r24, Y+30	; 0x1e
    20ee:	9f 8d       	ldd	r25, Y+31	; 0x1f
    20f0:	00 97       	sbiw	r24, 0x00	; 0
    20f2:	69 f7       	brne	.-38     	; 0x20ce <HULTRASONIC_u16GetDistance+0x176>
    20f4:	24 c0       	rjmp	.+72     	; 0x213e <HULTRASONIC_u16GetDistance+0x1e6>
			__ticks --;
		}
		return;
	}
	else
		__ticks = (uint16_t)__tmp;
    20f6:	68 a1       	ldd	r22, Y+32	; 0x20
    20f8:	79 a1       	ldd	r23, Y+33	; 0x21
    20fa:	8a a1       	ldd	r24, Y+34	; 0x22
    20fc:	9b a1       	ldd	r25, Y+35	; 0x23
    20fe:	0e 94 49 00 	call	0x92	; 0x92 <__fixunssfsi>
    2102:	dc 01       	movw	r26, r24
    2104:	cb 01       	movw	r24, r22
    2106:	9f 8f       	std	Y+31, r25	; 0x1f
    2108:	8e 8f       	std	Y+30, r24	; 0x1e
    210a:	8e 8d       	ldd	r24, Y+30	; 0x1e
    210c:	9f 8d       	ldd	r25, Y+31	; 0x1f
    210e:	9b 8f       	std	Y+27, r25	; 0x1b
    2110:	8a 8f       	std	Y+26, r24	; 0x1a
    2112:	8a 8d       	ldd	r24, Y+26	; 0x1a
    2114:	9b 8d       	ldd	r25, Y+27	; 0x1b
    2116:	01 97       	sbiw	r24, 0x01	; 1
    2118:	f1 f7       	brne	.-4      	; 0x2116 <HULTRASONIC_u16GetDistance+0x1be>
    211a:	9b 8f       	std	Y+27, r25	; 0x1b
    211c:	8a 8f       	std	Y+26, r24	; 0x1a
    211e:	0f c0       	rjmp	.+30     	; 0x213e <HULTRASONIC_u16GetDistance+0x1e6>
	{
		_delay_ms(__us / 1000.0);
		return;
	}
	else
		__ticks = (uint8_t)__tmp;
    2120:	69 a5       	ldd	r22, Y+41	; 0x29
    2122:	7a a5       	ldd	r23, Y+42	; 0x2a
    2124:	8b a5       	ldd	r24, Y+43	; 0x2b
    2126:	9c a5       	ldd	r25, Y+44	; 0x2c
    2128:	0e 94 49 00 	call	0x92	; 0x92 <__fixunssfsi>
    212c:	dc 01       	movw	r26, r24
    212e:	cb 01       	movw	r24, r22
    2130:	88 a7       	std	Y+40, r24	; 0x28
    2132:	88 a5       	ldd	r24, Y+40	; 0x28
    2134:	89 8f       	std	Y+25, r24	; 0x19
    can be achieved.
*/
void
_delay_loop_1(uint8_t __count)
{
	__asm__ volatile (
    2136:	89 8d       	ldd	r24, Y+25	; 0x19
    2138:	8a 95       	dec	r24
    213a:	f1 f7       	brne	.-4      	; 0x2138 <HULTRASONIC_u16GetDistance+0x1e0>
    213c:	89 8f       	std	Y+25, r24	; 0x19
    _delay_us(2);
    MDIO_vSetPinVal(ULTRASONIC_TRIG_PORT, ULTRASONIC_TRIG_PIN, DIO_HIGH);
    213e:	83 e0       	ldi	r24, 0x03	; 3
    2140:	64 e0       	ldi	r22, 0x04	; 4
    2142:	41 e0       	ldi	r20, 0x01	; 1
    2144:	0e 94 3d 0c 	call	0x187a	; 0x187a <MDIO_vSetPinVal>
    2148:	80 e0       	ldi	r24, 0x00	; 0
    214a:	90 e0       	ldi	r25, 0x00	; 0
    214c:	a0 e2       	ldi	r26, 0x20	; 32
    214e:	b1 e4       	ldi	r27, 0x41	; 65
    2150:	8d 8b       	std	Y+21, r24	; 0x15
    2152:	9e 8b       	std	Y+22, r25	; 0x16
    2154:	af 8b       	std	Y+23, r26	; 0x17
    2156:	b8 8f       	std	Y+24, r27	; 0x18
 */
void
_delay_us(double __us)
{
	uint8_t __ticks;
	double __tmp = ((F_CPU) / 3e6) * __us;
    2158:	6d 89       	ldd	r22, Y+21	; 0x15
    215a:	7e 89       	ldd	r23, Y+22	; 0x16
    215c:	8f 89       	ldd	r24, Y+23	; 0x17
    215e:	98 8d       	ldd	r25, Y+24	; 0x18
    2160:	2b ea       	ldi	r18, 0xAB	; 171
    2162:	3a ea       	ldi	r19, 0xAA	; 170
    2164:	4a e2       	ldi	r20, 0x2A	; 42
    2166:	50 e4       	ldi	r21, 0x40	; 64
    2168:	0e 94 1f 02 	call	0x43e	; 0x43e <__mulsf3>
    216c:	dc 01       	movw	r26, r24
    216e:	cb 01       	movw	r24, r22
    2170:	89 8b       	std	Y+17, r24	; 0x11
    2172:	9a 8b       	std	Y+18, r25	; 0x12
    2174:	ab 8b       	std	Y+19, r26	; 0x13
    2176:	bc 8b       	std	Y+20, r27	; 0x14
	if (__tmp < 1.0)
    2178:	69 89       	ldd	r22, Y+17	; 0x11
    217a:	7a 89       	ldd	r23, Y+18	; 0x12
    217c:	8b 89       	ldd	r24, Y+19	; 0x13
    217e:	9c 89       	ldd	r25, Y+20	; 0x14
    2180:	20 e0       	ldi	r18, 0x00	; 0
    2182:	30 e0       	ldi	r19, 0x00	; 0
    2184:	40 e8       	ldi	r20, 0x80	; 128
    2186:	5f e3       	ldi	r21, 0x3F	; 63
    2188:	0e 94 25 04 	call	0x84a	; 0x84a <__ltsf2>
    218c:	88 23       	and	r24, r24
    218e:	1c f4       	brge	.+6      	; 0x2196 <HULTRASONIC_u16GetDistance+0x23e>
		__ticks = 1;
    2190:	81 e0       	ldi	r24, 0x01	; 1
    2192:	88 8b       	std	Y+16, r24	; 0x10
    2194:	91 c0       	rjmp	.+290    	; 0x22b8 <HULTRASONIC_u16GetDistance+0x360>
	else if (__tmp > 255)
    2196:	69 89       	ldd	r22, Y+17	; 0x11
    2198:	7a 89       	ldd	r23, Y+18	; 0x12
    219a:	8b 89       	ldd	r24, Y+19	; 0x13
    219c:	9c 89       	ldd	r25, Y+20	; 0x14
    219e:	20 e0       	ldi	r18, 0x00	; 0
    21a0:	30 e0       	ldi	r19, 0x00	; 0
    21a2:	4f e7       	ldi	r20, 0x7F	; 127
    21a4:	53 e4       	ldi	r21, 0x43	; 67
    21a6:	0e 94 c5 03 	call	0x78a	; 0x78a <__gtsf2>
    21aa:	18 16       	cp	r1, r24
    21ac:	0c f0       	brlt	.+2      	; 0x21b0 <HULTRASONIC_u16GetDistance+0x258>
    21ae:	7b c0       	rjmp	.+246    	; 0x22a6 <HULTRASONIC_u16GetDistance+0x34e>
	{
		_delay_ms(__us / 1000.0);
    21b0:	6d 89       	ldd	r22, Y+21	; 0x15
    21b2:	7e 89       	ldd	r23, Y+22	; 0x16
    21b4:	8f 89       	ldd	r24, Y+23	; 0x17
    21b6:	98 8d       	ldd	r25, Y+24	; 0x18
    21b8:	20 e0       	ldi	r18, 0x00	; 0
    21ba:	30 e0       	ldi	r19, 0x00	; 0
    21bc:	4a e7       	ldi	r20, 0x7A	; 122
    21be:	54 e4       	ldi	r21, 0x44	; 68
    21c0:	0e 94 19 03 	call	0x632	; 0x632 <__divsf3>
    21c4:	dc 01       	movw	r26, r24
    21c6:	cb 01       	movw	r24, r22
    21c8:	8c 87       	std	Y+12, r24	; 0x0c
    21ca:	9d 87       	std	Y+13, r25	; 0x0d
    21cc:	ae 87       	std	Y+14, r26	; 0x0e
    21ce:	bf 87       	std	Y+15, r27	; 0x0f
 */
void
_delay_ms(double __ms)
{
	uint16_t __ticks;
	double __tmp = ((F_CPU) / 4e3) * __ms;
    21d0:	6c 85       	ldd	r22, Y+12	; 0x0c
    21d2:	7d 85       	ldd	r23, Y+13	; 0x0d
    21d4:	8e 85       	ldd	r24, Y+14	; 0x0e
    21d6:	9f 85       	ldd	r25, Y+15	; 0x0f
    21d8:	20 e0       	ldi	r18, 0x00	; 0
    21da:	30 e0       	ldi	r19, 0x00	; 0
    21dc:	4a ef       	ldi	r20, 0xFA	; 250
    21de:	54 e4       	ldi	r21, 0x44	; 68
    21e0:	0e 94 1f 02 	call	0x43e	; 0x43e <__mulsf3>
    21e4:	dc 01       	movw	r26, r24
    21e6:	cb 01       	movw	r24, r22
    21e8:	88 87       	std	Y+8, r24	; 0x08
    21ea:	99 87       	std	Y+9, r25	; 0x09
    21ec:	aa 87       	std	Y+10, r26	; 0x0a
    21ee:	bb 87       	std	Y+11, r27	; 0x0b
	if (__tmp < 1.0)
    21f0:	68 85       	ldd	r22, Y+8	; 0x08
    21f2:	79 85       	ldd	r23, Y+9	; 0x09
    21f4:	8a 85       	ldd	r24, Y+10	; 0x0a
    21f6:	9b 85       	ldd	r25, Y+11	; 0x0b
    21f8:	20 e0       	ldi	r18, 0x00	; 0
    21fa:	30 e0       	ldi	r19, 0x00	; 0
    21fc:	40 e8       	ldi	r20, 0x80	; 128
    21fe:	5f e3       	ldi	r21, 0x3F	; 63
    2200:	0e 94 25 04 	call	0x84a	; 0x84a <__ltsf2>
    2204:	88 23       	and	r24, r24
    2206:	2c f4       	brge	.+10     	; 0x2212 <HULTRASONIC_u16GetDistance+0x2ba>
		__ticks = 1;
    2208:	81 e0       	ldi	r24, 0x01	; 1
    220a:	90 e0       	ldi	r25, 0x00	; 0
    220c:	9f 83       	std	Y+7, r25	; 0x07
    220e:	8e 83       	std	Y+6, r24	; 0x06
    2210:	3f c0       	rjmp	.+126    	; 0x2290 <HULTRASONIC_u16GetDistance+0x338>
	else if (__tmp > 65535)
    2212:	68 85       	ldd	r22, Y+8	; 0x08
    2214:	79 85       	ldd	r23, Y+9	; 0x09
    2216:	8a 85       	ldd	r24, Y+10	; 0x0a
    2218:	9b 85       	ldd	r25, Y+11	; 0x0b
    221a:	20 e0       	ldi	r18, 0x00	; 0
    221c:	3f ef       	ldi	r19, 0xFF	; 255
    221e:	4f e7       	ldi	r20, 0x7F	; 127
    2220:	57 e4       	ldi	r21, 0x47	; 71
    2222:	0e 94 c5 03 	call	0x78a	; 0x78a <__gtsf2>
    2226:	18 16       	cp	r1, r24
    2228:	4c f5       	brge	.+82     	; 0x227c <HULTRASONIC_u16GetDistance+0x324>
	{
		//	__ticks = requested delay in 1/10 ms
		__ticks = (uint16_t) (__ms * 10.0);
    222a:	6c 85       	ldd	r22, Y+12	; 0x0c
    222c:	7d 85       	ldd	r23, Y+13	; 0x0d
    222e:	8e 85       	ldd	r24, Y+14	; 0x0e
    2230:	9f 85       	ldd	r25, Y+15	; 0x0f
    2232:	20 e0       	ldi	r18, 0x00	; 0
    2234:	30 e0       	ldi	r19, 0x00	; 0
    2236:	40 e2       	ldi	r20, 0x20	; 32
    2238:	51 e4       	ldi	r21, 0x41	; 65
    223a:	0e 94 1f 02 	call	0x43e	; 0x43e <__mulsf3>
    223e:	dc 01       	movw	r26, r24
    2240:	cb 01       	movw	r24, r22
    2242:	bc 01       	movw	r22, r24
    2244:	cd 01       	movw	r24, r26
    2246:	0e 94 49 00 	call	0x92	; 0x92 <__fixunssfsi>
    224a:	dc 01       	movw	r26, r24
    224c:	cb 01       	movw	r24, r22
    224e:	9f 83       	std	Y+7, r25	; 0x07
    2250:	8e 83       	std	Y+6, r24	; 0x06
    2252:	0f c0       	rjmp	.+30     	; 0x2272 <HULTRASONIC_u16GetDistance+0x31a>
    2254:	88 ec       	ldi	r24, 0xC8	; 200
    2256:	90 e0       	ldi	r25, 0x00	; 0
    2258:	9d 83       	std	Y+5, r25	; 0x05
    225a:	8c 83       	std	Y+4, r24	; 0x04
    milliseconds can be achieved.
 */
void
_delay_loop_2(uint16_t __count)
{
	__asm__ volatile (
    225c:	8c 81       	ldd	r24, Y+4	; 0x04
    225e:	9d 81       	ldd	r25, Y+5	; 0x05
    2260:	01 97       	sbiw	r24, 0x01	; 1
    2262:	f1 f7       	brne	.-4      	; 0x2260 <HULTRASONIC_u16GetDistance+0x308>
    2264:	9d 83       	std	Y+5, r25	; 0x05
    2266:	8c 83       	std	Y+4, r24	; 0x04
		while(__ticks)
		{
			// wait 1/10 ms
			_delay_loop_2(((F_CPU) / 4e3) / 10);
			__ticks --;
    2268:	8e 81       	ldd	r24, Y+6	; 0x06
    226a:	9f 81       	ldd	r25, Y+7	; 0x07
    226c:	01 97       	sbiw	r24, 0x01	; 1
    226e:	9f 83       	std	Y+7, r25	; 0x07
    2270:	8e 83       	std	Y+6, r24	; 0x06
		__ticks = 1;
	else if (__tmp > 65535)
	{
		//	__ticks = requested delay in 1/10 ms
		__ticks = (uint16_t) (__ms * 10.0);
		while(__ticks)
    2272:	8e 81       	ldd	r24, Y+6	; 0x06
    2274:	9f 81       	ldd	r25, Y+7	; 0x07
    2276:	00 97       	sbiw	r24, 0x00	; 0
    2278:	69 f7       	brne	.-38     	; 0x2254 <HULTRASONIC_u16GetDistance+0x2fc>
    227a:	24 c0       	rjmp	.+72     	; 0x22c4 <HULTRASONIC_u16GetDistance+0x36c>
			__ticks --;
		}
		return;
	}
	else
		__ticks = (uint16_t)__tmp;
    227c:	68 85       	ldd	r22, Y+8	; 0x08
    227e:	79 85       	ldd	r23, Y+9	; 0x09
    2280:	8a 85       	ldd	r24, Y+10	; 0x0a
    2282:	9b 85       	ldd	r25, Y+11	; 0x0b
    2284:	0e 94 49 00 	call	0x92	; 0x92 <__fixunssfsi>
    2288:	dc 01       	movw	r26, r24
    228a:	cb 01       	movw	r24, r22
    228c:	9f 83       	std	Y+7, r25	; 0x07
    228e:	8e 83       	std	Y+6, r24	; 0x06
    2290:	8e 81       	ldd	r24, Y+6	; 0x06
    2292:	9f 81       	ldd	r25, Y+7	; 0x07
    2294:	9b 83       	std	Y+3, r25	; 0x03
    2296:	8a 83       	std	Y+2, r24	; 0x02
    2298:	8a 81       	ldd	r24, Y+2	; 0x02
    229a:	9b 81       	ldd	r25, Y+3	; 0x03
    229c:	01 97       	sbiw	r24, 0x01	; 1
    229e:	f1 f7       	brne	.-4      	; 0x229c <HULTRASONIC_u16GetDistance+0x344>
    22a0:	9b 83       	std	Y+3, r25	; 0x03
    22a2:	8a 83       	std	Y+2, r24	; 0x02
    22a4:	0f c0       	rjmp	.+30     	; 0x22c4 <HULTRASONIC_u16GetDistance+0x36c>
	{
		_delay_ms(__us / 1000.0);
		return;
	}
	else
		__ticks = (uint8_t)__tmp;
    22a6:	69 89       	ldd	r22, Y+17	; 0x11
    22a8:	7a 89       	ldd	r23, Y+18	; 0x12
    22aa:	8b 89       	ldd	r24, Y+19	; 0x13
    22ac:	9c 89       	ldd	r25, Y+20	; 0x14
    22ae:	0e 94 49 00 	call	0x92	; 0x92 <__fixunssfsi>
    22b2:	dc 01       	movw	r26, r24
    22b4:	cb 01       	movw	r24, r22
    22b6:	88 8b       	std	Y+16, r24	; 0x10
    22b8:	88 89       	ldd	r24, Y+16	; 0x10
    22ba:	89 83       	std	Y+1, r24	; 0x01
    can be achieved.
*/
void
_delay_loop_1(uint8_t __count)
{
	__asm__ volatile (
    22bc:	89 81       	ldd	r24, Y+1	; 0x01
    22be:	8a 95       	dec	r24
    22c0:	f1 f7       	brne	.-4      	; 0x22be <HULTRASONIC_u16GetDistance+0x366>
    22c2:	89 83       	std	Y+1, r24	; 0x01
    _delay_us(10);
    MDIO_vSetPinVal(ULTRASONIC_TRIG_PORT, ULTRASONIC_TRIG_PIN, DIO_LOW);
    22c4:	83 e0       	ldi	r24, 0x03	; 3
    22c6:	64 e0       	ldi	r22, 0x04	; 4
    22c8:	40 e0       	ldi	r20, 0x00	; 0
    22ca:	0e 94 3d 0c 	call	0x187a	; 0x187a <MDIO_vSetPinVal>
    22ce:	0b c0       	rjmp	.+22     	; 0x22e6 <HULTRASONIC_u16GetDistance+0x38e>

    /* Wait for capture sequence to complete with a safety timeout */
    while ((G_u8EdgeState != 2) && (L_u32Timeout < 60000))
    {
        L_u32Timeout++;
    22d0:	8b a9       	ldd	r24, Y+51	; 0x33
    22d2:	9c a9       	ldd	r25, Y+52	; 0x34
    22d4:	ad a9       	ldd	r26, Y+53	; 0x35
    22d6:	be a9       	ldd	r27, Y+54	; 0x36
    22d8:	01 96       	adiw	r24, 0x01	; 1
    22da:	a1 1d       	adc	r26, r1
    22dc:	b1 1d       	adc	r27, r1
    22de:	8b ab       	std	Y+51, r24	; 0x33
    22e0:	9c ab       	std	Y+52, r25	; 0x34
    22e2:	ad ab       	std	Y+53, r26	; 0x35
    22e4:	be ab       	std	Y+54, r27	; 0x36
    MDIO_vSetPinVal(ULTRASONIC_TRIG_PORT, ULTRASONIC_TRIG_PIN, DIO_HIGH);
    _delay_us(10);
    MDIO_vSetPinVal(ULTRASONIC_TRIG_PORT, ULTRASONIC_TRIG_PIN, DIO_LOW);

    /* Wait for capture sequence to complete with a safety timeout */
    while ((G_u8EdgeState != 2) && (L_u32Timeout < 60000))
    22e6:	80 91 95 00 	lds	r24, 0x0095
    22ea:	82 30       	cpi	r24, 0x02	; 2
    22ec:	61 f0       	breq	.+24     	; 0x2306 <HULTRASONIC_u16GetDistance+0x3ae>
    22ee:	8b a9       	ldd	r24, Y+51	; 0x33
    22f0:	9c a9       	ldd	r25, Y+52	; 0x34
    22f2:	ad a9       	ldd	r26, Y+53	; 0x35
    22f4:	be a9       	ldd	r27, Y+54	; 0x36
    22f6:	80 36       	cpi	r24, 0x60	; 96
    22f8:	2a ee       	ldi	r18, 0xEA	; 234
    22fa:	92 07       	cpc	r25, r18
    22fc:	20 e0       	ldi	r18, 0x00	; 0
    22fe:	a2 07       	cpc	r26, r18
    2300:	20 e0       	ldi	r18, 0x00	; 0
    2302:	b2 07       	cpc	r27, r18
    2304:	28 f3       	brcs	.-54     	; 0x22d0 <HULTRASONIC_u16GetDistance+0x378>
    {
        L_u32Timeout++;
    }

    if (G_u8EdgeState == 2)
    2306:	80 91 95 00 	lds	r24, 0x0095
    230a:	82 30       	cpi	r24, 0x02	; 2
    230c:	a9 f5       	brne	.+106    	; 0x2378 <HULTRASONIC_u16GetDistance+0x420>
    {
        if (G_u16T2 >= G_u16T1)
    230e:	20 91 93 00 	lds	r18, 0x0093
    2312:	30 91 94 00 	lds	r19, 0x0094
    2316:	80 91 91 00 	lds	r24, 0x0091
    231a:	90 91 92 00 	lds	r25, 0x0092
    231e:	28 17       	cp	r18, r24
    2320:	39 07       	cpc	r19, r25
    2322:	68 f0       	brcs	.+26     	; 0x233e <HULTRASONIC_u16GetDistance+0x3e6>
        {
            L_u16Ticks = G_u16T2 - G_u16T1;
    2324:	80 91 93 00 	lds	r24, 0x0093
    2328:	90 91 94 00 	lds	r25, 0x0094
    232c:	20 91 91 00 	lds	r18, 0x0091
    2330:	30 91 92 00 	lds	r19, 0x0092
    2334:	82 1b       	sub	r24, r18
    2336:	93 0b       	sbc	r25, r19
    2338:	9a af       	std	Y+58, r25	; 0x3a
    233a:	89 af       	std	Y+57, r24	; 0x39
    233c:	0f c0       	rjmp	.+30     	; 0x235c <HULTRASONIC_u16GetDistance+0x404>
        }
        else
        {
            /* Timer overflow handling */
            L_u16Ticks = (65535 - G_u16T1) + G_u16T2;
    233e:	80 91 91 00 	lds	r24, 0x0091
    2342:	90 91 92 00 	lds	r25, 0x0092
    2346:	9c 01       	movw	r18, r24
    2348:	20 95       	com	r18
    234a:	30 95       	com	r19
    234c:	80 91 93 00 	lds	r24, 0x0093
    2350:	90 91 94 00 	lds	r25, 0x0094
    2354:	82 0f       	add	r24, r18
    2356:	93 1f       	adc	r25, r19
    2358:	9a af       	std	Y+58, r25	; 0x3a
    235a:	89 af       	std	Y+57, r24	; 0x39
        }

        /* Distance formula for 8MHz MCU with Prescaler = 8 (1us tick time) */
        if (L_u16Ticks > 0)
    235c:	89 ad       	ldd	r24, Y+57	; 0x39
    235e:	9a ad       	ldd	r25, Y+58	; 0x3a
    2360:	00 97       	sbiw	r24, 0x00	; 0
    2362:	51 f0       	breq	.+20     	; 0x2378 <HULTRASONIC_u16GetDistance+0x420>
        {
            L_u16DistanceCm = L_u16Ticks / 58;
    2364:	89 ad       	ldd	r24, Y+57	; 0x39
    2366:	9a ad       	ldd	r25, Y+58	; 0x3a
    2368:	2a e3       	ldi	r18, 0x3A	; 58
    236a:	30 e0       	ldi	r19, 0x00	; 0
    236c:	b9 01       	movw	r22, r18
    236e:	0e 94 f4 1c 	call	0x39e8	; 0x39e8 <__udivmodhi4>
    2372:	cb 01       	movw	r24, r22
    2374:	98 af       	std	Y+56, r25	; 0x38
    2376:	8f ab       	std	Y+55, r24	; 0x37
        }
    }

    return L_u16DistanceCm;
    2378:	8f a9       	ldd	r24, Y+55	; 0x37
    237a:	98 ad       	ldd	r25, Y+56	; 0x38
}
    237c:	ea 96       	adiw	r28, 0x3a	; 58
    237e:	0f b6       	in	r0, 0x3f	; 63
    2380:	f8 94       	cli
    2382:	de bf       	out	0x3e, r29	; 62
    2384:	0f be       	out	0x3f, r0	; 63
    2386:	cd bf       	out	0x3d, r28	; 61
    2388:	cf 91       	pop	r28
    238a:	df 91       	pop	r29
    238c:	08 95       	ret

0000238e <HMOTOR_vINIT>:
#include "MOTOR_int.h"
#include "MOTOR_cfg.h"


void HMOTOR_vINIT(void)
{
    238e:	df 93       	push	r29
    2390:	cf 93       	push	r28
    2392:	cd b7       	in	r28, 0x3d	; 61
    2394:	de b7       	in	r29, 0x3e	; 62
    // Direction pins
    MDIO_vSetPinDir(MOTOR1_IN1_PORT, MOTOR1_IN1_PIN, DIO_OUTPUT);
    2396:	82 e0       	ldi	r24, 0x02	; 2
    2398:	62 e0       	ldi	r22, 0x02	; 2
    239a:	41 e0       	ldi	r20, 0x01	; 1
    239c:	0e 94 46 0b 	call	0x168c	; 0x168c <MDIO_vSetPinDir>

    MDIO_vSetPinDir(MOTOR1_IN2_PORT, MOTOR1_IN2_PIN, DIO_OUTPUT);
    23a0:	82 e0       	ldi	r24, 0x02	; 2
    23a2:	63 e0       	ldi	r22, 0x03	; 3
    23a4:	41 e0       	ldi	r20, 0x01	; 1
    23a6:	0e 94 46 0b 	call	0x168c	; 0x168c <MDIO_vSetPinDir>


    MDIO_vSetPinDir(MOTOR2_IN1_PORT, MOTOR2_IN1_PIN, DIO_OUTPUT);
    23aa:	82 e0       	ldi	r24, 0x02	; 2
    23ac:	64 e0       	ldi	r22, 0x04	; 4
    23ae:	41 e0       	ldi	r20, 0x01	; 1
    23b0:	0e 94 46 0b 	call	0x168c	; 0x168c <MDIO_vSetPinDir>

    MDIO_vSetPinDir(MOTOR2_IN2_PORT, MOTOR2_IN2_PIN, DIO_OUTPUT);
    23b4:	82 e0       	ldi	r24, 0x02	; 2
    23b6:	65 e0       	ldi	r22, 0x05	; 5
    23b8:	41 e0       	ldi	r20, 0x01	; 1
    23ba:	0e 94 46 0b 	call	0x168c	; 0x168c <MDIO_vSetPinDir>

    /* PWM pins */

        MDIO_vSetPinDir(DIO_PORTB, DIO_PIN3, DIO_OUTPUT);
    23be:	81 e0       	ldi	r24, 0x01	; 1
    23c0:	63 e0       	ldi	r22, 0x03	; 3
    23c2:	41 e0       	ldi	r20, 0x01	; 1
    23c4:	0e 94 46 0b 	call	0x168c	; 0x168c <MDIO_vSetPinDir>

        MDIO_vSetPinDir(DIO_PORTD, DIO_PIN7, DIO_OUTPUT);
    23c8:	83 e0       	ldi	r24, 0x03	; 3
    23ca:	67 e0       	ldi	r22, 0x07	; 7
    23cc:	41 e0       	ldi	r20, 0x01	; 1
    23ce:	0e 94 46 0b 	call	0x168c	; 0x168c <MDIO_vSetPinDir>


    // Start PWM Timers
    MTIMER_vSetCompareMatch(TIMER_0, 0);
    23d2:	80 e0       	ldi	r24, 0x00	; 0
    23d4:	60 e0       	ldi	r22, 0x00	; 0
    23d6:	70 e0       	ldi	r23, 0x00	; 0
    23d8:	0e 94 d4 07 	call	0xfa8	; 0xfa8 <MTIMER_vSetCompareMatch>
    MTIMER_vSetCompareMatch(TIMER_2, 0);
    23dc:	83 e0       	ldi	r24, 0x03	; 3
    23de:	60 e0       	ldi	r22, 0x00	; 0
    23e0:	70 e0       	ldi	r23, 0x00	; 0
    23e2:	0e 94 d4 07 	call	0xfa8	; 0xfa8 <MTIMER_vSetCompareMatch>

    MTIMER_vStartTimer(TIMER_0);
    23e6:	80 e0       	ldi	r24, 0x00	; 0
    23e8:	0e 94 52 07 	call	0xea4	; 0xea4 <MTIMER_vStartTimer>
    MTIMER_vStartTimer(TIMER_2);
    23ec:	83 e0       	ldi	r24, 0x03	; 3
    23ee:	0e 94 52 07 	call	0xea4	; 0xea4 <MTIMER_vStartTimer>
}
    23f2:	cf 91       	pop	r28
    23f4:	df 91       	pop	r29
    23f6:	08 95       	ret

000023f8 <HMOTOR_vSetSpeed>:


void HMOTOR_vSetSpeed(u8 A_u8MotorID, u8 A_u8Speed)
{
    23f8:	df 93       	push	r29
    23fa:	cf 93       	push	r28
    23fc:	00 d0       	rcall	.+0      	; 0x23fe <HMOTOR_vSetSpeed+0x6>
    23fe:	0f 92       	push	r0
    2400:	cd b7       	in	r28, 0x3d	; 61
    2402:	de b7       	in	r29, 0x3e	; 62
    2404:	8a 83       	std	Y+2, r24	; 0x02
    2406:	6b 83       	std	Y+3, r22	; 0x03
    u8 L_u8OCRValue;

    if(A_u8Speed > 100)
    2408:	8b 81       	ldd	r24, Y+3	; 0x03
    240a:	85 36       	cpi	r24, 0x65	; 101
    240c:	10 f0       	brcs	.+4      	; 0x2412 <HMOTOR_vSetSpeed+0x1a>
    {
        A_u8Speed = 100;
    240e:	84 e6       	ldi	r24, 0x64	; 100
    2410:	8b 83       	std	Y+3, r24	; 0x03
    }

    L_u8OCRValue = ((u16)A_u8Speed * 255) / 100;
    2412:	8b 81       	ldd	r24, Y+3	; 0x03
    2414:	48 2f       	mov	r20, r24
    2416:	50 e0       	ldi	r21, 0x00	; 0
    2418:	ca 01       	movw	r24, r20
    241a:	9c 01       	movw	r18, r24
    241c:	22 0f       	add	r18, r18
    241e:	33 1f       	adc	r19, r19
    2420:	c9 01       	movw	r24, r18
    2422:	96 95       	lsr	r25
    2424:	98 2f       	mov	r25, r24
    2426:	88 27       	eor	r24, r24
    2428:	97 95       	ror	r25
    242a:	87 95       	ror	r24
    242c:	82 1b       	sub	r24, r18
    242e:	93 0b       	sbc	r25, r19
    2430:	84 0f       	add	r24, r20
    2432:	95 1f       	adc	r25, r21
    2434:	24 e6       	ldi	r18, 0x64	; 100
    2436:	30 e0       	ldi	r19, 0x00	; 0
    2438:	b9 01       	movw	r22, r18
    243a:	0e 94 f4 1c 	call	0x39e8	; 0x39e8 <__udivmodhi4>
    243e:	cb 01       	movw	r24, r22
    2440:	89 83       	std	Y+1, r24	; 0x01


    if(A_u8MotorID == MOTOR_1)
    2442:	8a 81       	ldd	r24, Y+2	; 0x02
    2444:	88 23       	and	r24, r24
    2446:	41 f4       	brne	.+16     	; 0x2458 <HMOTOR_vSetSpeed+0x60>
    {
        MTIMER_vSetCompareMatch(TIMER_0, L_u8OCRValue);
    2448:	89 81       	ldd	r24, Y+1	; 0x01
    244a:	28 2f       	mov	r18, r24
    244c:	30 e0       	ldi	r19, 0x00	; 0
    244e:	80 e0       	ldi	r24, 0x00	; 0
    2450:	b9 01       	movw	r22, r18
    2452:	0e 94 d4 07 	call	0xfa8	; 0xfa8 <MTIMER_vSetCompareMatch>
    2456:	0a c0       	rjmp	.+20     	; 0x246c <HMOTOR_vSetSpeed+0x74>
    }

    else if(A_u8MotorID == MOTOR_2)
    2458:	8a 81       	ldd	r24, Y+2	; 0x02
    245a:	81 30       	cpi	r24, 0x01	; 1
    245c:	39 f4       	brne	.+14     	; 0x246c <HMOTOR_vSetSpeed+0x74>
    {
        MTIMER_vSetCompareMatch(TIMER_2,  L_u8OCRValue);
    245e:	89 81       	ldd	r24, Y+1	; 0x01
    2460:	28 2f       	mov	r18, r24
    2462:	30 e0       	ldi	r19, 0x00	; 0
    2464:	83 e0       	ldi	r24, 0x03	; 3
    2466:	b9 01       	movw	r22, r18
    2468:	0e 94 d4 07 	call	0xfa8	; 0xfa8 <MTIMER_vSetCompareMatch>
    }
}
    246c:	0f 90       	pop	r0
    246e:	0f 90       	pop	r0
    2470:	0f 90       	pop	r0
    2472:	cf 91       	pop	r28
    2474:	df 91       	pop	r29
    2476:	08 95       	ret

00002478 <HMOTOR_vSetDirection>:


void HMOTOR_vSetDirection(u8 A_u8MotorID,
                          u8 A_u8Direction)
{
    2478:	df 93       	push	r29
    247a:	cf 93       	push	r28
    247c:	00 d0       	rcall	.+0      	; 0x247e <HMOTOR_vSetDirection+0x6>
    247e:	00 d0       	rcall	.+0      	; 0x2480 <HMOTOR_vSetDirection+0x8>
    2480:	00 d0       	rcall	.+0      	; 0x2482 <HMOTOR_vSetDirection+0xa>
    2482:	cd b7       	in	r28, 0x3d	; 61
    2484:	de b7       	in	r29, 0x3e	; 62
    2486:	89 83       	std	Y+1, r24	; 0x01
    2488:	6a 83       	std	Y+2, r22	; 0x02
    if(A_u8MotorID == MOTOR_1)
    248a:	89 81       	ldd	r24, Y+1	; 0x01
    248c:	88 23       	and	r24, r24
    248e:	a9 f5       	brne	.+106    	; 0x24fa <HMOTOR_vSetDirection+0x82>
    {
        switch(A_u8Direction)
    2490:	8a 81       	ldd	r24, Y+2	; 0x02
    2492:	28 2f       	mov	r18, r24
    2494:	30 e0       	ldi	r19, 0x00	; 0
    2496:	3e 83       	std	Y+6, r19	; 0x06
    2498:	2d 83       	std	Y+5, r18	; 0x05
    249a:	8d 81       	ldd	r24, Y+5	; 0x05
    249c:	9e 81       	ldd	r25, Y+6	; 0x06
    249e:	81 30       	cpi	r24, 0x01	; 1
    24a0:	91 05       	cpc	r25, r1
    24a2:	51 f0       	breq	.+20     	; 0x24b8 <HMOTOR_vSetDirection+0x40>
    24a4:	2d 81       	ldd	r18, Y+5	; 0x05
    24a6:	3e 81       	ldd	r19, Y+6	; 0x06
    24a8:	22 30       	cpi	r18, 0x02	; 2
    24aa:	31 05       	cpc	r19, r1
    24ac:	81 f0       	breq	.+32     	; 0x24ce <HMOTOR_vSetDirection+0x56>
    24ae:	8d 81       	ldd	r24, Y+5	; 0x05
    24b0:	9e 81       	ldd	r25, Y+6	; 0x06
    24b2:	00 97       	sbiw	r24, 0x00	; 0
    24b4:	b9 f0       	breq	.+46     	; 0x24e4 <HMOTOR_vSetDirection+0x6c>
    24b6:	58 c0       	rjmp	.+176    	; 0x2568 <HMOTOR_vSetDirection+0xf0>
        {
            case MOTOR_FORWARD:

                MDIO_vSetPinVal(MOTOR1_IN1_PORT,
    24b8:	82 e0       	ldi	r24, 0x02	; 2
    24ba:	62 e0       	ldi	r22, 0x02	; 2
    24bc:	40 e0       	ldi	r20, 0x00	; 0
    24be:	0e 94 3d 0c 	call	0x187a	; 0x187a <MDIO_vSetPinVal>
                                 MOTOR1_IN1_PIN,
                                 DIO_LOW);

                MDIO_vSetPinVal(MOTOR1_IN2_PORT,
    24c2:	82 e0       	ldi	r24, 0x02	; 2
    24c4:	63 e0       	ldi	r22, 0x03	; 3
    24c6:	41 e0       	ldi	r20, 0x01	; 1
    24c8:	0e 94 3d 0c 	call	0x187a	; 0x187a <MDIO_vSetPinVal>
    24cc:	4d c0       	rjmp	.+154    	; 0x2568 <HMOTOR_vSetDirection+0xf0>
                break;


            case MOTOR_BACKWARD:

                MDIO_vSetPinVal(MOTOR1_IN1_PORT,
    24ce:	82 e0       	ldi	r24, 0x02	; 2
    24d0:	62 e0       	ldi	r22, 0x02	; 2
    24d2:	41 e0       	ldi	r20, 0x01	; 1
    24d4:	0e 94 3d 0c 	call	0x187a	; 0x187a <MDIO_vSetPinVal>
                                 MOTOR1_IN1_PIN,
                                 DIO_HIGH);

                MDIO_vSetPinVal(MOTOR1_IN2_PORT,
    24d8:	82 e0       	ldi	r24, 0x02	; 2
    24da:	63 e0       	ldi	r22, 0x03	; 3
    24dc:	40 e0       	ldi	r20, 0x00	; 0
    24de:	0e 94 3d 0c 	call	0x187a	; 0x187a <MDIO_vSetPinVal>
    24e2:	42 c0       	rjmp	.+132    	; 0x2568 <HMOTOR_vSetDirection+0xf0>
                break;


            case MOTOR_STOP:

                MDIO_vSetPinVal(MOTOR1_IN1_PORT,
    24e4:	82 e0       	ldi	r24, 0x02	; 2
    24e6:	62 e0       	ldi	r22, 0x02	; 2
    24e8:	40 e0       	ldi	r20, 0x00	; 0
    24ea:	0e 94 3d 0c 	call	0x187a	; 0x187a <MDIO_vSetPinVal>
                                 MOTOR1_IN1_PIN,
                                 DIO_LOW);

                MDIO_vSetPinVal(MOTOR1_IN2_PORT,
    24ee:	82 e0       	ldi	r24, 0x02	; 2
    24f0:	63 e0       	ldi	r22, 0x03	; 3
    24f2:	40 e0       	ldi	r20, 0x00	; 0
    24f4:	0e 94 3d 0c 	call	0x187a	; 0x187a <MDIO_vSetPinVal>
    24f8:	37 c0       	rjmp	.+110    	; 0x2568 <HMOTOR_vSetDirection+0xf0>
                break;
        }
    }


    else if(A_u8MotorID == MOTOR_2)
    24fa:	89 81       	ldd	r24, Y+1	; 0x01
    24fc:	81 30       	cpi	r24, 0x01	; 1
    24fe:	a1 f5       	brne	.+104    	; 0x2568 <HMOTOR_vSetDirection+0xf0>
    {
        switch(A_u8Direction)
    2500:	8a 81       	ldd	r24, Y+2	; 0x02
    2502:	28 2f       	mov	r18, r24
    2504:	30 e0       	ldi	r19, 0x00	; 0
    2506:	3c 83       	std	Y+4, r19	; 0x04
    2508:	2b 83       	std	Y+3, r18	; 0x03
    250a:	8b 81       	ldd	r24, Y+3	; 0x03
    250c:	9c 81       	ldd	r25, Y+4	; 0x04
    250e:	81 30       	cpi	r24, 0x01	; 1
    2510:	91 05       	cpc	r25, r1
    2512:	51 f0       	breq	.+20     	; 0x2528 <HMOTOR_vSetDirection+0xb0>
    2514:	2b 81       	ldd	r18, Y+3	; 0x03
    2516:	3c 81       	ldd	r19, Y+4	; 0x04
    2518:	22 30       	cpi	r18, 0x02	; 2
    251a:	31 05       	cpc	r19, r1
    251c:	81 f0       	breq	.+32     	; 0x253e <HMOTOR_vSetDirection+0xc6>
    251e:	8b 81       	ldd	r24, Y+3	; 0x03
    2520:	9c 81       	ldd	r25, Y+4	; 0x04
    2522:	00 97       	sbiw	r24, 0x00	; 0
    2524:	b9 f0       	breq	.+46     	; 0x2554 <HMOTOR_vSetDirection+0xdc>
    2526:	20 c0       	rjmp	.+64     	; 0x2568 <HMOTOR_vSetDirection+0xf0>
        {
            case MOTOR_FORWARD:

                MDIO_vSetPinVal(MOTOR2_IN1_PORT, MOTOR2_IN1_PIN, DIO_LOW);
    2528:	82 e0       	ldi	r24, 0x02	; 2
    252a:	64 e0       	ldi	r22, 0x04	; 4
    252c:	40 e0       	ldi	r20, 0x00	; 0
    252e:	0e 94 3d 0c 	call	0x187a	; 0x187a <MDIO_vSetPinVal>

                MDIO_vSetPinVal(MOTOR2_IN2_PORT, MOTOR2_IN2_PIN, DIO_HIGH);
    2532:	82 e0       	ldi	r24, 0x02	; 2
    2534:	65 e0       	ldi	r22, 0x05	; 5
    2536:	41 e0       	ldi	r20, 0x01	; 1
    2538:	0e 94 3d 0c 	call	0x187a	; 0x187a <MDIO_vSetPinVal>
    253c:	15 c0       	rjmp	.+42     	; 0x2568 <HMOTOR_vSetDirection+0xf0>
                break;


            case MOTOR_BACKWARD:

                MDIO_vSetPinVal(MOTOR2_IN1_PORT, MOTOR2_IN1_PIN, DIO_HIGH);
    253e:	82 e0       	ldi	r24, 0x02	; 2
    2540:	64 e0       	ldi	r22, 0x04	; 4
    2542:	41 e0       	ldi	r20, 0x01	; 1
    2544:	0e 94 3d 0c 	call	0x187a	; 0x187a <MDIO_vSetPinVal>

                MDIO_vSetPinVal(MOTOR2_IN2_PORT, MOTOR2_IN2_PIN, DIO_LOW);
    2548:	82 e0       	ldi	r24, 0x02	; 2
    254a:	65 e0       	ldi	r22, 0x05	; 5
    254c:	40 e0       	ldi	r20, 0x00	; 0
    254e:	0e 94 3d 0c 	call	0x187a	; 0x187a <MDIO_vSetPinVal>
    2552:	0a c0       	rjmp	.+20     	; 0x2568 <HMOTOR_vSetDirection+0xf0>
                break;


            case MOTOR_STOP:

                MDIO_vSetPinVal(MOTOR2_IN1_PORT, MOTOR2_IN1_PIN, DIO_LOW);
    2554:	82 e0       	ldi	r24, 0x02	; 2
    2556:	64 e0       	ldi	r22, 0x04	; 4
    2558:	40 e0       	ldi	r20, 0x00	; 0
    255a:	0e 94 3d 0c 	call	0x187a	; 0x187a <MDIO_vSetPinVal>

                MDIO_vSetPinVal(MOTOR2_IN2_PORT, MOTOR2_IN2_PIN, DIO_LOW);
    255e:	82 e0       	ldi	r24, 0x02	; 2
    2560:	65 e0       	ldi	r22, 0x05	; 5
    2562:	40 e0       	ldi	r20, 0x00	; 0
    2564:	0e 94 3d 0c 	call	0x187a	; 0x187a <MDIO_vSetPinVal>

                break;
        }
    }
}
    2568:	26 96       	adiw	r28, 0x06	; 6
    256a:	0f b6       	in	r0, 0x3f	; 63
    256c:	f8 94       	cli
    256e:	de bf       	out	0x3e, r29	; 62
    2570:	0f be       	out	0x3f, r0	; 63
    2572:	cd bf       	out	0x3d, r28	; 61
    2574:	cf 91       	pop	r28
    2576:	df 91       	pop	r29
    2578:	08 95       	ret

0000257a <HMOTOR_vStop>:

void HMOTOR_vStop(u8 A_u8MotorID)
{
    257a:	df 93       	push	r29
    257c:	cf 93       	push	r28
    257e:	0f 92       	push	r0
    2580:	cd b7       	in	r28, 0x3d	; 61
    2582:	de b7       	in	r29, 0x3e	; 62
    2584:	89 83       	std	Y+1, r24	; 0x01
    HMOTOR_vSetDirection(A_u8MotorID, MOTOR_STOP);
    2586:	89 81       	ldd	r24, Y+1	; 0x01
    2588:	60 e0       	ldi	r22, 0x00	; 0
    258a:	0e 94 3c 12 	call	0x2478	; 0x2478 <HMOTOR_vSetDirection>

    HMOTOR_vSetSpeed(A_u8MotorID, 0);
    258e:	89 81       	ldd	r24, Y+1	; 0x01
    2590:	60 e0       	ldi	r22, 0x00	; 0
    2592:	0e 94 fc 11 	call	0x23f8	; 0x23f8 <HMOTOR_vSetSpeed>
}
    2596:	0f 90       	pop	r0
    2598:	cf 91       	pop	r28
    259a:	df 91       	pop	r29
    259c:	08 95       	ret

0000259e <HLCD_vINIT>:

#include"LCD_int.h"
#include"LCD_cfg.h"

void HLCD_vINIT(void)
{
    259e:	df 93       	push	r29
    25a0:	cf 93       	push	r28
    25a2:	cd b7       	in	r28, 0x3d	; 61
    25a4:	de b7       	in	r29, 0x3e	; 62
    25a6:	e8 97       	sbiw	r28, 0x38	; 56
    25a8:	0f b6       	in	r0, 0x3f	; 63
    25aa:	f8 94       	cli
    25ac:	de bf       	out	0x3e, r29	; 62
    25ae:	0f be       	out	0x3f, r0	; 63
    25b0:	cd bf       	out	0x3d, r28	; 61
	MDIO_vSetPortDir(LCD_DATA_PORT, DIO_PORT_OUTPUT);
    25b2:	80 e0       	ldi	r24, 0x00	; 0
    25b4:	6f ef       	ldi	r22, 0xFF	; 255
    25b6:	0e 94 ae 0d 	call	0x1b5c	; 0x1b5c <MDIO_vSetPortDir>

	MDIO_vSetPinDir(LCD_CTRL_PORT, LCD_RS , DIO_OUTPUT);
    25ba:	81 e0       	ldi	r24, 0x01	; 1
    25bc:	60 e0       	ldi	r22, 0x00	; 0
    25be:	41 e0       	ldi	r20, 0x01	; 1
    25c0:	0e 94 46 0b 	call	0x168c	; 0x168c <MDIO_vSetPinDir>
	MDIO_vSetPinDir(LCD_CTRL_PORT, LCD_RW , DIO_OUTPUT);
    25c4:	81 e0       	ldi	r24, 0x01	; 1
    25c6:	61 e0       	ldi	r22, 0x01	; 1
    25c8:	41 e0       	ldi	r20, 0x01	; 1
    25ca:	0e 94 46 0b 	call	0x168c	; 0x168c <MDIO_vSetPinDir>
	MDIO_vSetPinDir(LCD_CTRL_PORT, LCD_E , DIO_OUTPUT);
    25ce:	81 e0       	ldi	r24, 0x01	; 1
    25d0:	62 e0       	ldi	r22, 0x02	; 2
    25d2:	41 e0       	ldi	r20, 0x01	; 1
    25d4:	0e 94 46 0b 	call	0x168c	; 0x168c <MDIO_vSetPinDir>
    25d8:	80 e0       	ldi	r24, 0x00	; 0
    25da:	90 e0       	ldi	r25, 0x00	; 0
    25dc:	a8 e4       	ldi	r26, 0x48	; 72
    25de:	b2 e4       	ldi	r27, 0x42	; 66
    25e0:	8d ab       	std	Y+53, r24	; 0x35
    25e2:	9e ab       	std	Y+54, r25	; 0x36
    25e4:	af ab       	std	Y+55, r26	; 0x37
    25e6:	b8 af       	std	Y+56, r27	; 0x38
 */
void
_delay_ms(double __ms)
{
	uint16_t __ticks;
	double __tmp = ((F_CPU) / 4e3) * __ms;
    25e8:	6d a9       	ldd	r22, Y+53	; 0x35
    25ea:	7e a9       	ldd	r23, Y+54	; 0x36
    25ec:	8f a9       	ldd	r24, Y+55	; 0x37
    25ee:	98 ad       	ldd	r25, Y+56	; 0x38
    25f0:	20 e0       	ldi	r18, 0x00	; 0
    25f2:	30 e0       	ldi	r19, 0x00	; 0
    25f4:	4a ef       	ldi	r20, 0xFA	; 250
    25f6:	54 e4       	ldi	r21, 0x44	; 68
    25f8:	0e 94 1f 02 	call	0x43e	; 0x43e <__mulsf3>
    25fc:	dc 01       	movw	r26, r24
    25fe:	cb 01       	movw	r24, r22
    2600:	89 ab       	std	Y+49, r24	; 0x31
    2602:	9a ab       	std	Y+50, r25	; 0x32
    2604:	ab ab       	std	Y+51, r26	; 0x33
    2606:	bc ab       	std	Y+52, r27	; 0x34
	if (__tmp < 1.0)
    2608:	69 a9       	ldd	r22, Y+49	; 0x31
    260a:	7a a9       	ldd	r23, Y+50	; 0x32
    260c:	8b a9       	ldd	r24, Y+51	; 0x33
    260e:	9c a9       	ldd	r25, Y+52	; 0x34
    2610:	20 e0       	ldi	r18, 0x00	; 0
    2612:	30 e0       	ldi	r19, 0x00	; 0
    2614:	40 e8       	ldi	r20, 0x80	; 128
    2616:	5f e3       	ldi	r21, 0x3F	; 63
    2618:	0e 94 25 04 	call	0x84a	; 0x84a <__ltsf2>
    261c:	88 23       	and	r24, r24
    261e:	2c f4       	brge	.+10     	; 0x262a <HLCD_vINIT+0x8c>
		__ticks = 1;
    2620:	81 e0       	ldi	r24, 0x01	; 1
    2622:	90 e0       	ldi	r25, 0x00	; 0
    2624:	98 ab       	std	Y+48, r25	; 0x30
    2626:	8f a7       	std	Y+47, r24	; 0x2f
    2628:	3f c0       	rjmp	.+126    	; 0x26a8 <HLCD_vINIT+0x10a>
	else if (__tmp > 65535)
    262a:	69 a9       	ldd	r22, Y+49	; 0x31
    262c:	7a a9       	ldd	r23, Y+50	; 0x32
    262e:	8b a9       	ldd	r24, Y+51	; 0x33
    2630:	9c a9       	ldd	r25, Y+52	; 0x34
    2632:	20 e0       	ldi	r18, 0x00	; 0
    2634:	3f ef       	ldi	r19, 0xFF	; 255
    2636:	4f e7       	ldi	r20, 0x7F	; 127
    2638:	57 e4       	ldi	r21, 0x47	; 71
    263a:	0e 94 c5 03 	call	0x78a	; 0x78a <__gtsf2>
    263e:	18 16       	cp	r1, r24
    2640:	4c f5       	brge	.+82     	; 0x2694 <HLCD_vINIT+0xf6>
	{
		//	__ticks = requested delay in 1/10 ms
		__ticks = (uint16_t) (__ms * 10.0);
    2642:	6d a9       	ldd	r22, Y+53	; 0x35
    2644:	7e a9       	ldd	r23, Y+54	; 0x36
    2646:	8f a9       	ldd	r24, Y+55	; 0x37
    2648:	98 ad       	ldd	r25, Y+56	; 0x38
    264a:	20 e0       	ldi	r18, 0x00	; 0
    264c:	30 e0       	ldi	r19, 0x00	; 0
    264e:	40 e2       	ldi	r20, 0x20	; 32
    2650:	51 e4       	ldi	r21, 0x41	; 65
    2652:	0e 94 1f 02 	call	0x43e	; 0x43e <__mulsf3>
    2656:	dc 01       	movw	r26, r24
    2658:	cb 01       	movw	r24, r22
    265a:	bc 01       	movw	r22, r24
    265c:	cd 01       	movw	r24, r26
    265e:	0e 94 49 00 	call	0x92	; 0x92 <__fixunssfsi>
    2662:	dc 01       	movw	r26, r24
    2664:	cb 01       	movw	r24, r22
    2666:	98 ab       	std	Y+48, r25	; 0x30
    2668:	8f a7       	std	Y+47, r24	; 0x2f
    266a:	0f c0       	rjmp	.+30     	; 0x268a <HLCD_vINIT+0xec>
    266c:	88 ec       	ldi	r24, 0xC8	; 200
    266e:	90 e0       	ldi	r25, 0x00	; 0
    2670:	9e a7       	std	Y+46, r25	; 0x2e
    2672:	8d a7       	std	Y+45, r24	; 0x2d
    milliseconds can be achieved.
 */
void
_delay_loop_2(uint16_t __count)
{
	__asm__ volatile (
    2674:	8d a5       	ldd	r24, Y+45	; 0x2d
    2676:	9e a5       	ldd	r25, Y+46	; 0x2e
    2678:	01 97       	sbiw	r24, 0x01	; 1
    267a:	f1 f7       	brne	.-4      	; 0x2678 <HLCD_vINIT+0xda>
    267c:	9e a7       	std	Y+46, r25	; 0x2e
    267e:	8d a7       	std	Y+45, r24	; 0x2d
		while(__ticks)
		{
			// wait 1/10 ms
			_delay_loop_2(((F_CPU) / 4e3) / 10);
			__ticks --;
    2680:	8f a5       	ldd	r24, Y+47	; 0x2f
    2682:	98 a9       	ldd	r25, Y+48	; 0x30
    2684:	01 97       	sbiw	r24, 0x01	; 1
    2686:	98 ab       	std	Y+48, r25	; 0x30
    2688:	8f a7       	std	Y+47, r24	; 0x2f
		__ticks = 1;
	else if (__tmp > 65535)
	{
		//	__ticks = requested delay in 1/10 ms
		__ticks = (uint16_t) (__ms * 10.0);
		while(__ticks)
    268a:	8f a5       	ldd	r24, Y+47	; 0x2f
    268c:	98 a9       	ldd	r25, Y+48	; 0x30
    268e:	00 97       	sbiw	r24, 0x00	; 0
    2690:	69 f7       	brne	.-38     	; 0x266c <HLCD_vINIT+0xce>
    2692:	14 c0       	rjmp	.+40     	; 0x26bc <HLCD_vINIT+0x11e>
			__ticks --;
		}
		return;
	}
	else
		__ticks = (uint16_t)__tmp;
    2694:	69 a9       	ldd	r22, Y+49	; 0x31
    2696:	7a a9       	ldd	r23, Y+50	; 0x32
    2698:	8b a9       	ldd	r24, Y+51	; 0x33
    269a:	9c a9       	ldd	r25, Y+52	; 0x34
    269c:	0e 94 49 00 	call	0x92	; 0x92 <__fixunssfsi>
    26a0:	dc 01       	movw	r26, r24
    26a2:	cb 01       	movw	r24, r22
    26a4:	98 ab       	std	Y+48, r25	; 0x30
    26a6:	8f a7       	std	Y+47, r24	; 0x2f
    26a8:	8f a5       	ldd	r24, Y+47	; 0x2f
    26aa:	98 a9       	ldd	r25, Y+48	; 0x30
    26ac:	9c a7       	std	Y+44, r25	; 0x2c
    26ae:	8b a7       	std	Y+43, r24	; 0x2b
    26b0:	8b a5       	ldd	r24, Y+43	; 0x2b
    26b2:	9c a5       	ldd	r25, Y+44	; 0x2c
    26b4:	01 97       	sbiw	r24, 0x01	; 1
    26b6:	f1 f7       	brne	.-4      	; 0x26b4 <HLCD_vINIT+0x116>
    26b8:	9c a7       	std	Y+44, r25	; 0x2c
    26ba:	8b a7       	std	Y+43, r24	; 0x2b

	_delay_ms(50);
	HLCD_vSendCMD(0x38);
    26bc:	88 e3       	ldi	r24, 0x38	; 56
    26be:	0e 94 c9 14 	call	0x2992	; 0x2992 <HLCD_vSendCMD>
    26c2:	80 e0       	ldi	r24, 0x00	; 0
    26c4:	90 e0       	ldi	r25, 0x00	; 0
    26c6:	a0 e8       	ldi	r26, 0x80	; 128
    26c8:	bf e3       	ldi	r27, 0x3F	; 63
    26ca:	8f a3       	std	Y+39, r24	; 0x27
    26cc:	98 a7       	std	Y+40, r25	; 0x28
    26ce:	a9 a7       	std	Y+41, r26	; 0x29
    26d0:	ba a7       	std	Y+42, r27	; 0x2a
 */
void
_delay_ms(double __ms)
{
	uint16_t __ticks;
	double __tmp = ((F_CPU) / 4e3) * __ms;
    26d2:	6f a1       	ldd	r22, Y+39	; 0x27
    26d4:	78 a5       	ldd	r23, Y+40	; 0x28
    26d6:	89 a5       	ldd	r24, Y+41	; 0x29
    26d8:	9a a5       	ldd	r25, Y+42	; 0x2a
    26da:	20 e0       	ldi	r18, 0x00	; 0
    26dc:	30 e0       	ldi	r19, 0x00	; 0
    26de:	4a ef       	ldi	r20, 0xFA	; 250
    26e0:	54 e4       	ldi	r21, 0x44	; 68
    26e2:	0e 94 1f 02 	call	0x43e	; 0x43e <__mulsf3>
    26e6:	dc 01       	movw	r26, r24
    26e8:	cb 01       	movw	r24, r22
    26ea:	8b a3       	std	Y+35, r24	; 0x23
    26ec:	9c a3       	std	Y+36, r25	; 0x24
    26ee:	ad a3       	std	Y+37, r26	; 0x25
    26f0:	be a3       	std	Y+38, r27	; 0x26
	if (__tmp < 1.0)
    26f2:	6b a1       	ldd	r22, Y+35	; 0x23
    26f4:	7c a1       	ldd	r23, Y+36	; 0x24
    26f6:	8d a1       	ldd	r24, Y+37	; 0x25
    26f8:	9e a1       	ldd	r25, Y+38	; 0x26
    26fa:	20 e0       	ldi	r18, 0x00	; 0
    26fc:	30 e0       	ldi	r19, 0x00	; 0
    26fe:	40 e8       	ldi	r20, 0x80	; 128
    2700:	5f e3       	ldi	r21, 0x3F	; 63
    2702:	0e 94 25 04 	call	0x84a	; 0x84a <__ltsf2>
    2706:	88 23       	and	r24, r24
    2708:	2c f4       	brge	.+10     	; 0x2714 <HLCD_vINIT+0x176>
		__ticks = 1;
    270a:	81 e0       	ldi	r24, 0x01	; 1
    270c:	90 e0       	ldi	r25, 0x00	; 0
    270e:	9a a3       	std	Y+34, r25	; 0x22
    2710:	89 a3       	std	Y+33, r24	; 0x21
    2712:	3f c0       	rjmp	.+126    	; 0x2792 <HLCD_vINIT+0x1f4>
	else if (__tmp > 65535)
    2714:	6b a1       	ldd	r22, Y+35	; 0x23
    2716:	7c a1       	ldd	r23, Y+36	; 0x24
    2718:	8d a1       	ldd	r24, Y+37	; 0x25
    271a:	9e a1       	ldd	r25, Y+38	; 0x26
    271c:	20 e0       	ldi	r18, 0x00	; 0
    271e:	3f ef       	ldi	r19, 0xFF	; 255
    2720:	4f e7       	ldi	r20, 0x7F	; 127
    2722:	57 e4       	ldi	r21, 0x47	; 71
    2724:	0e 94 c5 03 	call	0x78a	; 0x78a <__gtsf2>
    2728:	18 16       	cp	r1, r24
    272a:	4c f5       	brge	.+82     	; 0x277e <HLCD_vINIT+0x1e0>
	{
		//	__ticks = requested delay in 1/10 ms
		__ticks = (uint16_t) (__ms * 10.0);
    272c:	6f a1       	ldd	r22, Y+39	; 0x27
    272e:	78 a5       	ldd	r23, Y+40	; 0x28
    2730:	89 a5       	ldd	r24, Y+41	; 0x29
    2732:	9a a5       	ldd	r25, Y+42	; 0x2a
    2734:	20 e0       	ldi	r18, 0x00	; 0
    2736:	30 e0       	ldi	r19, 0x00	; 0
    2738:	40 e2       	ldi	r20, 0x20	; 32
    273a:	51 e4       	ldi	r21, 0x41	; 65
    273c:	0e 94 1f 02 	call	0x43e	; 0x43e <__mulsf3>
    2740:	dc 01       	movw	r26, r24
    2742:	cb 01       	movw	r24, r22
    2744:	bc 01       	movw	r22, r24
    2746:	cd 01       	movw	r24, r26
    2748:	0e 94 49 00 	call	0x92	; 0x92 <__fixunssfsi>
    274c:	dc 01       	movw	r26, r24
    274e:	cb 01       	movw	r24, r22
    2750:	9a a3       	std	Y+34, r25	; 0x22
    2752:	89 a3       	std	Y+33, r24	; 0x21
    2754:	0f c0       	rjmp	.+30     	; 0x2774 <HLCD_vINIT+0x1d6>
    2756:	88 ec       	ldi	r24, 0xC8	; 200
    2758:	90 e0       	ldi	r25, 0x00	; 0
    275a:	98 a3       	std	Y+32, r25	; 0x20
    275c:	8f 8f       	std	Y+31, r24	; 0x1f
    275e:	8f 8d       	ldd	r24, Y+31	; 0x1f
    2760:	98 a1       	ldd	r25, Y+32	; 0x20
    2762:	01 97       	sbiw	r24, 0x01	; 1
    2764:	f1 f7       	brne	.-4      	; 0x2762 <HLCD_vINIT+0x1c4>
    2766:	98 a3       	std	Y+32, r25	; 0x20
    2768:	8f 8f       	std	Y+31, r24	; 0x1f
		while(__ticks)
		{
			// wait 1/10 ms
			_delay_loop_2(((F_CPU) / 4e3) / 10);
			__ticks --;
    276a:	89 a1       	ldd	r24, Y+33	; 0x21
    276c:	9a a1       	ldd	r25, Y+34	; 0x22
    276e:	01 97       	sbiw	r24, 0x01	; 1
    2770:	9a a3       	std	Y+34, r25	; 0x22
    2772:	89 a3       	std	Y+33, r24	; 0x21
		__ticks = 1;
	else if (__tmp > 65535)
	{
		//	__ticks = requested delay in 1/10 ms
		__ticks = (uint16_t) (__ms * 10.0);
		while(__ticks)
    2774:	89 a1       	ldd	r24, Y+33	; 0x21
    2776:	9a a1       	ldd	r25, Y+34	; 0x22
    2778:	00 97       	sbiw	r24, 0x00	; 0
    277a:	69 f7       	brne	.-38     	; 0x2756 <HLCD_vINIT+0x1b8>
    277c:	14 c0       	rjmp	.+40     	; 0x27a6 <HLCD_vINIT+0x208>
			__ticks --;
		}
		return;
	}
	else
		__ticks = (uint16_t)__tmp;
    277e:	6b a1       	ldd	r22, Y+35	; 0x23
    2780:	7c a1       	ldd	r23, Y+36	; 0x24
    2782:	8d a1       	ldd	r24, Y+37	; 0x25
    2784:	9e a1       	ldd	r25, Y+38	; 0x26
    2786:	0e 94 49 00 	call	0x92	; 0x92 <__fixunssfsi>
    278a:	dc 01       	movw	r26, r24
    278c:	cb 01       	movw	r24, r22
    278e:	9a a3       	std	Y+34, r25	; 0x22
    2790:	89 a3       	std	Y+33, r24	; 0x21
    2792:	89 a1       	ldd	r24, Y+33	; 0x21
    2794:	9a a1       	ldd	r25, Y+34	; 0x22
    2796:	9e 8f       	std	Y+30, r25	; 0x1e
    2798:	8d 8f       	std	Y+29, r24	; 0x1d
    279a:	8d 8d       	ldd	r24, Y+29	; 0x1d
    279c:	9e 8d       	ldd	r25, Y+30	; 0x1e
    279e:	01 97       	sbiw	r24, 0x01	; 1
    27a0:	f1 f7       	brne	.-4      	; 0x279e <HLCD_vINIT+0x200>
    27a2:	9e 8f       	std	Y+30, r25	; 0x1e
    27a4:	8d 8f       	std	Y+29, r24	; 0x1d

	_delay_ms(1);
	HLCD_vSendCMD(0x0C);
    27a6:	8c e0       	ldi	r24, 0x0C	; 12
    27a8:	0e 94 c9 14 	call	0x2992	; 0x2992 <HLCD_vSendCMD>
    27ac:	80 e0       	ldi	r24, 0x00	; 0
    27ae:	90 e0       	ldi	r25, 0x00	; 0
    27b0:	a0 e8       	ldi	r26, 0x80	; 128
    27b2:	bf e3       	ldi	r27, 0x3F	; 63
    27b4:	89 8f       	std	Y+25, r24	; 0x19
    27b6:	9a 8f       	std	Y+26, r25	; 0x1a
    27b8:	ab 8f       	std	Y+27, r26	; 0x1b
    27ba:	bc 8f       	std	Y+28, r27	; 0x1c
 */
void
_delay_ms(double __ms)
{
	uint16_t __ticks;
	double __tmp = ((F_CPU) / 4e3) * __ms;
    27bc:	69 8d       	ldd	r22, Y+25	; 0x19
    27be:	7a 8d       	ldd	r23, Y+26	; 0x1a
    27c0:	8b 8d       	ldd	r24, Y+27	; 0x1b
    27c2:	9c 8d       	ldd	r25, Y+28	; 0x1c
    27c4:	20 e0       	ldi	r18, 0x00	; 0
    27c6:	30 e0       	ldi	r19, 0x00	; 0
    27c8:	4a ef       	ldi	r20, 0xFA	; 250
    27ca:	54 e4       	ldi	r21, 0x44	; 68
    27cc:	0e 94 1f 02 	call	0x43e	; 0x43e <__mulsf3>
    27d0:	dc 01       	movw	r26, r24
    27d2:	cb 01       	movw	r24, r22
    27d4:	8d 8b       	std	Y+21, r24	; 0x15
    27d6:	9e 8b       	std	Y+22, r25	; 0x16
    27d8:	af 8b       	std	Y+23, r26	; 0x17
    27da:	b8 8f       	std	Y+24, r27	; 0x18
	if (__tmp < 1.0)
    27dc:	6d 89       	ldd	r22, Y+21	; 0x15
    27de:	7e 89       	ldd	r23, Y+22	; 0x16
    27e0:	8f 89       	ldd	r24, Y+23	; 0x17
    27e2:	98 8d       	ldd	r25, Y+24	; 0x18
    27e4:	20 e0       	ldi	r18, 0x00	; 0
    27e6:	30 e0       	ldi	r19, 0x00	; 0
    27e8:	40 e8       	ldi	r20, 0x80	; 128
    27ea:	5f e3       	ldi	r21, 0x3F	; 63
    27ec:	0e 94 25 04 	call	0x84a	; 0x84a <__ltsf2>
    27f0:	88 23       	and	r24, r24
    27f2:	2c f4       	brge	.+10     	; 0x27fe <HLCD_vINIT+0x260>
		__ticks = 1;
    27f4:	81 e0       	ldi	r24, 0x01	; 1
    27f6:	90 e0       	ldi	r25, 0x00	; 0
    27f8:	9c 8b       	std	Y+20, r25	; 0x14
    27fa:	8b 8b       	std	Y+19, r24	; 0x13
    27fc:	3f c0       	rjmp	.+126    	; 0x287c <HLCD_vINIT+0x2de>
	else if (__tmp > 65535)
    27fe:	6d 89       	ldd	r22, Y+21	; 0x15
    2800:	7e 89       	ldd	r23, Y+22	; 0x16
    2802:	8f 89       	ldd	r24, Y+23	; 0x17
    2804:	98 8d       	ldd	r25, Y+24	; 0x18
    2806:	20 e0       	ldi	r18, 0x00	; 0
    2808:	3f ef       	ldi	r19, 0xFF	; 255
    280a:	4f e7       	ldi	r20, 0x7F	; 127
    280c:	57 e4       	ldi	r21, 0x47	; 71
    280e:	0e 94 c5 03 	call	0x78a	; 0x78a <__gtsf2>
    2812:	18 16       	cp	r1, r24
    2814:	4c f5       	brge	.+82     	; 0x2868 <HLCD_vINIT+0x2ca>
	{
		//	__ticks = requested delay in 1/10 ms
		__ticks = (uint16_t) (__ms * 10.0);
    2816:	69 8d       	ldd	r22, Y+25	; 0x19
    2818:	7a 8d       	ldd	r23, Y+26	; 0x1a
    281a:	8b 8d       	ldd	r24, Y+27	; 0x1b
    281c:	9c 8d       	ldd	r25, Y+28	; 0x1c
    281e:	20 e0       	ldi	r18, 0x00	; 0
    2820:	30 e0       	ldi	r19, 0x00	; 0
    2822:	40 e2       	ldi	r20, 0x20	; 32
    2824:	51 e4       	ldi	r21, 0x41	; 65
    2826:	0e 94 1f 02 	call	0x43e	; 0x43e <__mulsf3>
    282a:	dc 01       	movw	r26, r24
    282c:	cb 01       	movw	r24, r22
    282e:	bc 01       	movw	r22, r24
    2830:	cd 01       	movw	r24, r26
    2832:	0e 94 49 00 	call	0x92	; 0x92 <__fixunssfsi>
    2836:	dc 01       	movw	r26, r24
    2838:	cb 01       	movw	r24, r22
    283a:	9c 8b       	std	Y+20, r25	; 0x14
    283c:	8b 8b       	std	Y+19, r24	; 0x13
    283e:	0f c0       	rjmp	.+30     	; 0x285e <HLCD_vINIT+0x2c0>
    2840:	88 ec       	ldi	r24, 0xC8	; 200
    2842:	90 e0       	ldi	r25, 0x00	; 0
    2844:	9a 8b       	std	Y+18, r25	; 0x12
    2846:	89 8b       	std	Y+17, r24	; 0x11
    2848:	89 89       	ldd	r24, Y+17	; 0x11
    284a:	9a 89       	ldd	r25, Y+18	; 0x12
    284c:	01 97       	sbiw	r24, 0x01	; 1
    284e:	f1 f7       	brne	.-4      	; 0x284c <HLCD_vINIT+0x2ae>
    2850:	9a 8b       	std	Y+18, r25	; 0x12
    2852:	89 8b       	std	Y+17, r24	; 0x11
		while(__ticks)
		{
			// wait 1/10 ms
			_delay_loop_2(((F_CPU) / 4e3) / 10);
			__ticks --;
    2854:	8b 89       	ldd	r24, Y+19	; 0x13
    2856:	9c 89       	ldd	r25, Y+20	; 0x14
    2858:	01 97       	sbiw	r24, 0x01	; 1
    285a:	9c 8b       	std	Y+20, r25	; 0x14
    285c:	8b 8b       	std	Y+19, r24	; 0x13
		__ticks = 1;
	else if (__tmp > 65535)
	{
		//	__ticks = requested delay in 1/10 ms
		__ticks = (uint16_t) (__ms * 10.0);
		while(__ticks)
    285e:	8b 89       	ldd	r24, Y+19	; 0x13
    2860:	9c 89       	ldd	r25, Y+20	; 0x14
    2862:	00 97       	sbiw	r24, 0x00	; 0
    2864:	69 f7       	brne	.-38     	; 0x2840 <HLCD_vINIT+0x2a2>
    2866:	14 c0       	rjmp	.+40     	; 0x2890 <HLCD_vINIT+0x2f2>
			__ticks --;
		}
		return;
	}
	else
		__ticks = (uint16_t)__tmp;
    2868:	6d 89       	ldd	r22, Y+21	; 0x15
    286a:	7e 89       	ldd	r23, Y+22	; 0x16
    286c:	8f 89       	ldd	r24, Y+23	; 0x17
    286e:	98 8d       	ldd	r25, Y+24	; 0x18
    2870:	0e 94 49 00 	call	0x92	; 0x92 <__fixunssfsi>
    2874:	dc 01       	movw	r26, r24
    2876:	cb 01       	movw	r24, r22
    2878:	9c 8b       	std	Y+20, r25	; 0x14
    287a:	8b 8b       	std	Y+19, r24	; 0x13
    287c:	8b 89       	ldd	r24, Y+19	; 0x13
    287e:	9c 89       	ldd	r25, Y+20	; 0x14
    2880:	98 8b       	std	Y+16, r25	; 0x10
    2882:	8f 87       	std	Y+15, r24	; 0x0f
    2884:	8f 85       	ldd	r24, Y+15	; 0x0f
    2886:	98 89       	ldd	r25, Y+16	; 0x10
    2888:	01 97       	sbiw	r24, 0x01	; 1
    288a:	f1 f7       	brne	.-4      	; 0x2888 <HLCD_vINIT+0x2ea>
    288c:	98 8b       	std	Y+16, r25	; 0x10
    288e:	8f 87       	std	Y+15, r24	; 0x0f

	_delay_ms(1);
	HLCD_vSendCMD(0x01);
    2890:	81 e0       	ldi	r24, 0x01	; 1
    2892:	0e 94 c9 14 	call	0x2992	; 0x2992 <HLCD_vSendCMD>
    2896:	80 e0       	ldi	r24, 0x00	; 0
    2898:	90 e0       	ldi	r25, 0x00	; 0
    289a:	a0 e0       	ldi	r26, 0x00	; 0
    289c:	b0 e4       	ldi	r27, 0x40	; 64
    289e:	8b 87       	std	Y+11, r24	; 0x0b
    28a0:	9c 87       	std	Y+12, r25	; 0x0c
    28a2:	ad 87       	std	Y+13, r26	; 0x0d
    28a4:	be 87       	std	Y+14, r27	; 0x0e
 */
void
_delay_ms(double __ms)
{
	uint16_t __ticks;
	double __tmp = ((F_CPU) / 4e3) * __ms;
    28a6:	6b 85       	ldd	r22, Y+11	; 0x0b
    28a8:	7c 85       	ldd	r23, Y+12	; 0x0c
    28aa:	8d 85       	ldd	r24, Y+13	; 0x0d
    28ac:	9e 85       	ldd	r25, Y+14	; 0x0e
    28ae:	20 e0       	ldi	r18, 0x00	; 0
    28b0:	30 e0       	ldi	r19, 0x00	; 0
    28b2:	4a ef       	ldi	r20, 0xFA	; 250
    28b4:	54 e4       	ldi	r21, 0x44	; 68
    28b6:	0e 94 1f 02 	call	0x43e	; 0x43e <__mulsf3>
    28ba:	dc 01       	movw	r26, r24
    28bc:	cb 01       	movw	r24, r22
    28be:	8f 83       	std	Y+7, r24	; 0x07
    28c0:	98 87       	std	Y+8, r25	; 0x08
    28c2:	a9 87       	std	Y+9, r26	; 0x09
    28c4:	ba 87       	std	Y+10, r27	; 0x0a
	if (__tmp < 1.0)
    28c6:	6f 81       	ldd	r22, Y+7	; 0x07
    28c8:	78 85       	ldd	r23, Y+8	; 0x08
    28ca:	89 85       	ldd	r24, Y+9	; 0x09
    28cc:	9a 85       	ldd	r25, Y+10	; 0x0a
    28ce:	20 e0       	ldi	r18, 0x00	; 0
    28d0:	30 e0       	ldi	r19, 0x00	; 0
    28d2:	40 e8       	ldi	r20, 0x80	; 128
    28d4:	5f e3       	ldi	r21, 0x3F	; 63
    28d6:	0e 94 25 04 	call	0x84a	; 0x84a <__ltsf2>
    28da:	88 23       	and	r24, r24
    28dc:	2c f4       	brge	.+10     	; 0x28e8 <HLCD_vINIT+0x34a>
		__ticks = 1;
    28de:	81 e0       	ldi	r24, 0x01	; 1
    28e0:	90 e0       	ldi	r25, 0x00	; 0
    28e2:	9e 83       	std	Y+6, r25	; 0x06
    28e4:	8d 83       	std	Y+5, r24	; 0x05
    28e6:	3f c0       	rjmp	.+126    	; 0x2966 <HLCD_vINIT+0x3c8>
	else if (__tmp > 65535)
    28e8:	6f 81       	ldd	r22, Y+7	; 0x07
    28ea:	78 85       	ldd	r23, Y+8	; 0x08
    28ec:	89 85       	ldd	r24, Y+9	; 0x09
    28ee:	9a 85       	ldd	r25, Y+10	; 0x0a
    28f0:	20 e0       	ldi	r18, 0x00	; 0
    28f2:	3f ef       	ldi	r19, 0xFF	; 255
    28f4:	4f e7       	ldi	r20, 0x7F	; 127
    28f6:	57 e4       	ldi	r21, 0x47	; 71
    28f8:	0e 94 c5 03 	call	0x78a	; 0x78a <__gtsf2>
    28fc:	18 16       	cp	r1, r24
    28fe:	4c f5       	brge	.+82     	; 0x2952 <HLCD_vINIT+0x3b4>
	{
		//	__ticks = requested delay in 1/10 ms
		__ticks = (uint16_t) (__ms * 10.0);
    2900:	6b 85       	ldd	r22, Y+11	; 0x0b
    2902:	7c 85       	ldd	r23, Y+12	; 0x0c
    2904:	8d 85       	ldd	r24, Y+13	; 0x0d
    2906:	9e 85       	ldd	r25, Y+14	; 0x0e
    2908:	20 e0       	ldi	r18, 0x00	; 0
    290a:	30 e0       	ldi	r19, 0x00	; 0
    290c:	40 e2       	ldi	r20, 0x20	; 32
    290e:	51 e4       	ldi	r21, 0x41	; 65
    2910:	0e 94 1f 02 	call	0x43e	; 0x43e <__mulsf3>
    2914:	dc 01       	movw	r26, r24
    2916:	cb 01       	movw	r24, r22
    2918:	bc 01       	movw	r22, r24
    291a:	cd 01       	movw	r24, r26
    291c:	0e 94 49 00 	call	0x92	; 0x92 <__fixunssfsi>
    2920:	dc 01       	movw	r26, r24
    2922:	cb 01       	movw	r24, r22
    2924:	9e 83       	std	Y+6, r25	; 0x06
    2926:	8d 83       	std	Y+5, r24	; 0x05
    2928:	0f c0       	rjmp	.+30     	; 0x2948 <HLCD_vINIT+0x3aa>
    292a:	88 ec       	ldi	r24, 0xC8	; 200
    292c:	90 e0       	ldi	r25, 0x00	; 0
    292e:	9c 83       	std	Y+4, r25	; 0x04
    2930:	8b 83       	std	Y+3, r24	; 0x03
    2932:	8b 81       	ldd	r24, Y+3	; 0x03
    2934:	9c 81       	ldd	r25, Y+4	; 0x04
    2936:	01 97       	sbiw	r24, 0x01	; 1
    2938:	f1 f7       	brne	.-4      	; 0x2936 <HLCD_vINIT+0x398>
    293a:	9c 83       	std	Y+4, r25	; 0x04
    293c:	8b 83       	std	Y+3, r24	; 0x03
		while(__ticks)
		{
			// wait 1/10 ms
			_delay_loop_2(((F_CPU) / 4e3) / 10);
			__ticks --;
    293e:	8d 81       	ldd	r24, Y+5	; 0x05
    2940:	9e 81       	ldd	r25, Y+6	; 0x06
    2942:	01 97       	sbiw	r24, 0x01	; 1
    2944:	9e 83       	std	Y+6, r25	; 0x06
    2946:	8d 83       	std	Y+5, r24	; 0x05
		__ticks = 1;
	else if (__tmp > 65535)
	{
		//	__ticks = requested delay in 1/10 ms
		__ticks = (uint16_t) (__ms * 10.0);
		while(__ticks)
    2948:	8d 81       	ldd	r24, Y+5	; 0x05
    294a:	9e 81       	ldd	r25, Y+6	; 0x06
    294c:	00 97       	sbiw	r24, 0x00	; 0
    294e:	69 f7       	brne	.-38     	; 0x292a <HLCD_vINIT+0x38c>
    2950:	14 c0       	rjmp	.+40     	; 0x297a <HLCD_vINIT+0x3dc>
			__ticks --;
		}
		return;
	}
	else
		__ticks = (uint16_t)__tmp;
    2952:	6f 81       	ldd	r22, Y+7	; 0x07
    2954:	78 85       	ldd	r23, Y+8	; 0x08
    2956:	89 85       	ldd	r24, Y+9	; 0x09
    2958:	9a 85       	ldd	r25, Y+10	; 0x0a
    295a:	0e 94 49 00 	call	0x92	; 0x92 <__fixunssfsi>
    295e:	dc 01       	movw	r26, r24
    2960:	cb 01       	movw	r24, r22
    2962:	9e 83       	std	Y+6, r25	; 0x06
    2964:	8d 83       	std	Y+5, r24	; 0x05
    2966:	8d 81       	ldd	r24, Y+5	; 0x05
    2968:	9e 81       	ldd	r25, Y+6	; 0x06
    296a:	9a 83       	std	Y+2, r25	; 0x02
    296c:	89 83       	std	Y+1, r24	; 0x01
    296e:	89 81       	ldd	r24, Y+1	; 0x01
    2970:	9a 81       	ldd	r25, Y+2	; 0x02
    2972:	01 97       	sbiw	r24, 0x01	; 1
    2974:	f1 f7       	brne	.-4      	; 0x2972 <HLCD_vINIT+0x3d4>
    2976:	9a 83       	std	Y+2, r25	; 0x02
    2978:	89 83       	std	Y+1, r24	; 0x01

	_delay_ms(2);
	HLCD_vSendCMD(0x06);
    297a:	86 e0       	ldi	r24, 0x06	; 6
    297c:	0e 94 c9 14 	call	0x2992	; 0x2992 <HLCD_vSendCMD>
}
    2980:	e8 96       	adiw	r28, 0x38	; 56
    2982:	0f b6       	in	r0, 0x3f	; 63
    2984:	f8 94       	cli
    2986:	de bf       	out	0x3e, r29	; 62
    2988:	0f be       	out	0x3f, r0	; 63
    298a:	cd bf       	out	0x3d, r28	; 61
    298c:	cf 91       	pop	r28
    298e:	df 91       	pop	r29
    2990:	08 95       	ret

00002992 <HLCD_vSendCMD>:

void HLCD_vSendCMD(u8 A_u8CMD)
{
    2992:	df 93       	push	r29
    2994:	cf 93       	push	r28
    2996:	cd b7       	in	r28, 0x3d	; 61
    2998:	de b7       	in	r29, 0x3e	; 62
    299a:	6d 97       	sbiw	r28, 0x1d	; 29
    299c:	0f b6       	in	r0, 0x3f	; 63
    299e:	f8 94       	cli
    29a0:	de bf       	out	0x3e, r29	; 62
    29a2:	0f be       	out	0x3f, r0	; 63
    29a4:	cd bf       	out	0x3d, r28	; 61
    29a6:	8d 8f       	std	Y+29, r24	; 0x1d
	//Control RS to send command
	//Connected to A0
	//RS -> 0 (Command)
	MDIO_vSetPinVal(LCD_CTRL_PORT , LCD_RS , DIO_LOW);
    29a8:	81 e0       	ldi	r24, 0x01	; 1
    29aa:	60 e0       	ldi	r22, 0x00	; 0
    29ac:	40 e0       	ldi	r20, 0x00	; 0
    29ae:	0e 94 3d 0c 	call	0x187a	; 0x187a <MDIO_vSetPinVal>

	//RW -> Write -> 0
	MDIO_vSetPinVal(LCD_CTRL_PORT , LCD_RW , DIO_LOW);
    29b2:	81 e0       	ldi	r24, 0x01	; 1
    29b4:	61 e0       	ldi	r22, 0x01	; 1
    29b6:	40 e0       	ldi	r20, 0x00	; 0
    29b8:	0e 94 3d 0c 	call	0x187a	; 0x187a <MDIO_vSetPinVal>

	//Write data
	MDIO_vSetPortVal(LCD_DATA_PORT , A_u8CMD);
    29bc:	80 e0       	ldi	r24, 0x00	; 0
    29be:	6d 8d       	ldd	r22, Y+29	; 0x1d
    29c0:	0e 94 ef 0d 	call	0x1bde	; 0x1bde <MDIO_vSetPortVal>

	//Pulse on Enable
	MDIO_vSetPinVal(LCD_CTRL_PORT, LCD_E, DIO_HIGH);
    29c4:	81 e0       	ldi	r24, 0x01	; 1
    29c6:	62 e0       	ldi	r22, 0x02	; 2
    29c8:	41 e0       	ldi	r20, 0x01	; 1
    29ca:	0e 94 3d 0c 	call	0x187a	; 0x187a <MDIO_vSetPinVal>
    29ce:	80 e0       	ldi	r24, 0x00	; 0
    29d0:	90 e0       	ldi	r25, 0x00	; 0
    29d2:	a0 e8       	ldi	r26, 0x80	; 128
    29d4:	bf e3       	ldi	r27, 0x3F	; 63
    29d6:	89 8f       	std	Y+25, r24	; 0x19
    29d8:	9a 8f       	std	Y+26, r25	; 0x1a
    29da:	ab 8f       	std	Y+27, r26	; 0x1b
    29dc:	bc 8f       	std	Y+28, r27	; 0x1c
 */
void
_delay_ms(double __ms)
{
	uint16_t __ticks;
	double __tmp = ((F_CPU) / 4e3) * __ms;
    29de:	69 8d       	ldd	r22, Y+25	; 0x19
    29e0:	7a 8d       	ldd	r23, Y+26	; 0x1a
    29e2:	8b 8d       	ldd	r24, Y+27	; 0x1b
    29e4:	9c 8d       	ldd	r25, Y+28	; 0x1c
    29e6:	20 e0       	ldi	r18, 0x00	; 0
    29e8:	30 e0       	ldi	r19, 0x00	; 0
    29ea:	4a ef       	ldi	r20, 0xFA	; 250
    29ec:	54 e4       	ldi	r21, 0x44	; 68
    29ee:	0e 94 1f 02 	call	0x43e	; 0x43e <__mulsf3>
    29f2:	dc 01       	movw	r26, r24
    29f4:	cb 01       	movw	r24, r22
    29f6:	8d 8b       	std	Y+21, r24	; 0x15
    29f8:	9e 8b       	std	Y+22, r25	; 0x16
    29fa:	af 8b       	std	Y+23, r26	; 0x17
    29fc:	b8 8f       	std	Y+24, r27	; 0x18
	if (__tmp < 1.0)
    29fe:	6d 89       	ldd	r22, Y+21	; 0x15
    2a00:	7e 89       	ldd	r23, Y+22	; 0x16
    2a02:	8f 89       	ldd	r24, Y+23	; 0x17
    2a04:	98 8d       	ldd	r25, Y+24	; 0x18
    2a06:	20 e0       	ldi	r18, 0x00	; 0
    2a08:	30 e0       	ldi	r19, 0x00	; 0
    2a0a:	40 e8       	ldi	r20, 0x80	; 128
    2a0c:	5f e3       	ldi	r21, 0x3F	; 63
    2a0e:	0e 94 25 04 	call	0x84a	; 0x84a <__ltsf2>
    2a12:	88 23       	and	r24, r24
    2a14:	2c f4       	brge	.+10     	; 0x2a20 <HLCD_vSendCMD+0x8e>
		__ticks = 1;
    2a16:	81 e0       	ldi	r24, 0x01	; 1
    2a18:	90 e0       	ldi	r25, 0x00	; 0
    2a1a:	9c 8b       	std	Y+20, r25	; 0x14
    2a1c:	8b 8b       	std	Y+19, r24	; 0x13
    2a1e:	3f c0       	rjmp	.+126    	; 0x2a9e <HLCD_vSendCMD+0x10c>
	else if (__tmp > 65535)
    2a20:	6d 89       	ldd	r22, Y+21	; 0x15
    2a22:	7e 89       	ldd	r23, Y+22	; 0x16
    2a24:	8f 89       	ldd	r24, Y+23	; 0x17
    2a26:	98 8d       	ldd	r25, Y+24	; 0x18
    2a28:	20 e0       	ldi	r18, 0x00	; 0
    2a2a:	3f ef       	ldi	r19, 0xFF	; 255
    2a2c:	4f e7       	ldi	r20, 0x7F	; 127
    2a2e:	57 e4       	ldi	r21, 0x47	; 71
    2a30:	0e 94 c5 03 	call	0x78a	; 0x78a <__gtsf2>
    2a34:	18 16       	cp	r1, r24
    2a36:	4c f5       	brge	.+82     	; 0x2a8a <HLCD_vSendCMD+0xf8>
	{
		//	__ticks = requested delay in 1/10 ms
		__ticks = (uint16_t) (__ms * 10.0);
    2a38:	69 8d       	ldd	r22, Y+25	; 0x19
    2a3a:	7a 8d       	ldd	r23, Y+26	; 0x1a
    2a3c:	8b 8d       	ldd	r24, Y+27	; 0x1b
    2a3e:	9c 8d       	ldd	r25, Y+28	; 0x1c
    2a40:	20 e0       	ldi	r18, 0x00	; 0
    2a42:	30 e0       	ldi	r19, 0x00	; 0
    2a44:	40 e2       	ldi	r20, 0x20	; 32
    2a46:	51 e4       	ldi	r21, 0x41	; 65
    2a48:	0e 94 1f 02 	call	0x43e	; 0x43e <__mulsf3>
    2a4c:	dc 01       	movw	r26, r24
    2a4e:	cb 01       	movw	r24, r22
    2a50:	bc 01       	movw	r22, r24
    2a52:	cd 01       	movw	r24, r26
    2a54:	0e 94 49 00 	call	0x92	; 0x92 <__fixunssfsi>
    2a58:	dc 01       	movw	r26, r24
    2a5a:	cb 01       	movw	r24, r22
    2a5c:	9c 8b       	std	Y+20, r25	; 0x14
    2a5e:	8b 8b       	std	Y+19, r24	; 0x13
    2a60:	0f c0       	rjmp	.+30     	; 0x2a80 <HLCD_vSendCMD+0xee>
    2a62:	88 ec       	ldi	r24, 0xC8	; 200
    2a64:	90 e0       	ldi	r25, 0x00	; 0
    2a66:	9a 8b       	std	Y+18, r25	; 0x12
    2a68:	89 8b       	std	Y+17, r24	; 0x11
    2a6a:	89 89       	ldd	r24, Y+17	; 0x11
    2a6c:	9a 89       	ldd	r25, Y+18	; 0x12
    2a6e:	01 97       	sbiw	r24, 0x01	; 1
    2a70:	f1 f7       	brne	.-4      	; 0x2a6e <HLCD_vSendCMD+0xdc>
    2a72:	9a 8b       	std	Y+18, r25	; 0x12
    2a74:	89 8b       	std	Y+17, r24	; 0x11
		while(__ticks)
		{
			// wait 1/10 ms
			_delay_loop_2(((F_CPU) / 4e3) / 10);
			__ticks --;
    2a76:	8b 89       	ldd	r24, Y+19	; 0x13
    2a78:	9c 89       	ldd	r25, Y+20	; 0x14
    2a7a:	01 97       	sbiw	r24, 0x01	; 1
    2a7c:	9c 8b       	std	Y+20, r25	; 0x14
    2a7e:	8b 8b       	std	Y+19, r24	; 0x13
		__ticks = 1;
	else if (__tmp > 65535)
	{
		//	__ticks = requested delay in 1/10 ms
		__ticks = (uint16_t) (__ms * 10.0);
		while(__ticks)
    2a80:	8b 89       	ldd	r24, Y+19	; 0x13
    2a82:	9c 89       	ldd	r25, Y+20	; 0x14
    2a84:	00 97       	sbiw	r24, 0x00	; 0
    2a86:	69 f7       	brne	.-38     	; 0x2a62 <HLCD_vSendCMD+0xd0>
    2a88:	14 c0       	rjmp	.+40     	; 0x2ab2 <HLCD_vSendCMD+0x120>
			__ticks --;
		}
		return;
	}
	else
		__ticks = (uint16_t)__tmp;
    2a8a:	6d 89       	ldd	r22, Y+21	; 0x15
    2a8c:	7e 89       	ldd	r23, Y+22	; 0x16
    2a8e:	8f 89       	ldd	r24, Y+23	; 0x17
    2a90:	98 8d       	ldd	r25, Y+24	; 0x18
    2a92:	0e 94 49 00 	call	0x92	; 0x92 <__fixunssfsi>
    2a96:	dc 01       	movw	r26, r24
    2a98:	cb 01       	movw	r24, r22
    2a9a:	9c 8b       	std	Y+20, r25	; 0x14
    2a9c:	8b 8b       	std	Y+19, r24	; 0x13
    2a9e:	8b 89       	ldd	r24, Y+19	; 0x13
    2aa0:	9c 89       	ldd	r25, Y+20	; 0x14
    2aa2:	98 8b       	std	Y+16, r25	; 0x10
    2aa4:	8f 87       	std	Y+15, r24	; 0x0f
    2aa6:	8f 85       	ldd	r24, Y+15	; 0x0f
    2aa8:	98 89       	ldd	r25, Y+16	; 0x10
    2aaa:	01 97       	sbiw	r24, 0x01	; 1
    2aac:	f1 f7       	brne	.-4      	; 0x2aaa <HLCD_vSendCMD+0x118>
    2aae:	98 8b       	std	Y+16, r25	; 0x10
    2ab0:	8f 87       	std	Y+15, r24	; 0x0f
	_delay_ms(1);
	MDIO_vSetPinVal(LCD_CTRL_PORT, LCD_E, DIO_LOW);
    2ab2:	81 e0       	ldi	r24, 0x01	; 1
    2ab4:	62 e0       	ldi	r22, 0x02	; 2
    2ab6:	40 e0       	ldi	r20, 0x00	; 0
    2ab8:	0e 94 3d 0c 	call	0x187a	; 0x187a <MDIO_vSetPinVal>
    2abc:	80 e0       	ldi	r24, 0x00	; 0
    2abe:	90 e0       	ldi	r25, 0x00	; 0
    2ac0:	a0 e8       	ldi	r26, 0x80	; 128
    2ac2:	bf e3       	ldi	r27, 0x3F	; 63
    2ac4:	8b 87       	std	Y+11, r24	; 0x0b
    2ac6:	9c 87       	std	Y+12, r25	; 0x0c
    2ac8:	ad 87       	std	Y+13, r26	; 0x0d
    2aca:	be 87       	std	Y+14, r27	; 0x0e
 */
void
_delay_ms(double __ms)
{
	uint16_t __ticks;
	double __tmp = ((F_CPU) / 4e3) * __ms;
    2acc:	6b 85       	ldd	r22, Y+11	; 0x0b
    2ace:	7c 85       	ldd	r23, Y+12	; 0x0c
    2ad0:	8d 85       	ldd	r24, Y+13	; 0x0d
    2ad2:	9e 85       	ldd	r25, Y+14	; 0x0e
    2ad4:	20 e0       	ldi	r18, 0x00	; 0
    2ad6:	30 e0       	ldi	r19, 0x00	; 0
    2ad8:	4a ef       	ldi	r20, 0xFA	; 250
    2ada:	54 e4       	ldi	r21, 0x44	; 68
    2adc:	0e 94 1f 02 	call	0x43e	; 0x43e <__mulsf3>
    2ae0:	dc 01       	movw	r26, r24
    2ae2:	cb 01       	movw	r24, r22
    2ae4:	8f 83       	std	Y+7, r24	; 0x07
    2ae6:	98 87       	std	Y+8, r25	; 0x08
    2ae8:	a9 87       	std	Y+9, r26	; 0x09
    2aea:	ba 87       	std	Y+10, r27	; 0x0a
	if (__tmp < 1.0)
    2aec:	6f 81       	ldd	r22, Y+7	; 0x07
    2aee:	78 85       	ldd	r23, Y+8	; 0x08
    2af0:	89 85       	ldd	r24, Y+9	; 0x09
    2af2:	9a 85       	ldd	r25, Y+10	; 0x0a
    2af4:	20 e0       	ldi	r18, 0x00	; 0
    2af6:	30 e0       	ldi	r19, 0x00	; 0
    2af8:	40 e8       	ldi	r20, 0x80	; 128
    2afa:	5f e3       	ldi	r21, 0x3F	; 63
    2afc:	0e 94 25 04 	call	0x84a	; 0x84a <__ltsf2>
    2b00:	88 23       	and	r24, r24
    2b02:	2c f4       	brge	.+10     	; 0x2b0e <HLCD_vSendCMD+0x17c>
		__ticks = 1;
    2b04:	81 e0       	ldi	r24, 0x01	; 1
    2b06:	90 e0       	ldi	r25, 0x00	; 0
    2b08:	9e 83       	std	Y+6, r25	; 0x06
    2b0a:	8d 83       	std	Y+5, r24	; 0x05
    2b0c:	3f c0       	rjmp	.+126    	; 0x2b8c <HLCD_vSendCMD+0x1fa>
	else if (__tmp > 65535)
    2b0e:	6f 81       	ldd	r22, Y+7	; 0x07
    2b10:	78 85       	ldd	r23, Y+8	; 0x08
    2b12:	89 85       	ldd	r24, Y+9	; 0x09
    2b14:	9a 85       	ldd	r25, Y+10	; 0x0a
    2b16:	20 e0       	ldi	r18, 0x00	; 0
    2b18:	3f ef       	ldi	r19, 0xFF	; 255
    2b1a:	4f e7       	ldi	r20, 0x7F	; 127
    2b1c:	57 e4       	ldi	r21, 0x47	; 71
    2b1e:	0e 94 c5 03 	call	0x78a	; 0x78a <__gtsf2>
    2b22:	18 16       	cp	r1, r24
    2b24:	4c f5       	brge	.+82     	; 0x2b78 <HLCD_vSendCMD+0x1e6>
	{
		//	__ticks = requested delay in 1/10 ms
		__ticks = (uint16_t) (__ms * 10.0);
    2b26:	6b 85       	ldd	r22, Y+11	; 0x0b
    2b28:	7c 85       	ldd	r23, Y+12	; 0x0c
    2b2a:	8d 85       	ldd	r24, Y+13	; 0x0d
    2b2c:	9e 85       	ldd	r25, Y+14	; 0x0e
    2b2e:	20 e0       	ldi	r18, 0x00	; 0
    2b30:	30 e0       	ldi	r19, 0x00	; 0
    2b32:	40 e2       	ldi	r20, 0x20	; 32
    2b34:	51 e4       	ldi	r21, 0x41	; 65
    2b36:	0e 94 1f 02 	call	0x43e	; 0x43e <__mulsf3>
    2b3a:	dc 01       	movw	r26, r24
    2b3c:	cb 01       	movw	r24, r22
    2b3e:	bc 01       	movw	r22, r24
    2b40:	cd 01       	movw	r24, r26
    2b42:	0e 94 49 00 	call	0x92	; 0x92 <__fixunssfsi>
    2b46:	dc 01       	movw	r26, r24
    2b48:	cb 01       	movw	r24, r22
    2b4a:	9e 83       	std	Y+6, r25	; 0x06
    2b4c:	8d 83       	std	Y+5, r24	; 0x05
    2b4e:	0f c0       	rjmp	.+30     	; 0x2b6e <HLCD_vSendCMD+0x1dc>
    2b50:	88 ec       	ldi	r24, 0xC8	; 200
    2b52:	90 e0       	ldi	r25, 0x00	; 0
    2b54:	9c 83       	std	Y+4, r25	; 0x04
    2b56:	8b 83       	std	Y+3, r24	; 0x03
    2b58:	8b 81       	ldd	r24, Y+3	; 0x03
    2b5a:	9c 81       	ldd	r25, Y+4	; 0x04
    2b5c:	01 97       	sbiw	r24, 0x01	; 1
    2b5e:	f1 f7       	brne	.-4      	; 0x2b5c <HLCD_vSendCMD+0x1ca>
    2b60:	9c 83       	std	Y+4, r25	; 0x04
    2b62:	8b 83       	std	Y+3, r24	; 0x03
		while(__ticks)
		{
			// wait 1/10 ms
			_delay_loop_2(((F_CPU) / 4e3) / 10);
			__ticks --;
    2b64:	8d 81       	ldd	r24, Y+5	; 0x05
    2b66:	9e 81       	ldd	r25, Y+6	; 0x06
    2b68:	01 97       	sbiw	r24, 0x01	; 1
    2b6a:	9e 83       	std	Y+6, r25	; 0x06
    2b6c:	8d 83       	std	Y+5, r24	; 0x05
		__ticks = 1;
	else if (__tmp > 65535)
	{
		//	__ticks = requested delay in 1/10 ms
		__ticks = (uint16_t) (__ms * 10.0);
		while(__ticks)
    2b6e:	8d 81       	ldd	r24, Y+5	; 0x05
    2b70:	9e 81       	ldd	r25, Y+6	; 0x06
    2b72:	00 97       	sbiw	r24, 0x00	; 0
    2b74:	69 f7       	brne	.-38     	; 0x2b50 <HLCD_vSendCMD+0x1be>
    2b76:	14 c0       	rjmp	.+40     	; 0x2ba0 <HLCD_vSendCMD+0x20e>
			__ticks --;
		}
		return;
	}
	else
		__ticks = (uint16_t)__tmp;
    2b78:	6f 81       	ldd	r22, Y+7	; 0x07
    2b7a:	78 85       	ldd	r23, Y+8	; 0x08
    2b7c:	89 85       	ldd	r24, Y+9	; 0x09
    2b7e:	9a 85       	ldd	r25, Y+10	; 0x0a
    2b80:	0e 94 49 00 	call	0x92	; 0x92 <__fixunssfsi>
    2b84:	dc 01       	movw	r26, r24
    2b86:	cb 01       	movw	r24, r22
    2b88:	9e 83       	std	Y+6, r25	; 0x06
    2b8a:	8d 83       	std	Y+5, r24	; 0x05
    2b8c:	8d 81       	ldd	r24, Y+5	; 0x05
    2b8e:	9e 81       	ldd	r25, Y+6	; 0x06
    2b90:	9a 83       	std	Y+2, r25	; 0x02
    2b92:	89 83       	std	Y+1, r24	; 0x01
    2b94:	89 81       	ldd	r24, Y+1	; 0x01
    2b96:	9a 81       	ldd	r25, Y+2	; 0x02
    2b98:	01 97       	sbiw	r24, 0x01	; 1
    2b9a:	f1 f7       	brne	.-4      	; 0x2b98 <HLCD_vSendCMD+0x206>
    2b9c:	9a 83       	std	Y+2, r25	; 0x02
    2b9e:	89 83       	std	Y+1, r24	; 0x01
	_delay_ms(1);

}
    2ba0:	6d 96       	adiw	r28, 0x1d	; 29
    2ba2:	0f b6       	in	r0, 0x3f	; 63
    2ba4:	f8 94       	cli
    2ba6:	de bf       	out	0x3e, r29	; 62
    2ba8:	0f be       	out	0x3f, r0	; 63
    2baa:	cd bf       	out	0x3d, r28	; 61
    2bac:	cf 91       	pop	r28
    2bae:	df 91       	pop	r29
    2bb0:	08 95       	ret

00002bb2 <HLCD_vSendChar>:

void HLCD_vSendChar(u8 A_u8Char)
{
    2bb2:	df 93       	push	r29
    2bb4:	cf 93       	push	r28
    2bb6:	cd b7       	in	r28, 0x3d	; 61
    2bb8:	de b7       	in	r29, 0x3e	; 62
    2bba:	6d 97       	sbiw	r28, 0x1d	; 29
    2bbc:	0f b6       	in	r0, 0x3f	; 63
    2bbe:	f8 94       	cli
    2bc0:	de bf       	out	0x3e, r29	; 62
    2bc2:	0f be       	out	0x3f, r0	; 63
    2bc4:	cd bf       	out	0x3d, r28	; 61
    2bc6:	8d 8f       	std	Y+29, r24	; 0x1d
	/* Control RS to Send Data */
	MDIO_vSetPinVal(LCD_CTRL_PORT, LCD_RS, DIO_HIGH);
    2bc8:	81 e0       	ldi	r24, 0x01	; 1
    2bca:	60 e0       	ldi	r22, 0x00	; 0
    2bcc:	41 e0       	ldi	r20, 0x01	; 1
    2bce:	0e 94 3d 0c 	call	0x187a	; 0x187a <MDIO_vSetPinVal>

	/* Reset RW to Enable Writing */
	MDIO_vSetPinVal(LCD_CTRL_PORT, LCD_RW, DIO_LOW);
    2bd2:	81 e0       	ldi	r24, 0x01	; 1
    2bd4:	61 e0       	ldi	r22, 0x01	; 1
    2bd6:	40 e0       	ldi	r20, 0x00	; 0
    2bd8:	0e 94 3d 0c 	call	0x187a	; 0x187a <MDIO_vSetPinVal>

	/* Write instruction */
	MDIO_vSetPortVal(LCD_DATA_PORT, A_u8Char);
    2bdc:	80 e0       	ldi	r24, 0x00	; 0
    2bde:	6d 8d       	ldd	r22, Y+29	; 0x1d
    2be0:	0e 94 ef 0d 	call	0x1bde	; 0x1bde <MDIO_vSetPortVal>

	/* Pulse on Enable */
	MDIO_vSetPinVal(LCD_CTRL_PORT, LCD_E, DIO_HIGH);
    2be4:	81 e0       	ldi	r24, 0x01	; 1
    2be6:	62 e0       	ldi	r22, 0x02	; 2
    2be8:	41 e0       	ldi	r20, 0x01	; 1
    2bea:	0e 94 3d 0c 	call	0x187a	; 0x187a <MDIO_vSetPinVal>
    2bee:	80 e0       	ldi	r24, 0x00	; 0
    2bf0:	90 e0       	ldi	r25, 0x00	; 0
    2bf2:	a0 e8       	ldi	r26, 0x80	; 128
    2bf4:	bf e3       	ldi	r27, 0x3F	; 63
    2bf6:	89 8f       	std	Y+25, r24	; 0x19
    2bf8:	9a 8f       	std	Y+26, r25	; 0x1a
    2bfa:	ab 8f       	std	Y+27, r26	; 0x1b
    2bfc:	bc 8f       	std	Y+28, r27	; 0x1c
 */
void
_delay_ms(double __ms)
{
	uint16_t __ticks;
	double __tmp = ((F_CPU) / 4e3) * __ms;
    2bfe:	69 8d       	ldd	r22, Y+25	; 0x19
    2c00:	7a 8d       	ldd	r23, Y+26	; 0x1a
    2c02:	8b 8d       	ldd	r24, Y+27	; 0x1b
    2c04:	9c 8d       	ldd	r25, Y+28	; 0x1c
    2c06:	20 e0       	ldi	r18, 0x00	; 0
    2c08:	30 e0       	ldi	r19, 0x00	; 0
    2c0a:	4a ef       	ldi	r20, 0xFA	; 250
    2c0c:	54 e4       	ldi	r21, 0x44	; 68
    2c0e:	0e 94 1f 02 	call	0x43e	; 0x43e <__mulsf3>
    2c12:	dc 01       	movw	r26, r24
    2c14:	cb 01       	movw	r24, r22
    2c16:	8d 8b       	std	Y+21, r24	; 0x15
    2c18:	9e 8b       	std	Y+22, r25	; 0x16
    2c1a:	af 8b       	std	Y+23, r26	; 0x17
    2c1c:	b8 8f       	std	Y+24, r27	; 0x18
	if (__tmp < 1.0)
    2c1e:	6d 89       	ldd	r22, Y+21	; 0x15
    2c20:	7e 89       	ldd	r23, Y+22	; 0x16
    2c22:	8f 89       	ldd	r24, Y+23	; 0x17
    2c24:	98 8d       	ldd	r25, Y+24	; 0x18
    2c26:	20 e0       	ldi	r18, 0x00	; 0
    2c28:	30 e0       	ldi	r19, 0x00	; 0
    2c2a:	40 e8       	ldi	r20, 0x80	; 128
    2c2c:	5f e3       	ldi	r21, 0x3F	; 63
    2c2e:	0e 94 25 04 	call	0x84a	; 0x84a <__ltsf2>
    2c32:	88 23       	and	r24, r24
    2c34:	2c f4       	brge	.+10     	; 0x2c40 <HLCD_vSendChar+0x8e>
		__ticks = 1;
    2c36:	81 e0       	ldi	r24, 0x01	; 1
    2c38:	90 e0       	ldi	r25, 0x00	; 0
    2c3a:	9c 8b       	std	Y+20, r25	; 0x14
    2c3c:	8b 8b       	std	Y+19, r24	; 0x13
    2c3e:	3f c0       	rjmp	.+126    	; 0x2cbe <HLCD_vSendChar+0x10c>
	else if (__tmp > 65535)
    2c40:	6d 89       	ldd	r22, Y+21	; 0x15
    2c42:	7e 89       	ldd	r23, Y+22	; 0x16
    2c44:	8f 89       	ldd	r24, Y+23	; 0x17
    2c46:	98 8d       	ldd	r25, Y+24	; 0x18
    2c48:	20 e0       	ldi	r18, 0x00	; 0
    2c4a:	3f ef       	ldi	r19, 0xFF	; 255
    2c4c:	4f e7       	ldi	r20, 0x7F	; 127
    2c4e:	57 e4       	ldi	r21, 0x47	; 71
    2c50:	0e 94 c5 03 	call	0x78a	; 0x78a <__gtsf2>
    2c54:	18 16       	cp	r1, r24
    2c56:	4c f5       	brge	.+82     	; 0x2caa <HLCD_vSendChar+0xf8>
	{
		//	__ticks = requested delay in 1/10 ms
		__ticks = (uint16_t) (__ms * 10.0);
    2c58:	69 8d       	ldd	r22, Y+25	; 0x19
    2c5a:	7a 8d       	ldd	r23, Y+26	; 0x1a
    2c5c:	8b 8d       	ldd	r24, Y+27	; 0x1b
    2c5e:	9c 8d       	ldd	r25, Y+28	; 0x1c
    2c60:	20 e0       	ldi	r18, 0x00	; 0
    2c62:	30 e0       	ldi	r19, 0x00	; 0
    2c64:	40 e2       	ldi	r20, 0x20	; 32
    2c66:	51 e4       	ldi	r21, 0x41	; 65
    2c68:	0e 94 1f 02 	call	0x43e	; 0x43e <__mulsf3>
    2c6c:	dc 01       	movw	r26, r24
    2c6e:	cb 01       	movw	r24, r22
    2c70:	bc 01       	movw	r22, r24
    2c72:	cd 01       	movw	r24, r26
    2c74:	0e 94 49 00 	call	0x92	; 0x92 <__fixunssfsi>
    2c78:	dc 01       	movw	r26, r24
    2c7a:	cb 01       	movw	r24, r22
    2c7c:	9c 8b       	std	Y+20, r25	; 0x14
    2c7e:	8b 8b       	std	Y+19, r24	; 0x13
    2c80:	0f c0       	rjmp	.+30     	; 0x2ca0 <HLCD_vSendChar+0xee>
    2c82:	88 ec       	ldi	r24, 0xC8	; 200
    2c84:	90 e0       	ldi	r25, 0x00	; 0
    2c86:	9a 8b       	std	Y+18, r25	; 0x12
    2c88:	89 8b       	std	Y+17, r24	; 0x11
    2c8a:	89 89       	ldd	r24, Y+17	; 0x11
    2c8c:	9a 89       	ldd	r25, Y+18	; 0x12
    2c8e:	01 97       	sbiw	r24, 0x01	; 1
    2c90:	f1 f7       	brne	.-4      	; 0x2c8e <HLCD_vSendChar+0xdc>
    2c92:	9a 8b       	std	Y+18, r25	; 0x12
    2c94:	89 8b       	std	Y+17, r24	; 0x11
		while(__ticks)
		{
			// wait 1/10 ms
			_delay_loop_2(((F_CPU) / 4e3) / 10);
			__ticks --;
    2c96:	8b 89       	ldd	r24, Y+19	; 0x13
    2c98:	9c 89       	ldd	r25, Y+20	; 0x14
    2c9a:	01 97       	sbiw	r24, 0x01	; 1
    2c9c:	9c 8b       	std	Y+20, r25	; 0x14
    2c9e:	8b 8b       	std	Y+19, r24	; 0x13
		__ticks = 1;
	else if (__tmp > 65535)
	{
		//	__ticks = requested delay in 1/10 ms
		__ticks = (uint16_t) (__ms * 10.0);
		while(__ticks)
    2ca0:	8b 89       	ldd	r24, Y+19	; 0x13
    2ca2:	9c 89       	ldd	r25, Y+20	; 0x14
    2ca4:	00 97       	sbiw	r24, 0x00	; 0
    2ca6:	69 f7       	brne	.-38     	; 0x2c82 <HLCD_vSendChar+0xd0>
    2ca8:	14 c0       	rjmp	.+40     	; 0x2cd2 <HLCD_vSendChar+0x120>
			__ticks --;
		}
		return;
	}
	else
		__ticks = (uint16_t)__tmp;
    2caa:	6d 89       	ldd	r22, Y+21	; 0x15
    2cac:	7e 89       	ldd	r23, Y+22	; 0x16
    2cae:	8f 89       	ldd	r24, Y+23	; 0x17
    2cb0:	98 8d       	ldd	r25, Y+24	; 0x18
    2cb2:	0e 94 49 00 	call	0x92	; 0x92 <__fixunssfsi>
    2cb6:	dc 01       	movw	r26, r24
    2cb8:	cb 01       	movw	r24, r22
    2cba:	9c 8b       	std	Y+20, r25	; 0x14
    2cbc:	8b 8b       	std	Y+19, r24	; 0x13
    2cbe:	8b 89       	ldd	r24, Y+19	; 0x13
    2cc0:	9c 89       	ldd	r25, Y+20	; 0x14
    2cc2:	98 8b       	std	Y+16, r25	; 0x10
    2cc4:	8f 87       	std	Y+15, r24	; 0x0f
    2cc6:	8f 85       	ldd	r24, Y+15	; 0x0f
    2cc8:	98 89       	ldd	r25, Y+16	; 0x10
    2cca:	01 97       	sbiw	r24, 0x01	; 1
    2ccc:	f1 f7       	brne	.-4      	; 0x2cca <HLCD_vSendChar+0x118>
    2cce:	98 8b       	std	Y+16, r25	; 0x10
    2cd0:	8f 87       	std	Y+15, r24	; 0x0f
	_delay_ms(1);
	MDIO_vSetPinVal(LCD_CTRL_PORT, LCD_E, DIO_LOW);
    2cd2:	81 e0       	ldi	r24, 0x01	; 1
    2cd4:	62 e0       	ldi	r22, 0x02	; 2
    2cd6:	40 e0       	ldi	r20, 0x00	; 0
    2cd8:	0e 94 3d 0c 	call	0x187a	; 0x187a <MDIO_vSetPinVal>
    2cdc:	80 e0       	ldi	r24, 0x00	; 0
    2cde:	90 e0       	ldi	r25, 0x00	; 0
    2ce0:	a0 e8       	ldi	r26, 0x80	; 128
    2ce2:	bf e3       	ldi	r27, 0x3F	; 63
    2ce4:	8b 87       	std	Y+11, r24	; 0x0b
    2ce6:	9c 87       	std	Y+12, r25	; 0x0c
    2ce8:	ad 87       	std	Y+13, r26	; 0x0d
    2cea:	be 87       	std	Y+14, r27	; 0x0e
 */
void
_delay_ms(double __ms)
{
	uint16_t __ticks;
	double __tmp = ((F_CPU) / 4e3) * __ms;
    2cec:	6b 85       	ldd	r22, Y+11	; 0x0b
    2cee:	7c 85       	ldd	r23, Y+12	; 0x0c
    2cf0:	8d 85       	ldd	r24, Y+13	; 0x0d
    2cf2:	9e 85       	ldd	r25, Y+14	; 0x0e
    2cf4:	20 e0       	ldi	r18, 0x00	; 0
    2cf6:	30 e0       	ldi	r19, 0x00	; 0
    2cf8:	4a ef       	ldi	r20, 0xFA	; 250
    2cfa:	54 e4       	ldi	r21, 0x44	; 68
    2cfc:	0e 94 1f 02 	call	0x43e	; 0x43e <__mulsf3>
    2d00:	dc 01       	movw	r26, r24
    2d02:	cb 01       	movw	r24, r22
    2d04:	8f 83       	std	Y+7, r24	; 0x07
    2d06:	98 87       	std	Y+8, r25	; 0x08
    2d08:	a9 87       	std	Y+9, r26	; 0x09
    2d0a:	ba 87       	std	Y+10, r27	; 0x0a
	if (__tmp < 1.0)
    2d0c:	6f 81       	ldd	r22, Y+7	; 0x07
    2d0e:	78 85       	ldd	r23, Y+8	; 0x08
    2d10:	89 85       	ldd	r24, Y+9	; 0x09
    2d12:	9a 85       	ldd	r25, Y+10	; 0x0a
    2d14:	20 e0       	ldi	r18, 0x00	; 0
    2d16:	30 e0       	ldi	r19, 0x00	; 0
    2d18:	40 e8       	ldi	r20, 0x80	; 128
    2d1a:	5f e3       	ldi	r21, 0x3F	; 63
    2d1c:	0e 94 25 04 	call	0x84a	; 0x84a <__ltsf2>
    2d20:	88 23       	and	r24, r24
    2d22:	2c f4       	brge	.+10     	; 0x2d2e <HLCD_vSendChar+0x17c>
		__ticks = 1;
    2d24:	81 e0       	ldi	r24, 0x01	; 1
    2d26:	90 e0       	ldi	r25, 0x00	; 0
    2d28:	9e 83       	std	Y+6, r25	; 0x06
    2d2a:	8d 83       	std	Y+5, r24	; 0x05
    2d2c:	3f c0       	rjmp	.+126    	; 0x2dac <HLCD_vSendChar+0x1fa>
	else if (__tmp > 65535)
    2d2e:	6f 81       	ldd	r22, Y+7	; 0x07
    2d30:	78 85       	ldd	r23, Y+8	; 0x08
    2d32:	89 85       	ldd	r24, Y+9	; 0x09
    2d34:	9a 85       	ldd	r25, Y+10	; 0x0a
    2d36:	20 e0       	ldi	r18, 0x00	; 0
    2d38:	3f ef       	ldi	r19, 0xFF	; 255
    2d3a:	4f e7       	ldi	r20, 0x7F	; 127
    2d3c:	57 e4       	ldi	r21, 0x47	; 71
    2d3e:	0e 94 c5 03 	call	0x78a	; 0x78a <__gtsf2>
    2d42:	18 16       	cp	r1, r24
    2d44:	4c f5       	brge	.+82     	; 0x2d98 <HLCD_vSendChar+0x1e6>
	{
		//	__ticks = requested delay in 1/10 ms
		__ticks = (uint16_t) (__ms * 10.0);
    2d46:	6b 85       	ldd	r22, Y+11	; 0x0b
    2d48:	7c 85       	ldd	r23, Y+12	; 0x0c
    2d4a:	8d 85       	ldd	r24, Y+13	; 0x0d
    2d4c:	9e 85       	ldd	r25, Y+14	; 0x0e
    2d4e:	20 e0       	ldi	r18, 0x00	; 0
    2d50:	30 e0       	ldi	r19, 0x00	; 0
    2d52:	40 e2       	ldi	r20, 0x20	; 32
    2d54:	51 e4       	ldi	r21, 0x41	; 65
    2d56:	0e 94 1f 02 	call	0x43e	; 0x43e <__mulsf3>
    2d5a:	dc 01       	movw	r26, r24
    2d5c:	cb 01       	movw	r24, r22
    2d5e:	bc 01       	movw	r22, r24
    2d60:	cd 01       	movw	r24, r26
    2d62:	0e 94 49 00 	call	0x92	; 0x92 <__fixunssfsi>
    2d66:	dc 01       	movw	r26, r24
    2d68:	cb 01       	movw	r24, r22
    2d6a:	9e 83       	std	Y+6, r25	; 0x06
    2d6c:	8d 83       	std	Y+5, r24	; 0x05
    2d6e:	0f c0       	rjmp	.+30     	; 0x2d8e <HLCD_vSendChar+0x1dc>
    2d70:	88 ec       	ldi	r24, 0xC8	; 200
    2d72:	90 e0       	ldi	r25, 0x00	; 0
    2d74:	9c 83       	std	Y+4, r25	; 0x04
    2d76:	8b 83       	std	Y+3, r24	; 0x03
    2d78:	8b 81       	ldd	r24, Y+3	; 0x03
    2d7a:	9c 81       	ldd	r25, Y+4	; 0x04
    2d7c:	01 97       	sbiw	r24, 0x01	; 1
    2d7e:	f1 f7       	brne	.-4      	; 0x2d7c <HLCD_vSendChar+0x1ca>
    2d80:	9c 83       	std	Y+4, r25	; 0x04
    2d82:	8b 83       	std	Y+3, r24	; 0x03
		while(__ticks)
		{
			// wait 1/10 ms
			_delay_loop_2(((F_CPU) / 4e3) / 10);
			__ticks --;
    2d84:	8d 81       	ldd	r24, Y+5	; 0x05
    2d86:	9e 81       	ldd	r25, Y+6	; 0x06
    2d88:	01 97       	sbiw	r24, 0x01	; 1
    2d8a:	9e 83       	std	Y+6, r25	; 0x06
    2d8c:	8d 83       	std	Y+5, r24	; 0x05
		__ticks = 1;
	else if (__tmp > 65535)
	{
		//	__ticks = requested delay in 1/10 ms
		__ticks = (uint16_t) (__ms * 10.0);
		while(__ticks)
    2d8e:	8d 81       	ldd	r24, Y+5	; 0x05
    2d90:	9e 81       	ldd	r25, Y+6	; 0x06
    2d92:	00 97       	sbiw	r24, 0x00	; 0
    2d94:	69 f7       	brne	.-38     	; 0x2d70 <HLCD_vSendChar+0x1be>
    2d96:	14 c0       	rjmp	.+40     	; 0x2dc0 <HLCD_vSendChar+0x20e>
			__ticks --;
		}
		return;
	}
	else
		__ticks = (uint16_t)__tmp;
    2d98:	6f 81       	ldd	r22, Y+7	; 0x07
    2d9a:	78 85       	ldd	r23, Y+8	; 0x08
    2d9c:	89 85       	ldd	r24, Y+9	; 0x09
    2d9e:	9a 85       	ldd	r25, Y+10	; 0x0a
    2da0:	0e 94 49 00 	call	0x92	; 0x92 <__fixunssfsi>
    2da4:	dc 01       	movw	r26, r24
    2da6:	cb 01       	movw	r24, r22
    2da8:	9e 83       	std	Y+6, r25	; 0x06
    2daa:	8d 83       	std	Y+5, r24	; 0x05
    2dac:	8d 81       	ldd	r24, Y+5	; 0x05
    2dae:	9e 81       	ldd	r25, Y+6	; 0x06
    2db0:	9a 83       	std	Y+2, r25	; 0x02
    2db2:	89 83       	std	Y+1, r24	; 0x01
    2db4:	89 81       	ldd	r24, Y+1	; 0x01
    2db6:	9a 81       	ldd	r25, Y+2	; 0x02
    2db8:	01 97       	sbiw	r24, 0x01	; 1
    2dba:	f1 f7       	brne	.-4      	; 0x2db8 <HLCD_vSendChar+0x206>
    2dbc:	9a 83       	std	Y+2, r25	; 0x02
    2dbe:	89 83       	std	Y+1, r24	; 0x01
	_delay_ms(1);
}
    2dc0:	6d 96       	adiw	r28, 0x1d	; 29
    2dc2:	0f b6       	in	r0, 0x3f	; 63
    2dc4:	f8 94       	cli
    2dc6:	de bf       	out	0x3e, r29	; 62
    2dc8:	0f be       	out	0x3f, r0	; 63
    2dca:	cd bf       	out	0x3d, r28	; 61
    2dcc:	cf 91       	pop	r28
    2dce:	df 91       	pop	r29
    2dd0:	08 95       	ret

00002dd2 <HLCD_vDisplayString>:

void HLCD_vDisplayString(const u8 A_u8Str[])
{
    2dd2:	df 93       	push	r29
    2dd4:	cf 93       	push	r28
    2dd6:	00 d0       	rcall	.+0      	; 0x2dd8 <HLCD_vDisplayString+0x6>
    2dd8:	0f 92       	push	r0
    2dda:	cd b7       	in	r28, 0x3d	; 61
    2ddc:	de b7       	in	r29, 0x3e	; 62
    2dde:	9b 83       	std	Y+3, r25	; 0x03
    2de0:	8a 83       	std	Y+2, r24	; 0x02
	u8 L_u8Index = 0;
    2de2:	19 82       	std	Y+1, r1	; 0x01
	for(L_u8Index = 0 ; A_u8Str[L_u8Index]!=0 ; L_u8Index ++)
    2de4:	19 82       	std	Y+1, r1	; 0x01
    2de6:	0e c0       	rjmp	.+28     	; 0x2e04 <HLCD_vDisplayString+0x32>
	{
		HLCD_vSendChar(A_u8Str[L_u8Index]);
    2de8:	89 81       	ldd	r24, Y+1	; 0x01
    2dea:	28 2f       	mov	r18, r24
    2dec:	30 e0       	ldi	r19, 0x00	; 0
    2dee:	8a 81       	ldd	r24, Y+2	; 0x02
    2df0:	9b 81       	ldd	r25, Y+3	; 0x03
    2df2:	fc 01       	movw	r30, r24
    2df4:	e2 0f       	add	r30, r18
    2df6:	f3 1f       	adc	r31, r19
    2df8:	80 81       	ld	r24, Z
    2dfa:	0e 94 d9 15 	call	0x2bb2	; 0x2bb2 <HLCD_vSendChar>
}

void HLCD_vDisplayString(const u8 A_u8Str[])
{
	u8 L_u8Index = 0;
	for(L_u8Index = 0 ; A_u8Str[L_u8Index]!=0 ; L_u8Index ++)
    2dfe:	89 81       	ldd	r24, Y+1	; 0x01
    2e00:	8f 5f       	subi	r24, 0xFF	; 255
    2e02:	89 83       	std	Y+1, r24	; 0x01
    2e04:	89 81       	ldd	r24, Y+1	; 0x01
    2e06:	28 2f       	mov	r18, r24
    2e08:	30 e0       	ldi	r19, 0x00	; 0
    2e0a:	8a 81       	ldd	r24, Y+2	; 0x02
    2e0c:	9b 81       	ldd	r25, Y+3	; 0x03
    2e0e:	fc 01       	movw	r30, r24
    2e10:	e2 0f       	add	r30, r18
    2e12:	f3 1f       	adc	r31, r19
    2e14:	80 81       	ld	r24, Z
    2e16:	88 23       	and	r24, r24
    2e18:	39 f7       	brne	.-50     	; 0x2de8 <HLCD_vDisplayString+0x16>
	{
		HLCD_vSendChar(A_u8Str[L_u8Index]);
	}
}
    2e1a:	0f 90       	pop	r0
    2e1c:	0f 90       	pop	r0
    2e1e:	0f 90       	pop	r0
    2e20:	cf 91       	pop	r28
    2e22:	df 91       	pop	r29
    2e24:	08 95       	ret

00002e26 <HLCD_vDisplaySpecialCharacter>:

//From the Datasheet to program CG RAM
void HLCD_vDisplaySpecialCharacter(u8 *Pattern, u8 Location, u8 Row, u8 Col)
{
    2e26:	df 93       	push	r29
    2e28:	cf 93       	push	r28
    2e2a:	00 d0       	rcall	.+0      	; 0x2e2c <HLCD_vDisplaySpecialCharacter+0x6>
    2e2c:	00 d0       	rcall	.+0      	; 0x2e2e <HLCD_vDisplaySpecialCharacter+0x8>
    2e2e:	00 d0       	rcall	.+0      	; 0x2e30 <HLCD_vDisplaySpecialCharacter+0xa>
    2e30:	cd b7       	in	r28, 0x3d	; 61
    2e32:	de b7       	in	r29, 0x3e	; 62
    2e34:	9b 83       	std	Y+3, r25	; 0x03
    2e36:	8a 83       	std	Y+2, r24	; 0x02
    2e38:	6c 83       	std	Y+4, r22	; 0x04
    2e3a:	4d 83       	std	Y+5, r20	; 0x05
    2e3c:	2e 83       	std	Y+6, r18	; 0x06
    u8 i;

    // Step A : Set CG RAM Address
    // (Store array in CG RAM )
    HLCD_vSendCMD(0x40 + (Location * 8));
    2e3e:	8c 81       	ldd	r24, Y+4	; 0x04
    2e40:	88 2f       	mov	r24, r24
    2e42:	90 e0       	ldi	r25, 0x00	; 0
    2e44:	08 96       	adiw	r24, 0x08	; 8
    2e46:	88 0f       	add	r24, r24
    2e48:	99 1f       	adc	r25, r25
    2e4a:	88 0f       	add	r24, r24
    2e4c:	99 1f       	adc	r25, r25
    2e4e:	88 0f       	add	r24, r24
    2e50:	99 1f       	adc	r25, r25
    2e52:	0e 94 c9 14 	call	0x2992	; 0x2992 <HLCD_vSendCMD>

    // Step B & C : Write the 8 Rows of the Character
    // Write Data to CG RAM
    for(i = 0; i < 8; i++)
    2e56:	19 82       	std	Y+1, r1	; 0x01
    2e58:	0e c0       	rjmp	.+28     	; 0x2e76 <HLCD_vDisplaySpecialCharacter+0x50>
    {
        HLCD_vSendChar(Pattern[i]);
    2e5a:	89 81       	ldd	r24, Y+1	; 0x01
    2e5c:	28 2f       	mov	r18, r24
    2e5e:	30 e0       	ldi	r19, 0x00	; 0
    2e60:	8a 81       	ldd	r24, Y+2	; 0x02
    2e62:	9b 81       	ldd	r25, Y+3	; 0x03
    2e64:	fc 01       	movw	r30, r24
    2e66:	e2 0f       	add	r30, r18
    2e68:	f3 1f       	adc	r31, r19
    2e6a:	80 81       	ld	r24, Z
    2e6c:	0e 94 d9 15 	call	0x2bb2	; 0x2bb2 <HLCD_vSendChar>
    // (Store array in CG RAM )
    HLCD_vSendCMD(0x40 + (Location * 8));

    // Step B & C : Write the 8 Rows of the Character
    // Write Data to CG RAM
    for(i = 0; i < 8; i++)
    2e70:	89 81       	ldd	r24, Y+1	; 0x01
    2e72:	8f 5f       	subi	r24, 0xFF	; 255
    2e74:	89 83       	std	Y+1, r24	; 0x01
    2e76:	89 81       	ldd	r24, Y+1	; 0x01
    2e78:	88 30       	cpi	r24, 0x08	; 8
    2e7a:	78 f3       	brcs	.-34     	; 0x2e5a <HLCD_vDisplaySpecialCharacter+0x34>
    {
        HLCD_vSendChar(Pattern[i]);
    }

    // Step D : Return to DDRAM >> SET DD RAM Address
    HLCD_SetCursor(Row, Col);
    2e7c:	8d 81       	ldd	r24, Y+5	; 0x05
    2e7e:	6e 81       	ldd	r22, Y+6	; 0x06
    2e80:	0e 94 e4 17 	call	0x2fc8	; 0x2fc8 <HLCD_SetCursor>

    // Step E : Display the Custom Character
    HLCD_vSendChar(Location);
    2e84:	8c 81       	ldd	r24, Y+4	; 0x04
    2e86:	0e 94 d9 15 	call	0x2bb2	; 0x2bb2 <HLCD_vSendChar>
}
    2e8a:	26 96       	adiw	r28, 0x06	; 6
    2e8c:	0f b6       	in	r0, 0x3f	; 63
    2e8e:	f8 94       	cli
    2e90:	de bf       	out	0x3e, r29	; 62
    2e92:	0f be       	out	0x3f, r0	; 63
    2e94:	cd bf       	out	0x3d, r28	; 61
    2e96:	cf 91       	pop	r28
    2e98:	df 91       	pop	r29
    2e9a:	08 95       	ret

00002e9c <HLCD_vSinosoidal>:

void HLCD_vSinosoidal(u8 row, u8 col)
{
    2e9c:	df 93       	push	r29
    2e9e:	cf 93       	push	r28
    2ea0:	00 d0       	rcall	.+0      	; 0x2ea2 <HLCD_vSinosoidal+0x6>
    2ea2:	cd b7       	in	r28, 0x3d	; 61
    2ea4:	de b7       	in	r29, 0x3e	; 62
    2ea6:	89 83       	std	Y+1, r24	; 0x01
    2ea8:	6a 83       	std	Y+2, r22	; 0x02
    if (row == 0)
    2eaa:	89 81       	ldd	r24, Y+1	; 0x01
    2eac:	88 23       	and	r24, r24
    2eae:	29 f4       	brne	.+10     	; 0x2eba <HLCD_vSinosoidal+0x1e>
    {
        HLCD_vSendCMD(0x80 + col);   // First row
    2eb0:	8a 81       	ldd	r24, Y+2	; 0x02
    2eb2:	80 58       	subi	r24, 0x80	; 128
    2eb4:	0e 94 c9 14 	call	0x2992	; 0x2992 <HLCD_vSendCMD>
    2eb8:	04 c0       	rjmp	.+8      	; 0x2ec2 <HLCD_vSinosoidal+0x26>
    }
    else
    {
        HLCD_vSendCMD(0xC0 + col);   // Second row
    2eba:	8a 81       	ldd	r24, Y+2	; 0x02
    2ebc:	80 54       	subi	r24, 0x40	; 64
    2ebe:	0e 94 c9 14 	call	0x2992	; 0x2992 <HLCD_vSendCMD>
    }
}
    2ec2:	0f 90       	pop	r0
    2ec4:	0f 90       	pop	r0
    2ec6:	cf 91       	pop	r28
    2ec8:	df 91       	pop	r29
    2eca:	08 95       	ret

00002ecc <HLCD_vPrintNumber>:

void HLCD_vPrintNumber(u32 A_u32Number)
{
    2ecc:	0f 93       	push	r16
    2ece:	1f 93       	push	r17
    2ed0:	df 93       	push	r29
    2ed2:	cf 93       	push	r28
    2ed4:	cd b7       	in	r28, 0x3d	; 61
    2ed6:	de b7       	in	r29, 0x3e	; 62
    2ed8:	60 97       	sbiw	r28, 0x10	; 16
    2eda:	0f b6       	in	r0, 0x3f	; 63
    2edc:	f8 94       	cli
    2ede:	de bf       	out	0x3e, r29	; 62
    2ee0:	0f be       	out	0x3f, r0	; 63
    2ee2:	cd bf       	out	0x3d, r28	; 61
    2ee4:	6d 87       	std	Y+13, r22	; 0x0d
    2ee6:	7e 87       	std	Y+14, r23	; 0x0e
    2ee8:	8f 87       	std	Y+15, r24	; 0x0f
    2eea:	98 8b       	std	Y+16, r25	; 0x10
	u8 L_u8Index = 0;
    2eec:	1a 82       	std	Y+2, r1	; 0x02
	u8 L_u8digits[10] = {0};
    2eee:	8a e0       	ldi	r24, 0x0A	; 10
    2ef0:	fe 01       	movw	r30, r28
    2ef2:	33 96       	adiw	r30, 0x03	; 3
    2ef4:	df 01       	movw	r26, r30
    2ef6:	98 2f       	mov	r25, r24
    2ef8:	1d 92       	st	X+, r1
    2efa:	9a 95       	dec	r25
    2efc:	e9 f7       	brne	.-6      	; 0x2ef8 <HLCD_vPrintNumber+0x2c>
    2efe:	2e c0       	rjmp	.+92     	; 0x2f5c <HLCD_vPrintNumber+0x90>
	while(A_u32Number > 0)
	{
		L_u8digits[L_u8Index] = (A_u32Number % 10) + '0';
    2f00:	8a 81       	ldd	r24, Y+2	; 0x02
    2f02:	08 2f       	mov	r16, r24
    2f04:	10 e0       	ldi	r17, 0x00	; 0
    2f06:	8d 85       	ldd	r24, Y+13	; 0x0d
    2f08:	9e 85       	ldd	r25, Y+14	; 0x0e
    2f0a:	af 85       	ldd	r26, Y+15	; 0x0f
    2f0c:	b8 89       	ldd	r27, Y+16	; 0x10
    2f0e:	2a e0       	ldi	r18, 0x0A	; 10
    2f10:	30 e0       	ldi	r19, 0x00	; 0
    2f12:	40 e0       	ldi	r20, 0x00	; 0
    2f14:	50 e0       	ldi	r21, 0x00	; 0
    2f16:	bc 01       	movw	r22, r24
    2f18:	cd 01       	movw	r24, r26
    2f1a:	0e 94 08 1d 	call	0x3a10	; 0x3a10 <__udivmodsi4>
    2f1e:	dc 01       	movw	r26, r24
    2f20:	cb 01       	movw	r24, r22
    2f22:	28 2f       	mov	r18, r24
    2f24:	20 5d       	subi	r18, 0xD0	; 208
    2f26:	ce 01       	movw	r24, r28
    2f28:	03 96       	adiw	r24, 0x03	; 3
    2f2a:	fc 01       	movw	r30, r24
    2f2c:	e0 0f       	add	r30, r16
    2f2e:	f1 1f       	adc	r31, r17
    2f30:	20 83       	st	Z, r18
		A_u32Number = A_u32Number / 10 ;
    2f32:	8d 85       	ldd	r24, Y+13	; 0x0d
    2f34:	9e 85       	ldd	r25, Y+14	; 0x0e
    2f36:	af 85       	ldd	r26, Y+15	; 0x0f
    2f38:	b8 89       	ldd	r27, Y+16	; 0x10
    2f3a:	2a e0       	ldi	r18, 0x0A	; 10
    2f3c:	30 e0       	ldi	r19, 0x00	; 0
    2f3e:	40 e0       	ldi	r20, 0x00	; 0
    2f40:	50 e0       	ldi	r21, 0x00	; 0
    2f42:	bc 01       	movw	r22, r24
    2f44:	cd 01       	movw	r24, r26
    2f46:	0e 94 08 1d 	call	0x3a10	; 0x3a10 <__udivmodsi4>
    2f4a:	da 01       	movw	r26, r20
    2f4c:	c9 01       	movw	r24, r18
    2f4e:	8d 87       	std	Y+13, r24	; 0x0d
    2f50:	9e 87       	std	Y+14, r25	; 0x0e
    2f52:	af 87       	std	Y+15, r26	; 0x0f
    2f54:	b8 8b       	std	Y+16, r27	; 0x10
		L_u8Index ++ ;
    2f56:	8a 81       	ldd	r24, Y+2	; 0x02
    2f58:	8f 5f       	subi	r24, 0xFF	; 255
    2f5a:	8a 83       	std	Y+2, r24	; 0x02

void HLCD_vPrintNumber(u32 A_u32Number)
{
	u8 L_u8Index = 0;
	u8 L_u8digits[10] = {0};
	while(A_u32Number > 0)
    2f5c:	8d 85       	ldd	r24, Y+13	; 0x0d
    2f5e:	9e 85       	ldd	r25, Y+14	; 0x0e
    2f60:	af 85       	ldd	r26, Y+15	; 0x0f
    2f62:	b8 89       	ldd	r27, Y+16	; 0x10
    2f64:	00 97       	sbiw	r24, 0x00	; 0
    2f66:	a1 05       	cpc	r26, r1
    2f68:	b1 05       	cpc	r27, r1
    2f6a:	51 f6       	brne	.-108    	; 0x2f00 <HLCD_vPrintNumber+0x34>
		L_u8digits[L_u8Index] = (A_u32Number % 10) + '0';
		A_u32Number = A_u32Number / 10 ;
		L_u8Index ++ ;
	}

	for(s8 L_u8Index = 9 ; L_u8Index >=0 ; L_u8Index --)
    2f6c:	89 e0       	ldi	r24, 0x09	; 9
    2f6e:	89 83       	std	Y+1, r24	; 0x01
    2f70:	1d c0       	rjmp	.+58     	; 0x2fac <HLCD_vPrintNumber+0xe0>
	{
		if(L_u8digits[L_u8Index] == 0)
    2f72:	89 81       	ldd	r24, Y+1	; 0x01
    2f74:	28 2f       	mov	r18, r24
    2f76:	33 27       	eor	r19, r19
    2f78:	27 fd       	sbrc	r18, 7
    2f7a:	30 95       	com	r19
    2f7c:	ce 01       	movw	r24, r28
    2f7e:	03 96       	adiw	r24, 0x03	; 3
    2f80:	fc 01       	movw	r30, r24
    2f82:	e2 0f       	add	r30, r18
    2f84:	f3 1f       	adc	r31, r19
    2f86:	80 81       	ld	r24, Z
    2f88:	88 23       	and	r24, r24
    2f8a:	69 f0       	breq	.+26     	; 0x2fa6 <HLCD_vPrintNumber+0xda>
			continue;
		HLCD_vSendChar(L_u8digits[L_u8Index]);
    2f8c:	89 81       	ldd	r24, Y+1	; 0x01
    2f8e:	28 2f       	mov	r18, r24
    2f90:	33 27       	eor	r19, r19
    2f92:	27 fd       	sbrc	r18, 7
    2f94:	30 95       	com	r19
    2f96:	ce 01       	movw	r24, r28
    2f98:	03 96       	adiw	r24, 0x03	; 3
    2f9a:	fc 01       	movw	r30, r24
    2f9c:	e2 0f       	add	r30, r18
    2f9e:	f3 1f       	adc	r31, r19
    2fa0:	80 81       	ld	r24, Z
    2fa2:	0e 94 d9 15 	call	0x2bb2	; 0x2bb2 <HLCD_vSendChar>
		L_u8digits[L_u8Index] = (A_u32Number % 10) + '0';
		A_u32Number = A_u32Number / 10 ;
		L_u8Index ++ ;
	}

	for(s8 L_u8Index = 9 ; L_u8Index >=0 ; L_u8Index --)
    2fa6:	89 81       	ldd	r24, Y+1	; 0x01
    2fa8:	81 50       	subi	r24, 0x01	; 1
    2faa:	89 83       	std	Y+1, r24	; 0x01
    2fac:	89 81       	ldd	r24, Y+1	; 0x01
    2fae:	88 23       	and	r24, r24
    2fb0:	04 f7       	brge	.-64     	; 0x2f72 <HLCD_vPrintNumber+0xa6>
	{
		if(L_u8digits[L_u8Index] == 0)
			continue;
		HLCD_vSendChar(L_u8digits[L_u8Index]);
	}
}
    2fb2:	60 96       	adiw	r28, 0x10	; 16
    2fb4:	0f b6       	in	r0, 0x3f	; 63
    2fb6:	f8 94       	cli
    2fb8:	de bf       	out	0x3e, r29	; 62
    2fba:	0f be       	out	0x3f, r0	; 63
    2fbc:	cd bf       	out	0x3d, r28	; 61
    2fbe:	cf 91       	pop	r28
    2fc0:	df 91       	pop	r29
    2fc2:	1f 91       	pop	r17
    2fc4:	0f 91       	pop	r16
    2fc6:	08 95       	ret

00002fc8 <HLCD_SetCursor>:

void HLCD_SetCursor(u8 rown, u8 coln)
{
    2fc8:	df 93       	push	r29
    2fca:	cf 93       	push	r28
    2fcc:	00 d0       	rcall	.+0      	; 0x2fce <HLCD_SetCursor+0x6>
    2fce:	00 d0       	rcall	.+0      	; 0x2fd0 <HLCD_SetCursor+0x8>
    2fd0:	cd b7       	in	r28, 0x3d	; 61
    2fd2:	de b7       	in	r29, 0x3e	; 62
    2fd4:	89 83       	std	Y+1, r24	; 0x01
    2fd6:	6a 83       	std	Y+2, r22	; 0x02
    if (coln >= 16)   // For a 16x2 LCD
    2fd8:	8a 81       	ldd	r24, Y+2	; 0x02
    2fda:	80 31       	cpi	r24, 0x10	; 16
    2fdc:	c0 f4       	brcc	.+48     	; 0x300e <HLCD_SetCursor+0x46>
        return;

    switch (rown)
    2fde:	89 81       	ldd	r24, Y+1	; 0x01
    2fe0:	28 2f       	mov	r18, r24
    2fe2:	30 e0       	ldi	r19, 0x00	; 0
    2fe4:	3c 83       	std	Y+4, r19	; 0x04
    2fe6:	2b 83       	std	Y+3, r18	; 0x03
    2fe8:	8b 81       	ldd	r24, Y+3	; 0x03
    2fea:	9c 81       	ldd	r25, Y+4	; 0x04
    2fec:	00 97       	sbiw	r24, 0x00	; 0
    2fee:	31 f0       	breq	.+12     	; 0x2ffc <HLCD_SetCursor+0x34>
    2ff0:	2b 81       	ldd	r18, Y+3	; 0x03
    2ff2:	3c 81       	ldd	r19, Y+4	; 0x04
    2ff4:	21 30       	cpi	r18, 0x01	; 1
    2ff6:	31 05       	cpc	r19, r1
    2ff8:	31 f0       	breq	.+12     	; 0x3006 <HLCD_SetCursor+0x3e>
    2ffa:	09 c0       	rjmp	.+18     	; 0x300e <HLCD_SetCursor+0x46>
    {
        case 0:
            HLCD_vSendCMD(0x80 + coln);   // First row
    2ffc:	8a 81       	ldd	r24, Y+2	; 0x02
    2ffe:	80 58       	subi	r24, 0x80	; 128
    3000:	0e 94 c9 14 	call	0x2992	; 0x2992 <HLCD_vSendCMD>
    3004:	04 c0       	rjmp	.+8      	; 0x300e <HLCD_SetCursor+0x46>
            break;

        case 1:
            HLCD_vSendCMD(0xC0 + coln);   // Second row
    3006:	8a 81       	ldd	r24, Y+2	; 0x02
    3008:	80 54       	subi	r24, 0x40	; 64
    300a:	0e 94 c9 14 	call	0x2992	; 0x2992 <HLCD_vSendCMD>
            break;

        default:
            break;
    }
}
    300e:	0f 90       	pop	r0
    3010:	0f 90       	pop	r0
    3012:	0f 90       	pop	r0
    3014:	0f 90       	pop	r0
    3016:	cf 91       	pop	r28
    3018:	df 91       	pop	r29
    301a:	08 95       	ret

0000301c <HLCD_vClearScreen>:

void HLCD_vClearScreen(void)
{
    301c:	df 93       	push	r29
    301e:	cf 93       	push	r28
    3020:	cd b7       	in	r28, 0x3d	; 61
    3022:	de b7       	in	r29, 0x3e	; 62
	HLCD_vSendCMD(0x01);
    3024:	81 e0       	ldi	r24, 0x01	; 1
    3026:	0e 94 c9 14 	call	0x2992	; 0x2992 <HLCD_vSendCMD>
}
    302a:	cf 91       	pop	r28
    302c:	df 91       	pop	r29
    302e:	08 95       	ret

00003030 <HBLUETOOTH_vINIT>:
#include "../../MCAL/USART/USART_int.h"

#include "BLUETOOTH_int.h"

void HBLUETOOTH_vINIT(void)
{
    3030:	df 93       	push	r29
    3032:	cf 93       	push	r28
    3034:	cd b7       	in	r28, 0x3d	; 61
    3036:	de b7       	in	r29, 0x3e	; 62
    MUSART_vINIT();
    3038:	0e 94 4f 06 	call	0xc9e	; 0xc9e <MUSART_vINIT>
}
    303c:	cf 91       	pop	r28
    303e:	df 91       	pop	r29
    3040:	08 95       	ret

00003042 <HBLUETOOTH_vSendChar>:

void HBLUETOOTH_vSendChar(u8 A_u8Data)
{
    3042:	df 93       	push	r29
    3044:	cf 93       	push	r28
    3046:	0f 92       	push	r0
    3048:	cd b7       	in	r28, 0x3d	; 61
    304a:	de b7       	in	r29, 0x3e	; 62
    304c:	89 83       	std	Y+1, r24	; 0x01
    MUSART_vTransmit(A_u8Data);
    304e:	89 81       	ldd	r24, Y+1	; 0x01
    3050:	0e 94 65 06 	call	0xcca	; 0xcca <MUSART_vTransmit>
}
    3054:	0f 90       	pop	r0
    3056:	cf 91       	pop	r28
    3058:	df 91       	pop	r29
    305a:	08 95       	ret

0000305c <HBLUETOOTH_vSendString>:

void HBLUETOOTH_vSendString(const u8 A_u8String[])
{
    305c:	df 93       	push	r29
    305e:	cf 93       	push	r28
    3060:	00 d0       	rcall	.+0      	; 0x3062 <HBLUETOOTH_vSendString+0x6>
    3062:	0f 92       	push	r0
    3064:	cd b7       	in	r28, 0x3d	; 61
    3066:	de b7       	in	r29, 0x3e	; 62
    3068:	9b 83       	std	Y+3, r25	; 0x03
    306a:	8a 83       	std	Y+2, r24	; 0x02
    u8 L_u8Index = 0;
    306c:	19 82       	std	Y+1, r1	; 0x01
    306e:	0e c0       	rjmp	.+28     	; 0x308c <HBLUETOOTH_vSendString+0x30>

    while(A_u8String[L_u8Index] != '\0')
    {
        HBLUETOOTH_vSendChar(A_u8String[L_u8Index]);
    3070:	89 81       	ldd	r24, Y+1	; 0x01
    3072:	28 2f       	mov	r18, r24
    3074:	30 e0       	ldi	r19, 0x00	; 0
    3076:	8a 81       	ldd	r24, Y+2	; 0x02
    3078:	9b 81       	ldd	r25, Y+3	; 0x03
    307a:	fc 01       	movw	r30, r24
    307c:	e2 0f       	add	r30, r18
    307e:	f3 1f       	adc	r31, r19
    3080:	80 81       	ld	r24, Z
    3082:	0e 94 21 18 	call	0x3042	; 0x3042 <HBLUETOOTH_vSendChar>

        L_u8Index++;
    3086:	89 81       	ldd	r24, Y+1	; 0x01
    3088:	8f 5f       	subi	r24, 0xFF	; 255
    308a:	89 83       	std	Y+1, r24	; 0x01

void HBLUETOOTH_vSendString(const u8 A_u8String[])
{
    u8 L_u8Index = 0;

    while(A_u8String[L_u8Index] != '\0')
    308c:	89 81       	ldd	r24, Y+1	; 0x01
    308e:	28 2f       	mov	r18, r24
    3090:	30 e0       	ldi	r19, 0x00	; 0
    3092:	8a 81       	ldd	r24, Y+2	; 0x02
    3094:	9b 81       	ldd	r25, Y+3	; 0x03
    3096:	fc 01       	movw	r30, r24
    3098:	e2 0f       	add	r30, r18
    309a:	f3 1f       	adc	r31, r19
    309c:	80 81       	ld	r24, Z
    309e:	88 23       	and	r24, r24
    30a0:	39 f7       	brne	.-50     	; 0x3070 <HBLUETOOTH_vSendString+0x14>
    {
        HBLUETOOTH_vSendChar(A_u8String[L_u8Index]);

        L_u8Index++;
    }
}
    30a2:	0f 90       	pop	r0
    30a4:	0f 90       	pop	r0
    30a6:	0f 90       	pop	r0
    30a8:	cf 91       	pop	r28
    30aa:	df 91       	pop	r29
    30ac:	08 95       	ret

000030ae <HBLUETOOTH_u8ReceiveChar>:

u8 HBLUETOOTH_u8ReceiveChar(void)
{
    30ae:	df 93       	push	r29
    30b0:	cf 93       	push	r28
    30b2:	cd b7       	in	r28, 0x3d	; 61
    30b4:	de b7       	in	r29, 0x3e	; 62
    return MUSART_u8Receive();
    30b6:	0e 94 8c 06 	call	0xd18	; 0xd18 <MUSART_u8Receive>
}
    30ba:	cf 91       	pop	r28
    30bc:	df 91       	pop	r29
    30be:	08 95       	ret

000030c0 <HBLUETOOTH_u8DataAvailable>:

u8 HBLUETOOTH_u8DataAvailable(void)
{
    30c0:	df 93       	push	r29
    30c2:	cf 93       	push	r28
    30c4:	cd b7       	in	r28, 0x3d	; 61
    30c6:	de b7       	in	r29, 0x3e	; 62
    return MUSART_u8ReceiveStatus();
    30c8:	0e 94 7f 06 	call	0xcfe	; 0xcfe <MUSART_u8ReceiveStatus>
}
    30cc:	cf 91       	pop	r28
    30ce:	df 91       	pop	r29
    30d0:	08 95       	ret

000030d2 <Robot_vForward>:
/* ========================================================= */
/*                    MOTOR FUNCTIONS                        */
/* ========================================================= */

static void Robot_vForward(void)
{
    30d2:	df 93       	push	r29
    30d4:	cf 93       	push	r28
    30d6:	cd b7       	in	r28, 0x3d	; 61
    30d8:	de b7       	in	r29, 0x3e	; 62
    HMOTOR_vSetDirection(
    30da:	80 e0       	ldi	r24, 0x00	; 0
    30dc:	61 e0       	ldi	r22, 0x01	; 1
    30de:	0e 94 3c 12 	call	0x2478	; 0x2478 <HMOTOR_vSetDirection>
        MOTOR_1,
        MOTOR_FORWARD
    );

    HMOTOR_vSetDirection(
    30e2:	81 e0       	ldi	r24, 0x01	; 1
    30e4:	61 e0       	ldi	r22, 0x01	; 1
    30e6:	0e 94 3c 12 	call	0x2478	; 0x2478 <HMOTOR_vSetDirection>
        MOTOR_2,
        MOTOR_FORWARD
    );

    HMOTOR_vSetSpeed(
    30ea:	80 e0       	ldi	r24, 0x00	; 0
    30ec:	67 e3       	ldi	r22, 0x37	; 55
    30ee:	0e 94 fc 11 	call	0x23f8	; 0x23f8 <HMOTOR_vSetSpeed>
        MOTOR_1,
        FORWARD_LEFT_SPEED
    );

    HMOTOR_vSetSpeed(
    30f2:	81 e0       	ldi	r24, 0x01	; 1
    30f4:	62 e3       	ldi	r22, 0x32	; 50
    30f6:	0e 94 fc 11 	call	0x23f8	; 0x23f8 <HMOTOR_vSetSpeed>
        MOTOR_2,
        FORWARD_RIGHT_SPEED
    );
}
    30fa:	cf 91       	pop	r28
    30fc:	df 91       	pop	r29
    30fe:	08 95       	ret

00003100 <Robot_vBackward>:


static void Robot_vBackward(void)
{
    3100:	df 93       	push	r29
    3102:	cf 93       	push	r28
    3104:	cd b7       	in	r28, 0x3d	; 61
    3106:	de b7       	in	r29, 0x3e	; 62
    HMOTOR_vSetDirection(
    3108:	80 e0       	ldi	r24, 0x00	; 0
    310a:	62 e0       	ldi	r22, 0x02	; 2
    310c:	0e 94 3c 12 	call	0x2478	; 0x2478 <HMOTOR_vSetDirection>
        MOTOR_1,
        MOTOR_BACKWARD
    );

    HMOTOR_vSetDirection(
    3110:	81 e0       	ldi	r24, 0x01	; 1
    3112:	62 e0       	ldi	r22, 0x02	; 2
    3114:	0e 94 3c 12 	call	0x2478	; 0x2478 <HMOTOR_vSetDirection>
        MOTOR_2,
        MOTOR_BACKWARD
    );

    HMOTOR_vSetSpeed(
    3118:	80 e0       	ldi	r24, 0x00	; 0
    311a:	62 e3       	ldi	r22, 0x32	; 50
    311c:	0e 94 fc 11 	call	0x23f8	; 0x23f8 <HMOTOR_vSetSpeed>
        MOTOR_1,
        BACKWARD_LEFT_SPEED
    );

    HMOTOR_vSetSpeed(
    3120:	81 e0       	ldi	r24, 0x01	; 1
    3122:	62 e3       	ldi	r22, 0x32	; 50
    3124:	0e 94 fc 11 	call	0x23f8	; 0x23f8 <HMOTOR_vSetSpeed>
        MOTOR_2,
        BACKWARD_RIGHT_SPEED
    );
}
    3128:	cf 91       	pop	r28
    312a:	df 91       	pop	r29
    312c:	08 95       	ret

0000312e <Robot_vTurnLeft>:


static void Robot_vTurnLeft(void)
{
    312e:	df 93       	push	r29
    3130:	cf 93       	push	r28
    3132:	cd b7       	in	r28, 0x3d	; 61
    3134:	de b7       	in	r29, 0x3e	; 62
    HMOTOR_vSetDirection(
    3136:	80 e0       	ldi	r24, 0x00	; 0
    3138:	62 e0       	ldi	r22, 0x02	; 2
    313a:	0e 94 3c 12 	call	0x2478	; 0x2478 <HMOTOR_vSetDirection>
        MOTOR_1,
        MOTOR_BACKWARD
    );

    HMOTOR_vSetDirection(
    313e:	81 e0       	ldi	r24, 0x01	; 1
    3140:	61 e0       	ldi	r22, 0x01	; 1
    3142:	0e 94 3c 12 	call	0x2478	; 0x2478 <HMOTOR_vSetDirection>
        MOTOR_2,
        MOTOR_FORWARD
    );

    HMOTOR_vSetSpeed(
    3146:	80 e0       	ldi	r24, 0x00	; 0
    3148:	6d e2       	ldi	r22, 0x2D	; 45
    314a:	0e 94 fc 11 	call	0x23f8	; 0x23f8 <HMOTOR_vSetSpeed>
        MOTOR_1,
        TURN_SPEED
    );

    HMOTOR_vSetSpeed(
    314e:	81 e0       	ldi	r24, 0x01	; 1
    3150:	6d e2       	ldi	r22, 0x2D	; 45
    3152:	0e 94 fc 11 	call	0x23f8	; 0x23f8 <HMOTOR_vSetSpeed>
        MOTOR_2,
        TURN_SPEED
    );
}
    3156:	cf 91       	pop	r28
    3158:	df 91       	pop	r29
    315a:	08 95       	ret

0000315c <Robot_vTurnRight>:


static void Robot_vTurnRight(void)
{
    315c:	df 93       	push	r29
    315e:	cf 93       	push	r28
    3160:	cd b7       	in	r28, 0x3d	; 61
    3162:	de b7       	in	r29, 0x3e	; 62
    HMOTOR_vSetDirection(
    3164:	80 e0       	ldi	r24, 0x00	; 0
    3166:	61 e0       	ldi	r22, 0x01	; 1
    3168:	0e 94 3c 12 	call	0x2478	; 0x2478 <HMOTOR_vSetDirection>
        MOTOR_1,
        MOTOR_FORWARD
    );

    HMOTOR_vSetDirection(
    316c:	81 e0       	ldi	r24, 0x01	; 1
    316e:	62 e0       	ldi	r22, 0x02	; 2
    3170:	0e 94 3c 12 	call	0x2478	; 0x2478 <HMOTOR_vSetDirection>
        MOTOR_2,
        MOTOR_BACKWARD
    );

    HMOTOR_vSetSpeed(
    3174:	80 e0       	ldi	r24, 0x00	; 0
    3176:	6d e2       	ldi	r22, 0x2D	; 45
    3178:	0e 94 fc 11 	call	0x23f8	; 0x23f8 <HMOTOR_vSetSpeed>
        MOTOR_1,
        TURN_SPEED
    );

    HMOTOR_vSetSpeed(
    317c:	81 e0       	ldi	r24, 0x01	; 1
    317e:	6d e2       	ldi	r22, 0x2D	; 45
    3180:	0e 94 fc 11 	call	0x23f8	; 0x23f8 <HMOTOR_vSetSpeed>
        MOTOR_2,
        TURN_SPEED
    );
}
    3184:	cf 91       	pop	r28
    3186:	df 91       	pop	r29
    3188:	08 95       	ret

0000318a <Robot_vStop>:


static void Robot_vStop(void)
{
    318a:	df 93       	push	r29
    318c:	cf 93       	push	r28
    318e:	cd b7       	in	r28, 0x3d	; 61
    3190:	de b7       	in	r29, 0x3e	; 62
    HMOTOR_vStop(MOTOR_1);
    3192:	80 e0       	ldi	r24, 0x00	; 0
    3194:	0e 94 bd 12 	call	0x257a	; 0x257a <HMOTOR_vStop>
    HMOTOR_vStop(MOTOR_2);
    3198:	81 e0       	ldi	r24, 0x01	; 1
    319a:	0e 94 bd 12 	call	0x257a	; 0x257a <HMOTOR_vStop>
}
    319e:	cf 91       	pop	r28
    31a0:	df 91       	pop	r29
    31a2:	08 95       	ret

000031a4 <Robot_vAutonomousControl>:
    u8 A_u8LeftIR,
    u8 A_u8RightIR,
    u8 A_u8LeftLine,
    u8 A_u8RightLine
)
{
    31a4:	0f 93       	push	r16
    31a6:	1f 93       	push	r17
    31a8:	df 93       	push	r29
    31aa:	cf 93       	push	r28
    31ac:	cd b7       	in	r28, 0x3d	; 61
    31ae:	de b7       	in	r29, 0x3e	; 62
    31b0:	ca 54       	subi	r28, 0x4A	; 74
    31b2:	d0 40       	sbci	r29, 0x00	; 0
    31b4:	0f b6       	in	r0, 0x3f	; 63
    31b6:	f8 94       	cli
    31b8:	de bf       	out	0x3e, r29	; 62
    31ba:	0f be       	out	0x3f, r0	; 63
    31bc:	cd bf       	out	0x3d, r28	; 61
    31be:	fe 01       	movw	r30, r28
    31c0:	e9 5b       	subi	r30, 0xB9	; 185
    31c2:	ff 4f       	sbci	r31, 0xFF	; 255
    31c4:	80 83       	st	Z, r24
    31c6:	fe 01       	movw	r30, r28
    31c8:	e8 5b       	subi	r30, 0xB8	; 184
    31ca:	ff 4f       	sbci	r31, 0xFF	; 255
    31cc:	60 83       	st	Z, r22
    31ce:	fe 01       	movw	r30, r28
    31d0:	e7 5b       	subi	r30, 0xB7	; 183
    31d2:	ff 4f       	sbci	r31, 0xFF	; 255
    31d4:	40 83       	st	Z, r20
    31d6:	fe 01       	movw	r30, r28
    31d8:	e6 5b       	subi	r30, 0xB6	; 182
    31da:	ff 4f       	sbci	r31, 0xFF	; 255
    31dc:	20 83       	st	Z, r18
     */


    /* Both obstacle sensors detect obstacle */

    if ((A_u8LeftIR == DIO_LOW) &&
    31de:	fe 01       	movw	r30, r28
    31e0:	e9 5b       	subi	r30, 0xB9	; 185
    31e2:	ff 4f       	sbci	r31, 0xFF	; 255
    31e4:	80 81       	ld	r24, Z
    31e6:	88 23       	and	r24, r24
    31e8:	09 f0       	breq	.+2      	; 0x31ec <Robot_vAutonomousControl+0x48>
    31ea:	79 c1       	rjmp	.+754    	; 0x34de <Robot_vAutonomousControl+0x33a>
    31ec:	fe 01       	movw	r30, r28
    31ee:	e8 5b       	subi	r30, 0xB8	; 184
    31f0:	ff 4f       	sbci	r31, 0xFF	; 255
    31f2:	80 81       	ld	r24, Z
    31f4:	88 23       	and	r24, r24
    31f6:	09 f0       	breq	.+2      	; 0x31fa <Robot_vAutonomousControl+0x56>
    31f8:	72 c1       	rjmp	.+740    	; 0x34de <Robot_vAutonomousControl+0x33a>
         * Obstacle directly in front.
         *
         * Stop first, then turn.
         */

        Robot_vStop();
    31fa:	0e 94 c5 18 	call	0x318a	; 0x318a <Robot_vStop>
    31fe:	fe 01       	movw	r30, r28
    3200:	ed 5b       	subi	r30, 0xBD	; 189
    3202:	ff 4f       	sbci	r31, 0xFF	; 255
    3204:	80 e0       	ldi	r24, 0x00	; 0
    3206:	90 e0       	ldi	r25, 0x00	; 0
    3208:	a8 ec       	ldi	r26, 0xC8	; 200
    320a:	b2 e4       	ldi	r27, 0x42	; 66
    320c:	80 83       	st	Z, r24
    320e:	91 83       	std	Z+1, r25	; 0x01
    3210:	a2 83       	std	Z+2, r26	; 0x02
    3212:	b3 83       	std	Z+3, r27	; 0x03
 */
void
_delay_ms(double __ms)
{
	uint16_t __ticks;
	double __tmp = ((F_CPU) / 4e3) * __ms;
    3214:	8e 01       	movw	r16, r28
    3216:	01 5c       	subi	r16, 0xC1	; 193
    3218:	1f 4f       	sbci	r17, 0xFF	; 255
    321a:	fe 01       	movw	r30, r28
    321c:	ed 5b       	subi	r30, 0xBD	; 189
    321e:	ff 4f       	sbci	r31, 0xFF	; 255
    3220:	60 81       	ld	r22, Z
    3222:	71 81       	ldd	r23, Z+1	; 0x01
    3224:	82 81       	ldd	r24, Z+2	; 0x02
    3226:	93 81       	ldd	r25, Z+3	; 0x03
    3228:	20 e0       	ldi	r18, 0x00	; 0
    322a:	30 e0       	ldi	r19, 0x00	; 0
    322c:	4a ef       	ldi	r20, 0xFA	; 250
    322e:	54 e4       	ldi	r21, 0x44	; 68
    3230:	0e 94 1f 02 	call	0x43e	; 0x43e <__mulsf3>
    3234:	dc 01       	movw	r26, r24
    3236:	cb 01       	movw	r24, r22
    3238:	f8 01       	movw	r30, r16
    323a:	80 83       	st	Z, r24
    323c:	91 83       	std	Z+1, r25	; 0x01
    323e:	a2 83       	std	Z+2, r26	; 0x02
    3240:	b3 83       	std	Z+3, r27	; 0x03
	if (__tmp < 1.0)
    3242:	fe 01       	movw	r30, r28
    3244:	ff 96       	adiw	r30, 0x3f	; 63
    3246:	60 81       	ld	r22, Z
    3248:	71 81       	ldd	r23, Z+1	; 0x01
    324a:	82 81       	ldd	r24, Z+2	; 0x02
    324c:	93 81       	ldd	r25, Z+3	; 0x03
    324e:	20 e0       	ldi	r18, 0x00	; 0
    3250:	30 e0       	ldi	r19, 0x00	; 0
    3252:	40 e8       	ldi	r20, 0x80	; 128
    3254:	5f e3       	ldi	r21, 0x3F	; 63
    3256:	0e 94 25 04 	call	0x84a	; 0x84a <__ltsf2>
    325a:	88 23       	and	r24, r24
    325c:	2c f4       	brge	.+10     	; 0x3268 <Robot_vAutonomousControl+0xc4>
		__ticks = 1;
    325e:	81 e0       	ldi	r24, 0x01	; 1
    3260:	90 e0       	ldi	r25, 0x00	; 0
    3262:	9e af       	std	Y+62, r25	; 0x3e
    3264:	8d af       	std	Y+61, r24	; 0x3d
    3266:	46 c0       	rjmp	.+140    	; 0x32f4 <Robot_vAutonomousControl+0x150>
	else if (__tmp > 65535)
    3268:	fe 01       	movw	r30, r28
    326a:	ff 96       	adiw	r30, 0x3f	; 63
    326c:	60 81       	ld	r22, Z
    326e:	71 81       	ldd	r23, Z+1	; 0x01
    3270:	82 81       	ldd	r24, Z+2	; 0x02
    3272:	93 81       	ldd	r25, Z+3	; 0x03
    3274:	20 e0       	ldi	r18, 0x00	; 0
    3276:	3f ef       	ldi	r19, 0xFF	; 255
    3278:	4f e7       	ldi	r20, 0x7F	; 127
    327a:	57 e4       	ldi	r21, 0x47	; 71
    327c:	0e 94 c5 03 	call	0x78a	; 0x78a <__gtsf2>
    3280:	18 16       	cp	r1, r24
    3282:	64 f5       	brge	.+88     	; 0x32dc <Robot_vAutonomousControl+0x138>
	{
		//	__ticks = requested delay in 1/10 ms
		__ticks = (uint16_t) (__ms * 10.0);
    3284:	fe 01       	movw	r30, r28
    3286:	ed 5b       	subi	r30, 0xBD	; 189
    3288:	ff 4f       	sbci	r31, 0xFF	; 255
    328a:	60 81       	ld	r22, Z
    328c:	71 81       	ldd	r23, Z+1	; 0x01
    328e:	82 81       	ldd	r24, Z+2	; 0x02
    3290:	93 81       	ldd	r25, Z+3	; 0x03
    3292:	20 e0       	ldi	r18, 0x00	; 0
    3294:	30 e0       	ldi	r19, 0x00	; 0
    3296:	40 e2       	ldi	r20, 0x20	; 32
    3298:	51 e4       	ldi	r21, 0x41	; 65
    329a:	0e 94 1f 02 	call	0x43e	; 0x43e <__mulsf3>
    329e:	dc 01       	movw	r26, r24
    32a0:	cb 01       	movw	r24, r22
    32a2:	bc 01       	movw	r22, r24
    32a4:	cd 01       	movw	r24, r26
    32a6:	0e 94 49 00 	call	0x92	; 0x92 <__fixunssfsi>
    32aa:	dc 01       	movw	r26, r24
    32ac:	cb 01       	movw	r24, r22
    32ae:	9e af       	std	Y+62, r25	; 0x3e
    32b0:	8d af       	std	Y+61, r24	; 0x3d
    32b2:	0f c0       	rjmp	.+30     	; 0x32d2 <Robot_vAutonomousControl+0x12e>
    32b4:	88 ec       	ldi	r24, 0xC8	; 200
    32b6:	90 e0       	ldi	r25, 0x00	; 0
    32b8:	9c af       	std	Y+60, r25	; 0x3c
    32ba:	8b af       	std	Y+59, r24	; 0x3b
    32bc:	8b ad       	ldd	r24, Y+59	; 0x3b
    32be:	9c ad       	ldd	r25, Y+60	; 0x3c
    32c0:	01 97       	sbiw	r24, 0x01	; 1
    32c2:	f1 f7       	brne	.-4      	; 0x32c0 <Robot_vAutonomousControl+0x11c>
    32c4:	9c af       	std	Y+60, r25	; 0x3c
    32c6:	8b af       	std	Y+59, r24	; 0x3b
		while(__ticks)
		{
			// wait 1/10 ms
			_delay_loop_2(((F_CPU) / 4e3) / 10);
			__ticks --;
    32c8:	8d ad       	ldd	r24, Y+61	; 0x3d
    32ca:	9e ad       	ldd	r25, Y+62	; 0x3e
    32cc:	01 97       	sbiw	r24, 0x01	; 1
    32ce:	9e af       	std	Y+62, r25	; 0x3e
    32d0:	8d af       	std	Y+61, r24	; 0x3d
		__ticks = 1;
	else if (__tmp > 65535)
	{
		//	__ticks = requested delay in 1/10 ms
		__ticks = (uint16_t) (__ms * 10.0);
		while(__ticks)
    32d2:	8d ad       	ldd	r24, Y+61	; 0x3d
    32d4:	9e ad       	ldd	r25, Y+62	; 0x3e
    32d6:	00 97       	sbiw	r24, 0x00	; 0
    32d8:	69 f7       	brne	.-38     	; 0x32b4 <Robot_vAutonomousControl+0x110>
    32da:	16 c0       	rjmp	.+44     	; 0x3308 <Robot_vAutonomousControl+0x164>
			__ticks --;
		}
		return;
	}
	else
		__ticks = (uint16_t)__tmp;
    32dc:	fe 01       	movw	r30, r28
    32de:	ff 96       	adiw	r30, 0x3f	; 63
    32e0:	60 81       	ld	r22, Z
    32e2:	71 81       	ldd	r23, Z+1	; 0x01
    32e4:	82 81       	ldd	r24, Z+2	; 0x02
    32e6:	93 81       	ldd	r25, Z+3	; 0x03
    32e8:	0e 94 49 00 	call	0x92	; 0x92 <__fixunssfsi>
    32ec:	dc 01       	movw	r26, r24
    32ee:	cb 01       	movw	r24, r22
    32f0:	9e af       	std	Y+62, r25	; 0x3e
    32f2:	8d af       	std	Y+61, r24	; 0x3d
    32f4:	8d ad       	ldd	r24, Y+61	; 0x3d
    32f6:	9e ad       	ldd	r25, Y+62	; 0x3e
    32f8:	9a af       	std	Y+58, r25	; 0x3a
    32fa:	89 af       	std	Y+57, r24	; 0x39
    32fc:	89 ad       	ldd	r24, Y+57	; 0x39
    32fe:	9a ad       	ldd	r25, Y+58	; 0x3a
    3300:	01 97       	sbiw	r24, 0x01	; 1
    3302:	f1 f7       	brne	.-4      	; 0x3300 <Robot_vAutonomousControl+0x15c>
    3304:	9a af       	std	Y+58, r25	; 0x3a
    3306:	89 af       	std	Y+57, r24	; 0x39

        _delay_ms(100);

        Robot_vBackward();
    3308:	0e 94 80 18 	call	0x3100	; 0x3100 <Robot_vBackward>
    330c:	80 e0       	ldi	r24, 0x00	; 0
    330e:	90 e0       	ldi	r25, 0x00	; 0
    3310:	a8 e4       	ldi	r26, 0x48	; 72
    3312:	b3 e4       	ldi	r27, 0x43	; 67
    3314:	8d ab       	std	Y+53, r24	; 0x35
    3316:	9e ab       	std	Y+54, r25	; 0x36
    3318:	af ab       	std	Y+55, r26	; 0x37
    331a:	b8 af       	std	Y+56, r27	; 0x38
 */
void
_delay_ms(double __ms)
{
	uint16_t __ticks;
	double __tmp = ((F_CPU) / 4e3) * __ms;
    331c:	6d a9       	ldd	r22, Y+53	; 0x35
    331e:	7e a9       	ldd	r23, Y+54	; 0x36
    3320:	8f a9       	ldd	r24, Y+55	; 0x37
    3322:	98 ad       	ldd	r25, Y+56	; 0x38
    3324:	20 e0       	ldi	r18, 0x00	; 0
    3326:	30 e0       	ldi	r19, 0x00	; 0
    3328:	4a ef       	ldi	r20, 0xFA	; 250
    332a:	54 e4       	ldi	r21, 0x44	; 68
    332c:	0e 94 1f 02 	call	0x43e	; 0x43e <__mulsf3>
    3330:	dc 01       	movw	r26, r24
    3332:	cb 01       	movw	r24, r22
    3334:	89 ab       	std	Y+49, r24	; 0x31
    3336:	9a ab       	std	Y+50, r25	; 0x32
    3338:	ab ab       	std	Y+51, r26	; 0x33
    333a:	bc ab       	std	Y+52, r27	; 0x34
	if (__tmp < 1.0)
    333c:	69 a9       	ldd	r22, Y+49	; 0x31
    333e:	7a a9       	ldd	r23, Y+50	; 0x32
    3340:	8b a9       	ldd	r24, Y+51	; 0x33
    3342:	9c a9       	ldd	r25, Y+52	; 0x34
    3344:	20 e0       	ldi	r18, 0x00	; 0
    3346:	30 e0       	ldi	r19, 0x00	; 0
    3348:	40 e8       	ldi	r20, 0x80	; 128
    334a:	5f e3       	ldi	r21, 0x3F	; 63
    334c:	0e 94 25 04 	call	0x84a	; 0x84a <__ltsf2>
    3350:	88 23       	and	r24, r24
    3352:	2c f4       	brge	.+10     	; 0x335e <Robot_vAutonomousControl+0x1ba>
		__ticks = 1;
    3354:	81 e0       	ldi	r24, 0x01	; 1
    3356:	90 e0       	ldi	r25, 0x00	; 0
    3358:	98 ab       	std	Y+48, r25	; 0x30
    335a:	8f a7       	std	Y+47, r24	; 0x2f
    335c:	3f c0       	rjmp	.+126    	; 0x33dc <Robot_vAutonomousControl+0x238>
	else if (__tmp > 65535)
    335e:	69 a9       	ldd	r22, Y+49	; 0x31
    3360:	7a a9       	ldd	r23, Y+50	; 0x32
    3362:	8b a9       	ldd	r24, Y+51	; 0x33
    3364:	9c a9       	ldd	r25, Y+52	; 0x34
    3366:	20 e0       	ldi	r18, 0x00	; 0
    3368:	3f ef       	ldi	r19, 0xFF	; 255
    336a:	4f e7       	ldi	r20, 0x7F	; 127
    336c:	57 e4       	ldi	r21, 0x47	; 71
    336e:	0e 94 c5 03 	call	0x78a	; 0x78a <__gtsf2>
    3372:	18 16       	cp	r1, r24
    3374:	4c f5       	brge	.+82     	; 0x33c8 <Robot_vAutonomousControl+0x224>
	{
		//	__ticks = requested delay in 1/10 ms
		__ticks = (uint16_t) (__ms * 10.0);
    3376:	6d a9       	ldd	r22, Y+53	; 0x35
    3378:	7e a9       	ldd	r23, Y+54	; 0x36
    337a:	8f a9       	ldd	r24, Y+55	; 0x37
    337c:	98 ad       	ldd	r25, Y+56	; 0x38
    337e:	20 e0       	ldi	r18, 0x00	; 0
    3380:	30 e0       	ldi	r19, 0x00	; 0
    3382:	40 e2       	ldi	r20, 0x20	; 32
    3384:	51 e4       	ldi	r21, 0x41	; 65
    3386:	0e 94 1f 02 	call	0x43e	; 0x43e <__mulsf3>
    338a:	dc 01       	movw	r26, r24
    338c:	cb 01       	movw	r24, r22
    338e:	bc 01       	movw	r22, r24
    3390:	cd 01       	movw	r24, r26
    3392:	0e 94 49 00 	call	0x92	; 0x92 <__fixunssfsi>
    3396:	dc 01       	movw	r26, r24
    3398:	cb 01       	movw	r24, r22
    339a:	98 ab       	std	Y+48, r25	; 0x30
    339c:	8f a7       	std	Y+47, r24	; 0x2f
    339e:	0f c0       	rjmp	.+30     	; 0x33be <Robot_vAutonomousControl+0x21a>
    33a0:	88 ec       	ldi	r24, 0xC8	; 200
    33a2:	90 e0       	ldi	r25, 0x00	; 0
    33a4:	9e a7       	std	Y+46, r25	; 0x2e
    33a6:	8d a7       	std	Y+45, r24	; 0x2d
    33a8:	8d a5       	ldd	r24, Y+45	; 0x2d
    33aa:	9e a5       	ldd	r25, Y+46	; 0x2e
    33ac:	01 97       	sbiw	r24, 0x01	; 1
    33ae:	f1 f7       	brne	.-4      	; 0x33ac <Robot_vAutonomousControl+0x208>
    33b0:	9e a7       	std	Y+46, r25	; 0x2e
    33b2:	8d a7       	std	Y+45, r24	; 0x2d
		while(__ticks)
		{
			// wait 1/10 ms
			_delay_loop_2(((F_CPU) / 4e3) / 10);
			__ticks --;
    33b4:	8f a5       	ldd	r24, Y+47	; 0x2f
    33b6:	98 a9       	ldd	r25, Y+48	; 0x30
    33b8:	01 97       	sbiw	r24, 0x01	; 1
    33ba:	98 ab       	std	Y+48, r25	; 0x30
    33bc:	8f a7       	std	Y+47, r24	; 0x2f
		__ticks = 1;
	else if (__tmp > 65535)
	{
		//	__ticks = requested delay in 1/10 ms
		__ticks = (uint16_t) (__ms * 10.0);
		while(__ticks)
    33be:	8f a5       	ldd	r24, Y+47	; 0x2f
    33c0:	98 a9       	ldd	r25, Y+48	; 0x30
    33c2:	00 97       	sbiw	r24, 0x00	; 0
    33c4:	69 f7       	brne	.-38     	; 0x33a0 <Robot_vAutonomousControl+0x1fc>
    33c6:	14 c0       	rjmp	.+40     	; 0x33f0 <Robot_vAutonomousControl+0x24c>
			__ticks --;
		}
		return;
	}
	else
		__ticks = (uint16_t)__tmp;
    33c8:	69 a9       	ldd	r22, Y+49	; 0x31
    33ca:	7a a9       	ldd	r23, Y+50	; 0x32
    33cc:	8b a9       	ldd	r24, Y+51	; 0x33
    33ce:	9c a9       	ldd	r25, Y+52	; 0x34
    33d0:	0e 94 49 00 	call	0x92	; 0x92 <__fixunssfsi>
    33d4:	dc 01       	movw	r26, r24
    33d6:	cb 01       	movw	r24, r22
    33d8:	98 ab       	std	Y+48, r25	; 0x30
    33da:	8f a7       	std	Y+47, r24	; 0x2f
    33dc:	8f a5       	ldd	r24, Y+47	; 0x2f
    33de:	98 a9       	ldd	r25, Y+48	; 0x30
    33e0:	9c a7       	std	Y+44, r25	; 0x2c
    33e2:	8b a7       	std	Y+43, r24	; 0x2b
    33e4:	8b a5       	ldd	r24, Y+43	; 0x2b
    33e6:	9c a5       	ldd	r25, Y+44	; 0x2c
    33e8:	01 97       	sbiw	r24, 0x01	; 1
    33ea:	f1 f7       	brne	.-4      	; 0x33e8 <Robot_vAutonomousControl+0x244>
    33ec:	9c a7       	std	Y+44, r25	; 0x2c
    33ee:	8b a7       	std	Y+43, r24	; 0x2b

        _delay_ms(200);

        Robot_vTurnRight();
    33f0:	0e 94 ae 18 	call	0x315c	; 0x315c <Robot_vTurnRight>
    33f4:	80 e0       	ldi	r24, 0x00	; 0
    33f6:	90 e0       	ldi	r25, 0x00	; 0
    33f8:	a8 ec       	ldi	r26, 0xC8	; 200
    33fa:	b3 e4       	ldi	r27, 0x43	; 67
    33fc:	8f a3       	std	Y+39, r24	; 0x27
    33fe:	98 a7       	std	Y+40, r25	; 0x28
    3400:	a9 a7       	std	Y+41, r26	; 0x29
    3402:	ba a7       	std	Y+42, r27	; 0x2a
 */
void
_delay_ms(double __ms)
{
	uint16_t __ticks;
	double __tmp = ((F_CPU) / 4e3) * __ms;
    3404:	6f a1       	ldd	r22, Y+39	; 0x27
    3406:	78 a5       	ldd	r23, Y+40	; 0x28
    3408:	89 a5       	ldd	r24, Y+41	; 0x29
    340a:	9a a5       	ldd	r25, Y+42	; 0x2a
    340c:	20 e0       	ldi	r18, 0x00	; 0
    340e:	30 e0       	ldi	r19, 0x00	; 0
    3410:	4a ef       	ldi	r20, 0xFA	; 250
    3412:	54 e4       	ldi	r21, 0x44	; 68
    3414:	0e 94 1f 02 	call	0x43e	; 0x43e <__mulsf3>
    3418:	dc 01       	movw	r26, r24
    341a:	cb 01       	movw	r24, r22
    341c:	8b a3       	std	Y+35, r24	; 0x23
    341e:	9c a3       	std	Y+36, r25	; 0x24
    3420:	ad a3       	std	Y+37, r26	; 0x25
    3422:	be a3       	std	Y+38, r27	; 0x26
	if (__tmp < 1.0)
    3424:	6b a1       	ldd	r22, Y+35	; 0x23
    3426:	7c a1       	ldd	r23, Y+36	; 0x24
    3428:	8d a1       	ldd	r24, Y+37	; 0x25
    342a:	9e a1       	ldd	r25, Y+38	; 0x26
    342c:	20 e0       	ldi	r18, 0x00	; 0
    342e:	30 e0       	ldi	r19, 0x00	; 0
    3430:	40 e8       	ldi	r20, 0x80	; 128
    3432:	5f e3       	ldi	r21, 0x3F	; 63
    3434:	0e 94 25 04 	call	0x84a	; 0x84a <__ltsf2>
    3438:	88 23       	and	r24, r24
    343a:	2c f4       	brge	.+10     	; 0x3446 <Robot_vAutonomousControl+0x2a2>
		__ticks = 1;
    343c:	81 e0       	ldi	r24, 0x01	; 1
    343e:	90 e0       	ldi	r25, 0x00	; 0
    3440:	9a a3       	std	Y+34, r25	; 0x22
    3442:	89 a3       	std	Y+33, r24	; 0x21
    3444:	3f c0       	rjmp	.+126    	; 0x34c4 <Robot_vAutonomousControl+0x320>
	else if (__tmp > 65535)
    3446:	6b a1       	ldd	r22, Y+35	; 0x23
    3448:	7c a1       	ldd	r23, Y+36	; 0x24
    344a:	8d a1       	ldd	r24, Y+37	; 0x25
    344c:	9e a1       	ldd	r25, Y+38	; 0x26
    344e:	20 e0       	ldi	r18, 0x00	; 0
    3450:	3f ef       	ldi	r19, 0xFF	; 255
    3452:	4f e7       	ldi	r20, 0x7F	; 127
    3454:	57 e4       	ldi	r21, 0x47	; 71
    3456:	0e 94 c5 03 	call	0x78a	; 0x78a <__gtsf2>
    345a:	18 16       	cp	r1, r24
    345c:	4c f5       	brge	.+82     	; 0x34b0 <Robot_vAutonomousControl+0x30c>
	{
		//	__ticks = requested delay in 1/10 ms
		__ticks = (uint16_t) (__ms * 10.0);
    345e:	6f a1       	ldd	r22, Y+39	; 0x27
    3460:	78 a5       	ldd	r23, Y+40	; 0x28
    3462:	89 a5       	ldd	r24, Y+41	; 0x29
    3464:	9a a5       	ldd	r25, Y+42	; 0x2a
    3466:	20 e0       	ldi	r18, 0x00	; 0
    3468:	30 e0       	ldi	r19, 0x00	; 0
    346a:	40 e2       	ldi	r20, 0x20	; 32
    346c:	51 e4       	ldi	r21, 0x41	; 65
    346e:	0e 94 1f 02 	call	0x43e	; 0x43e <__mulsf3>
    3472:	dc 01       	movw	r26, r24
    3474:	cb 01       	movw	r24, r22
    3476:	bc 01       	movw	r22, r24
    3478:	cd 01       	movw	r24, r26
    347a:	0e 94 49 00 	call	0x92	; 0x92 <__fixunssfsi>
    347e:	dc 01       	movw	r26, r24
    3480:	cb 01       	movw	r24, r22
    3482:	9a a3       	std	Y+34, r25	; 0x22
    3484:	89 a3       	std	Y+33, r24	; 0x21
    3486:	0f c0       	rjmp	.+30     	; 0x34a6 <Robot_vAutonomousControl+0x302>
    3488:	88 ec       	ldi	r24, 0xC8	; 200
    348a:	90 e0       	ldi	r25, 0x00	; 0
    348c:	98 a3       	std	Y+32, r25	; 0x20
    348e:	8f 8f       	std	Y+31, r24	; 0x1f
    3490:	8f 8d       	ldd	r24, Y+31	; 0x1f
    3492:	98 a1       	ldd	r25, Y+32	; 0x20
    3494:	01 97       	sbiw	r24, 0x01	; 1
    3496:	f1 f7       	brne	.-4      	; 0x3494 <Robot_vAutonomousControl+0x2f0>
    3498:	98 a3       	std	Y+32, r25	; 0x20
    349a:	8f 8f       	std	Y+31, r24	; 0x1f
		while(__ticks)
		{
			// wait 1/10 ms
			_delay_loop_2(((F_CPU) / 4e3) / 10);
			__ticks --;
    349c:	89 a1       	ldd	r24, Y+33	; 0x21
    349e:	9a a1       	ldd	r25, Y+34	; 0x22
    34a0:	01 97       	sbiw	r24, 0x01	; 1
    34a2:	9a a3       	std	Y+34, r25	; 0x22
    34a4:	89 a3       	std	Y+33, r24	; 0x21
		__ticks = 1;
	else if (__tmp > 65535)
	{
		//	__ticks = requested delay in 1/10 ms
		__ticks = (uint16_t) (__ms * 10.0);
		while(__ticks)
    34a6:	89 a1       	ldd	r24, Y+33	; 0x21
    34a8:	9a a1       	ldd	r25, Y+34	; 0x22
    34aa:	00 97       	sbiw	r24, 0x00	; 0
    34ac:	69 f7       	brne	.-38     	; 0x3488 <Robot_vAutonomousControl+0x2e4>
    34ae:	14 c0       	rjmp	.+40     	; 0x34d8 <Robot_vAutonomousControl+0x334>
			__ticks --;
		}
		return;
	}
	else
		__ticks = (uint16_t)__tmp;
    34b0:	6b a1       	ldd	r22, Y+35	; 0x23
    34b2:	7c a1       	ldd	r23, Y+36	; 0x24
    34b4:	8d a1       	ldd	r24, Y+37	; 0x25
    34b6:	9e a1       	ldd	r25, Y+38	; 0x26
    34b8:	0e 94 49 00 	call	0x92	; 0x92 <__fixunssfsi>
    34bc:	dc 01       	movw	r26, r24
    34be:	cb 01       	movw	r24, r22
    34c0:	9a a3       	std	Y+34, r25	; 0x22
    34c2:	89 a3       	std	Y+33, r24	; 0x21
    34c4:	89 a1       	ldd	r24, Y+33	; 0x21
    34c6:	9a a1       	ldd	r25, Y+34	; 0x22
    34c8:	9e 8f       	std	Y+30, r25	; 0x1e
    34ca:	8d 8f       	std	Y+29, r24	; 0x1d
    34cc:	8d 8d       	ldd	r24, Y+29	; 0x1d
    34ce:	9e 8d       	ldd	r25, Y+30	; 0x1e
    34d0:	01 97       	sbiw	r24, 0x01	; 1
    34d2:	f1 f7       	brne	.-4      	; 0x34d0 <Robot_vAutonomousControl+0x32c>
    34d4:	9e 8f       	std	Y+30, r25	; 0x1e
    34d6:	8d 8f       	std	Y+29, r24	; 0x1d

        _delay_ms(400);

        Robot_vStop();
    34d8:	0e 94 c5 18 	call	0x318a	; 0x318a <Robot_vStop>
    34dc:	27 c1       	rjmp	.+590    	; 0x372c <Robot_vAutonomousControl+0x588>
    }


    /* Left obstacle detected */

    else if (A_u8LeftIR == DIO_LOW)
    34de:	fe 01       	movw	r30, r28
    34e0:	e9 5b       	subi	r30, 0xB9	; 185
    34e2:	ff 4f       	sbci	r31, 0xFF	; 255
    34e4:	80 81       	ld	r24, Z
    34e6:	88 23       	and	r24, r24
    34e8:	09 f0       	breq	.+2      	; 0x34ec <Robot_vAutonomousControl+0x348>
    34ea:	75 c0       	rjmp	.+234    	; 0x35d6 <Robot_vAutonomousControl+0x432>
         * Obstacle on the left.
         *
         * Turn right.
         */

        Robot_vTurnRight();
    34ec:	0e 94 ae 18 	call	0x315c	; 0x315c <Robot_vTurnRight>
    34f0:	80 e0       	ldi	r24, 0x00	; 0
    34f2:	90 e0       	ldi	r25, 0x00	; 0
    34f4:	a6 e1       	ldi	r26, 0x16	; 22
    34f6:	b3 e4       	ldi	r27, 0x43	; 67
    34f8:	89 8f       	std	Y+25, r24	; 0x19
    34fa:	9a 8f       	std	Y+26, r25	; 0x1a
    34fc:	ab 8f       	std	Y+27, r26	; 0x1b
    34fe:	bc 8f       	std	Y+28, r27	; 0x1c
 */
void
_delay_ms(double __ms)
{
	uint16_t __ticks;
	double __tmp = ((F_CPU) / 4e3) * __ms;
    3500:	69 8d       	ldd	r22, Y+25	; 0x19
    3502:	7a 8d       	ldd	r23, Y+26	; 0x1a
    3504:	8b 8d       	ldd	r24, Y+27	; 0x1b
    3506:	9c 8d       	ldd	r25, Y+28	; 0x1c
    3508:	20 e0       	ldi	r18, 0x00	; 0
    350a:	30 e0       	ldi	r19, 0x00	; 0
    350c:	4a ef       	ldi	r20, 0xFA	; 250
    350e:	54 e4       	ldi	r21, 0x44	; 68
    3510:	0e 94 1f 02 	call	0x43e	; 0x43e <__mulsf3>
    3514:	dc 01       	movw	r26, r24
    3516:	cb 01       	movw	r24, r22
    3518:	8d 8b       	std	Y+21, r24	; 0x15
    351a:	9e 8b       	std	Y+22, r25	; 0x16
    351c:	af 8b       	std	Y+23, r26	; 0x17
    351e:	b8 8f       	std	Y+24, r27	; 0x18
	if (__tmp < 1.0)
    3520:	6d 89       	ldd	r22, Y+21	; 0x15
    3522:	7e 89       	ldd	r23, Y+22	; 0x16
    3524:	8f 89       	ldd	r24, Y+23	; 0x17
    3526:	98 8d       	ldd	r25, Y+24	; 0x18
    3528:	20 e0       	ldi	r18, 0x00	; 0
    352a:	30 e0       	ldi	r19, 0x00	; 0
    352c:	40 e8       	ldi	r20, 0x80	; 128
    352e:	5f e3       	ldi	r21, 0x3F	; 63
    3530:	0e 94 25 04 	call	0x84a	; 0x84a <__ltsf2>
    3534:	88 23       	and	r24, r24
    3536:	2c f4       	brge	.+10     	; 0x3542 <Robot_vAutonomousControl+0x39e>
		__ticks = 1;
    3538:	81 e0       	ldi	r24, 0x01	; 1
    353a:	90 e0       	ldi	r25, 0x00	; 0
    353c:	9c 8b       	std	Y+20, r25	; 0x14
    353e:	8b 8b       	std	Y+19, r24	; 0x13
    3540:	3f c0       	rjmp	.+126    	; 0x35c0 <Robot_vAutonomousControl+0x41c>
	else if (__tmp > 65535)
    3542:	6d 89       	ldd	r22, Y+21	; 0x15
    3544:	7e 89       	ldd	r23, Y+22	; 0x16
    3546:	8f 89       	ldd	r24, Y+23	; 0x17
    3548:	98 8d       	ldd	r25, Y+24	; 0x18
    354a:	20 e0       	ldi	r18, 0x00	; 0
    354c:	3f ef       	ldi	r19, 0xFF	; 255
    354e:	4f e7       	ldi	r20, 0x7F	; 127
    3550:	57 e4       	ldi	r21, 0x47	; 71
    3552:	0e 94 c5 03 	call	0x78a	; 0x78a <__gtsf2>
    3556:	18 16       	cp	r1, r24
    3558:	4c f5       	brge	.+82     	; 0x35ac <Robot_vAutonomousControl+0x408>
	{
		//	__ticks = requested delay in 1/10 ms
		__ticks = (uint16_t) (__ms * 10.0);
    355a:	69 8d       	ldd	r22, Y+25	; 0x19
    355c:	7a 8d       	ldd	r23, Y+26	; 0x1a
    355e:	8b 8d       	ldd	r24, Y+27	; 0x1b
    3560:	9c 8d       	ldd	r25, Y+28	; 0x1c
    3562:	20 e0       	ldi	r18, 0x00	; 0
    3564:	30 e0       	ldi	r19, 0x00	; 0
    3566:	40 e2       	ldi	r20, 0x20	; 32
    3568:	51 e4       	ldi	r21, 0x41	; 65
    356a:	0e 94 1f 02 	call	0x43e	; 0x43e <__mulsf3>
    356e:	dc 01       	movw	r26, r24
    3570:	cb 01       	movw	r24, r22
    3572:	bc 01       	movw	r22, r24
    3574:	cd 01       	movw	r24, r26
    3576:	0e 94 49 00 	call	0x92	; 0x92 <__fixunssfsi>
    357a:	dc 01       	movw	r26, r24
    357c:	cb 01       	movw	r24, r22
    357e:	9c 8b       	std	Y+20, r25	; 0x14
    3580:	8b 8b       	std	Y+19, r24	; 0x13
    3582:	0f c0       	rjmp	.+30     	; 0x35a2 <Robot_vAutonomousControl+0x3fe>
    3584:	88 ec       	ldi	r24, 0xC8	; 200
    3586:	90 e0       	ldi	r25, 0x00	; 0
    3588:	9a 8b       	std	Y+18, r25	; 0x12
    358a:	89 8b       	std	Y+17, r24	; 0x11
    358c:	89 89       	ldd	r24, Y+17	; 0x11
    358e:	9a 89       	ldd	r25, Y+18	; 0x12
    3590:	01 97       	sbiw	r24, 0x01	; 1
    3592:	f1 f7       	brne	.-4      	; 0x3590 <Robot_vAutonomousControl+0x3ec>
    3594:	9a 8b       	std	Y+18, r25	; 0x12
    3596:	89 8b       	std	Y+17, r24	; 0x11
		while(__ticks)
		{
			// wait 1/10 ms
			_delay_loop_2(((F_CPU) / 4e3) / 10);
			__ticks --;
    3598:	8b 89       	ldd	r24, Y+19	; 0x13
    359a:	9c 89       	ldd	r25, Y+20	; 0x14
    359c:	01 97       	sbiw	r24, 0x01	; 1
    359e:	9c 8b       	std	Y+20, r25	; 0x14
    35a0:	8b 8b       	std	Y+19, r24	; 0x13
		__ticks = 1;
	else if (__tmp > 65535)
	{
		//	__ticks = requested delay in 1/10 ms
		__ticks = (uint16_t) (__ms * 10.0);
		while(__ticks)
    35a2:	8b 89       	ldd	r24, Y+19	; 0x13
    35a4:	9c 89       	ldd	r25, Y+20	; 0x14
    35a6:	00 97       	sbiw	r24, 0x00	; 0
    35a8:	69 f7       	brne	.-38     	; 0x3584 <Robot_vAutonomousControl+0x3e0>
    35aa:	c0 c0       	rjmp	.+384    	; 0x372c <Robot_vAutonomousControl+0x588>
			__ticks --;
		}
		return;
	}
	else
		__ticks = (uint16_t)__tmp;
    35ac:	6d 89       	ldd	r22, Y+21	; 0x15
    35ae:	7e 89       	ldd	r23, Y+22	; 0x16
    35b0:	8f 89       	ldd	r24, Y+23	; 0x17
    35b2:	98 8d       	ldd	r25, Y+24	; 0x18
    35b4:	0e 94 49 00 	call	0x92	; 0x92 <__fixunssfsi>
    35b8:	dc 01       	movw	r26, r24
    35ba:	cb 01       	movw	r24, r22
    35bc:	9c 8b       	std	Y+20, r25	; 0x14
    35be:	8b 8b       	std	Y+19, r24	; 0x13
    35c0:	8b 89       	ldd	r24, Y+19	; 0x13
    35c2:	9c 89       	ldd	r25, Y+20	; 0x14
    35c4:	98 8b       	std	Y+16, r25	; 0x10
    35c6:	8f 87       	std	Y+15, r24	; 0x0f
    35c8:	8f 85       	ldd	r24, Y+15	; 0x0f
    35ca:	98 89       	ldd	r25, Y+16	; 0x10
    35cc:	01 97       	sbiw	r24, 0x01	; 1
    35ce:	f1 f7       	brne	.-4      	; 0x35cc <Robot_vAutonomousControl+0x428>
    35d0:	98 8b       	std	Y+16, r25	; 0x10
    35d2:	8f 87       	std	Y+15, r24	; 0x0f
    35d4:	ab c0       	rjmp	.+342    	; 0x372c <Robot_vAutonomousControl+0x588>
    }


    /* Right obstacle detected */

    else if (A_u8RightIR == DIO_LOW)
    35d6:	fe 01       	movw	r30, r28
    35d8:	e8 5b       	subi	r30, 0xB8	; 184
    35da:	ff 4f       	sbci	r31, 0xFF	; 255
    35dc:	80 81       	ld	r24, Z
    35de:	88 23       	and	r24, r24
    35e0:	09 f0       	breq	.+2      	; 0x35e4 <Robot_vAutonomousControl+0x440>
    35e2:	75 c0       	rjmp	.+234    	; 0x36ce <Robot_vAutonomousControl+0x52a>
         * Obstacle on the right.
         *
         * Turn left.
         */

        Robot_vTurnLeft();
    35e4:	0e 94 97 18 	call	0x312e	; 0x312e <Robot_vTurnLeft>
    35e8:	80 e0       	ldi	r24, 0x00	; 0
    35ea:	90 e0       	ldi	r25, 0x00	; 0
    35ec:	a6 e1       	ldi	r26, 0x16	; 22
    35ee:	b3 e4       	ldi	r27, 0x43	; 67
    35f0:	8b 87       	std	Y+11, r24	; 0x0b
    35f2:	9c 87       	std	Y+12, r25	; 0x0c
    35f4:	ad 87       	std	Y+13, r26	; 0x0d
    35f6:	be 87       	std	Y+14, r27	; 0x0e
 */
void
_delay_ms(double __ms)
{
	uint16_t __ticks;
	double __tmp = ((F_CPU) / 4e3) * __ms;
    35f8:	6b 85       	ldd	r22, Y+11	; 0x0b
    35fa:	7c 85       	ldd	r23, Y+12	; 0x0c
    35fc:	8d 85       	ldd	r24, Y+13	; 0x0d
    35fe:	9e 85       	ldd	r25, Y+14	; 0x0e
    3600:	20 e0       	ldi	r18, 0x00	; 0
    3602:	30 e0       	ldi	r19, 0x00	; 0
    3604:	4a ef       	ldi	r20, 0xFA	; 250
    3606:	54 e4       	ldi	r21, 0x44	; 68
    3608:	0e 94 1f 02 	call	0x43e	; 0x43e <__mulsf3>
    360c:	dc 01       	movw	r26, r24
    360e:	cb 01       	movw	r24, r22
    3610:	8f 83       	std	Y+7, r24	; 0x07
    3612:	98 87       	std	Y+8, r25	; 0x08
    3614:	a9 87       	std	Y+9, r26	; 0x09
    3616:	ba 87       	std	Y+10, r27	; 0x0a
	if (__tmp < 1.0)
    3618:	6f 81       	ldd	r22, Y+7	; 0x07
    361a:	78 85       	ldd	r23, Y+8	; 0x08
    361c:	89 85       	ldd	r24, Y+9	; 0x09
    361e:	9a 85       	ldd	r25, Y+10	; 0x0a
    3620:	20 e0       	ldi	r18, 0x00	; 0
    3622:	30 e0       	ldi	r19, 0x00	; 0
    3624:	40 e8       	ldi	r20, 0x80	; 128
    3626:	5f e3       	ldi	r21, 0x3F	; 63
    3628:	0e 94 25 04 	call	0x84a	; 0x84a <__ltsf2>
    362c:	88 23       	and	r24, r24
    362e:	2c f4       	brge	.+10     	; 0x363a <Robot_vAutonomousControl+0x496>
		__ticks = 1;
    3630:	81 e0       	ldi	r24, 0x01	; 1
    3632:	90 e0       	ldi	r25, 0x00	; 0
    3634:	9e 83       	std	Y+6, r25	; 0x06
    3636:	8d 83       	std	Y+5, r24	; 0x05
    3638:	3f c0       	rjmp	.+126    	; 0x36b8 <Robot_vAutonomousControl+0x514>
	else if (__tmp > 65535)
    363a:	6f 81       	ldd	r22, Y+7	; 0x07
    363c:	78 85       	ldd	r23, Y+8	; 0x08
    363e:	89 85       	ldd	r24, Y+9	; 0x09
    3640:	9a 85       	ldd	r25, Y+10	; 0x0a
    3642:	20 e0       	ldi	r18, 0x00	; 0
    3644:	3f ef       	ldi	r19, 0xFF	; 255
    3646:	4f e7       	ldi	r20, 0x7F	; 127
    3648:	57 e4       	ldi	r21, 0x47	; 71
    364a:	0e 94 c5 03 	call	0x78a	; 0x78a <__gtsf2>
    364e:	18 16       	cp	r1, r24
    3650:	4c f5       	brge	.+82     	; 0x36a4 <Robot_vAutonomousControl+0x500>
	{
		//	__ticks = requested delay in 1/10 ms
		__ticks = (uint16_t) (__ms * 10.0);
    3652:	6b 85       	ldd	r22, Y+11	; 0x0b
    3654:	7c 85       	ldd	r23, Y+12	; 0x0c
    3656:	8d 85       	ldd	r24, Y+13	; 0x0d
    3658:	9e 85       	ldd	r25, Y+14	; 0x0e
    365a:	20 e0       	ldi	r18, 0x00	; 0
    365c:	30 e0       	ldi	r19, 0x00	; 0
    365e:	40 e2       	ldi	r20, 0x20	; 32
    3660:	51 e4       	ldi	r21, 0x41	; 65
    3662:	0e 94 1f 02 	call	0x43e	; 0x43e <__mulsf3>
    3666:	dc 01       	movw	r26, r24
    3668:	cb 01       	movw	r24, r22
    366a:	bc 01       	movw	r22, r24
    366c:	cd 01       	movw	r24, r26
    366e:	0e 94 49 00 	call	0x92	; 0x92 <__fixunssfsi>
    3672:	dc 01       	movw	r26, r24
    3674:	cb 01       	movw	r24, r22
    3676:	9e 83       	std	Y+6, r25	; 0x06
    3678:	8d 83       	std	Y+5, r24	; 0x05
    367a:	0f c0       	rjmp	.+30     	; 0x369a <Robot_vAutonomousControl+0x4f6>
    367c:	88 ec       	ldi	r24, 0xC8	; 200
    367e:	90 e0       	ldi	r25, 0x00	; 0
    3680:	9c 83       	std	Y+4, r25	; 0x04
    3682:	8b 83       	std	Y+3, r24	; 0x03
    3684:	8b 81       	ldd	r24, Y+3	; 0x03
    3686:	9c 81       	ldd	r25, Y+4	; 0x04
    3688:	01 97       	sbiw	r24, 0x01	; 1
    368a:	f1 f7       	brne	.-4      	; 0x3688 <Robot_vAutonomousControl+0x4e4>
    368c:	9c 83       	std	Y+4, r25	; 0x04
    368e:	8b 83       	std	Y+3, r24	; 0x03
		while(__ticks)
		{
			// wait 1/10 ms
			_delay_loop_2(((F_CPU) / 4e3) / 10);
			__ticks --;
    3690:	8d 81       	ldd	r24, Y+5	; 0x05
    3692:	9e 81       	ldd	r25, Y+6	; 0x06
    3694:	01 97       	sbiw	r24, 0x01	; 1
    3696:	9e 83       	std	Y+6, r25	; 0x06
    3698:	8d 83       	std	Y+5, r24	; 0x05
		__ticks = 1;
	else if (__tmp > 65535)
	{
		//	__ticks = requested delay in 1/10 ms
		__ticks = (uint16_t) (__ms * 10.0);
		while(__ticks)
    369a:	8d 81       	ldd	r24, Y+5	; 0x05
    369c:	9e 81       	ldd	r25, Y+6	; 0x06
    369e:	00 97       	sbiw	r24, 0x00	; 0
    36a0:	69 f7       	brne	.-38     	; 0x367c <Robot_vAutonomousControl+0x4d8>
    36a2:	44 c0       	rjmp	.+136    	; 0x372c <Robot_vAutonomousControl+0x588>
			__ticks --;
		}
		return;
	}
	else
		__ticks = (uint16_t)__tmp;
    36a4:	6f 81       	ldd	r22, Y+7	; 0x07
    36a6:	78 85       	ldd	r23, Y+8	; 0x08
    36a8:	89 85       	ldd	r24, Y+9	; 0x09
    36aa:	9a 85       	ldd	r25, Y+10	; 0x0a
    36ac:	0e 94 49 00 	call	0x92	; 0x92 <__fixunssfsi>
    36b0:	dc 01       	movw	r26, r24
    36b2:	cb 01       	movw	r24, r22
    36b4:	9e 83       	std	Y+6, r25	; 0x06
    36b6:	8d 83       	std	Y+5, r24	; 0x05
    36b8:	8d 81       	ldd	r24, Y+5	; 0x05
    36ba:	9e 81       	ldd	r25, Y+6	; 0x06
    36bc:	9a 83       	std	Y+2, r25	; 0x02
    36be:	89 83       	std	Y+1, r24	; 0x01
    36c0:	89 81       	ldd	r24, Y+1	; 0x01
    36c2:	9a 81       	ldd	r25, Y+2	; 0x02
    36c4:	01 97       	sbiw	r24, 0x01	; 1
    36c6:	f1 f7       	brne	.-4      	; 0x36c4 <Robot_vAutonomousControl+0x520>
    36c8:	9a 83       	std	Y+2, r25	; 0x02
    36ca:	89 83       	std	Y+1, r24	; 0x01
    36cc:	2f c0       	rjmp	.+94     	; 0x372c <Robot_vAutonomousControl+0x588>
     */


    /* Both line sensors see WHITE */

    else if ((A_u8LeftLine == DIO_LOW) &&
    36ce:	fe 01       	movw	r30, r28
    36d0:	e7 5b       	subi	r30, 0xB7	; 183
    36d2:	ff 4f       	sbci	r31, 0xFF	; 255
    36d4:	80 81       	ld	r24, Z
    36d6:	88 23       	and	r24, r24
    36d8:	49 f4       	brne	.+18     	; 0x36ec <Robot_vAutonomousControl+0x548>
    36da:	fe 01       	movw	r30, r28
    36dc:	e6 5b       	subi	r30, 0xB6	; 182
    36de:	ff 4f       	sbci	r31, 0xFF	; 255
    36e0:	80 81       	ld	r24, Z
    36e2:	88 23       	and	r24, r24
    36e4:	19 f4       	brne	.+6      	; 0x36ec <Robot_vAutonomousControl+0x548>
         *
         * Continue forward according to the
         * existing line-following behavior.
         */

        Robot_vForward();
    36e6:	0e 94 69 18 	call	0x30d2	; 0x30d2 <Robot_vForward>
    36ea:	20 c0       	rjmp	.+64     	; 0x372c <Robot_vAutonomousControl+0x588>
    }


    /* Left sensor sees BLACK */

    else if ((A_u8LeftLine == DIO_HIGH) &&
    36ec:	fe 01       	movw	r30, r28
    36ee:	e7 5b       	subi	r30, 0xB7	; 183
    36f0:	ff 4f       	sbci	r31, 0xFF	; 255
    36f2:	80 81       	ld	r24, Z
    36f4:	81 30       	cpi	r24, 0x01	; 1
    36f6:	49 f4       	brne	.+18     	; 0x370a <Robot_vAutonomousControl+0x566>
    36f8:	fe 01       	movw	r30, r28
    36fa:	e6 5b       	subi	r30, 0xB6	; 182
    36fc:	ff 4f       	sbci	r31, 0xFF	; 255
    36fe:	80 81       	ld	r24, Z
    3700:	88 23       	and	r24, r24
    3702:	19 f4       	brne	.+6      	; 0x370a <Robot_vAutonomousControl+0x566>
         * Line is under the left sensor.
         *
         * Turn left.
         */

        Robot_vTurnLeft();
    3704:	0e 94 97 18 	call	0x312e	; 0x312e <Robot_vTurnLeft>
    3708:	11 c0       	rjmp	.+34     	; 0x372c <Robot_vAutonomousControl+0x588>
    }


    /* Right sensor sees BLACK */

    else if ((A_u8LeftLine == DIO_LOW) &&
    370a:	fe 01       	movw	r30, r28
    370c:	e7 5b       	subi	r30, 0xB7	; 183
    370e:	ff 4f       	sbci	r31, 0xFF	; 255
    3710:	80 81       	ld	r24, Z
    3712:	88 23       	and	r24, r24
    3714:	49 f4       	brne	.+18     	; 0x3728 <Robot_vAutonomousControl+0x584>
    3716:	fe 01       	movw	r30, r28
    3718:	e6 5b       	subi	r30, 0xB6	; 182
    371a:	ff 4f       	sbci	r31, 0xFF	; 255
    371c:	80 81       	ld	r24, Z
    371e:	81 30       	cpi	r24, 0x01	; 1
    3720:	19 f4       	brne	.+6      	; 0x3728 <Robot_vAutonomousControl+0x584>
         * Line is under the right sensor.
         *
         * Turn right.
         */

        Robot_vTurnRight();
    3722:	0e 94 ae 18 	call	0x315c	; 0x315c <Robot_vTurnRight>
    3726:	02 c0       	rjmp	.+4      	; 0x372c <Robot_vAutonomousControl+0x588>
         * Both sensors see black.
         *
         * Continue forward.
         */

        Robot_vForward();
    3728:	0e 94 69 18 	call	0x30d2	; 0x30d2 <Robot_vForward>
    }
}
    372c:	c6 5b       	subi	r28, 0xB6	; 182
    372e:	df 4f       	sbci	r29, 0xFF	; 255
    3730:	0f b6       	in	r0, 0x3f	; 63
    3732:	f8 94       	cli
    3734:	de bf       	out	0x3e, r29	; 62
    3736:	0f be       	out	0x3f, r0	; 63
    3738:	cd bf       	out	0x3d, r28	; 61
    373a:	cf 91       	pop	r28
    373c:	df 91       	pop	r29
    373e:	1f 91       	pop	r17
    3740:	0f 91       	pop	r16
    3742:	08 95       	ret

00003744 <Robot_vManualControl>:
/* ========================================================= */
/*                    MANUAL CONTROL                         */
/* ========================================================= */

static void Robot_vManualControl(u8 A_u8Command)
{
    3744:	df 93       	push	r29
    3746:	cf 93       	push	r28
    3748:	00 d0       	rcall	.+0      	; 0x374a <Robot_vManualControl+0x6>
    374a:	0f 92       	push	r0
    374c:	cd b7       	in	r28, 0x3d	; 61
    374e:	de b7       	in	r29, 0x3e	; 62
    3750:	89 83       	std	Y+1, r24	; 0x01
    switch (A_u8Command)
    3752:	89 81       	ldd	r24, Y+1	; 0x01
    3754:	28 2f       	mov	r18, r24
    3756:	30 e0       	ldi	r19, 0x00	; 0
    3758:	3b 83       	std	Y+3, r19	; 0x03
    375a:	2a 83       	std	Y+2, r18	; 0x02
    375c:	8a 81       	ldd	r24, Y+2	; 0x02
    375e:	9b 81       	ldd	r25, Y+3	; 0x03
    3760:	83 35       	cpi	r24, 0x53	; 83
    3762:	91 05       	cpc	r25, r1
    3764:	09 f4       	brne	.+2      	; 0x3768 <Robot_vManualControl+0x24>
    3766:	4c c0       	rjmp	.+152    	; 0x3800 <Robot_vManualControl+0xbc>
    3768:	2a 81       	ldd	r18, Y+2	; 0x02
    376a:	3b 81       	ldd	r19, Y+3	; 0x03
    376c:	24 35       	cpi	r18, 0x54	; 84
    376e:	31 05       	cpc	r19, r1
    3770:	dc f4       	brge	.+54     	; 0x37a8 <Robot_vManualControl+0x64>
    3772:	8a 81       	ldd	r24, Y+2	; 0x02
    3774:	9b 81       	ldd	r25, Y+3	; 0x03
    3776:	86 34       	cpi	r24, 0x46	; 70
    3778:	91 05       	cpc	r25, r1
    377a:	b1 f1       	breq	.+108    	; 0x37e8 <Robot_vManualControl+0xa4>
    377c:	2a 81       	ldd	r18, Y+2	; 0x02
    377e:	3b 81       	ldd	r19, Y+3	; 0x03
    3780:	27 34       	cpi	r18, 0x47	; 71
    3782:	31 05       	cpc	r19, r1
    3784:	34 f4       	brge	.+12     	; 0x3792 <Robot_vManualControl+0x4e>
    3786:	8a 81       	ldd	r24, Y+2	; 0x02
    3788:	9b 81       	ldd	r25, Y+3	; 0x03
    378a:	82 34       	cpi	r24, 0x42	; 66
    378c:	91 05       	cpc	r25, r1
    378e:	79 f1       	breq	.+94     	; 0x37ee <Robot_vManualControl+0xaa>
    3790:	3a c0       	rjmp	.+116    	; 0x3806 <Robot_vManualControl+0xc2>
    3792:	2a 81       	ldd	r18, Y+2	; 0x02
    3794:	3b 81       	ldd	r19, Y+3	; 0x03
    3796:	2c 34       	cpi	r18, 0x4C	; 76
    3798:	31 05       	cpc	r19, r1
    379a:	61 f1       	breq	.+88     	; 0x37f4 <Robot_vManualControl+0xb0>
    379c:	8a 81       	ldd	r24, Y+2	; 0x02
    379e:	9b 81       	ldd	r25, Y+3	; 0x03
    37a0:	82 35       	cpi	r24, 0x52	; 82
    37a2:	91 05       	cpc	r25, r1
    37a4:	51 f1       	breq	.+84     	; 0x37fa <Robot_vManualControl+0xb6>
    37a6:	2f c0       	rjmp	.+94     	; 0x3806 <Robot_vManualControl+0xc2>
    37a8:	2a 81       	ldd	r18, Y+2	; 0x02
    37aa:	3b 81       	ldd	r19, Y+3	; 0x03
    37ac:	2c 36       	cpi	r18, 0x6C	; 108
    37ae:	31 05       	cpc	r19, r1
    37b0:	09 f1       	breq	.+66     	; 0x37f4 <Robot_vManualControl+0xb0>
    37b2:	8a 81       	ldd	r24, Y+2	; 0x02
    37b4:	9b 81       	ldd	r25, Y+3	; 0x03
    37b6:	8d 36       	cpi	r24, 0x6D	; 109
    37b8:	91 05       	cpc	r25, r1
    37ba:	5c f4       	brge	.+22     	; 0x37d2 <Robot_vManualControl+0x8e>
    37bc:	2a 81       	ldd	r18, Y+2	; 0x02
    37be:	3b 81       	ldd	r19, Y+3	; 0x03
    37c0:	22 36       	cpi	r18, 0x62	; 98
    37c2:	31 05       	cpc	r19, r1
    37c4:	a1 f0       	breq	.+40     	; 0x37ee <Robot_vManualControl+0xaa>
    37c6:	8a 81       	ldd	r24, Y+2	; 0x02
    37c8:	9b 81       	ldd	r25, Y+3	; 0x03
    37ca:	86 36       	cpi	r24, 0x66	; 102
    37cc:	91 05       	cpc	r25, r1
    37ce:	61 f0       	breq	.+24     	; 0x37e8 <Robot_vManualControl+0xa4>
    37d0:	1a c0       	rjmp	.+52     	; 0x3806 <Robot_vManualControl+0xc2>
    37d2:	2a 81       	ldd	r18, Y+2	; 0x02
    37d4:	3b 81       	ldd	r19, Y+3	; 0x03
    37d6:	22 37       	cpi	r18, 0x72	; 114
    37d8:	31 05       	cpc	r19, r1
    37da:	79 f0       	breq	.+30     	; 0x37fa <Robot_vManualControl+0xb6>
    37dc:	8a 81       	ldd	r24, Y+2	; 0x02
    37de:	9b 81       	ldd	r25, Y+3	; 0x03
    37e0:	83 37       	cpi	r24, 0x73	; 115
    37e2:	91 05       	cpc	r25, r1
    37e4:	69 f0       	breq	.+26     	; 0x3800 <Robot_vManualControl+0xbc>
    37e6:	0f c0       	rjmp	.+30     	; 0x3806 <Robot_vManualControl+0xc2>
    {
        case 'F':
        case 'f':
            Robot_vForward();
    37e8:	0e 94 69 18 	call	0x30d2	; 0x30d2 <Robot_vForward>
    37ec:	0e c0       	rjmp	.+28     	; 0x380a <Robot_vManualControl+0xc6>
            break;

        case 'B':
        case 'b':
            Robot_vBackward();
    37ee:	0e 94 80 18 	call	0x3100	; 0x3100 <Robot_vBackward>
    37f2:	0b c0       	rjmp	.+22     	; 0x380a <Robot_vManualControl+0xc6>
            break;

        case 'L':
        case 'l':
            Robot_vTurnLeft();
    37f4:	0e 94 97 18 	call	0x312e	; 0x312e <Robot_vTurnLeft>
    37f8:	08 c0       	rjmp	.+16     	; 0x380a <Robot_vManualControl+0xc6>
            break;

        case 'R':
        case 'r':
            Robot_vTurnRight();
    37fa:	0e 94 ae 18 	call	0x315c	; 0x315c <Robot_vTurnRight>
    37fe:	05 c0       	rjmp	.+10     	; 0x380a <Robot_vManualControl+0xc6>
            break;

        case 'S':
        case 's':
            Robot_vStop();
    3800:	0e 94 c5 18 	call	0x318a	; 0x318a <Robot_vStop>
    3804:	02 c0       	rjmp	.+4      	; 0x380a <Robot_vManualControl+0xc6>
            break;

        default:
            Robot_vStop();
    3806:	0e 94 c5 18 	call	0x318a	; 0x318a <Robot_vStop>
            break;
    }
}
    380a:	0f 90       	pop	r0
    380c:	0f 90       	pop	r0
    380e:	0f 90       	pop	r0
    3810:	cf 91       	pop	r28
    3812:	df 91       	pop	r29
    3814:	08 95       	ret

00003816 <main>:
/* ========================================================= */
/*                         MAIN                              */
/* ========================================================= */

int main(void)
{
    3816:	df 93       	push	r29
    3818:	cf 93       	push	r28
    381a:	cd b7       	in	r28, 0x3d	; 61
    381c:	de b7       	in	r29, 0x3e	; 62
    381e:	64 97       	sbiw	r28, 0x14	; 20
    3820:	0f b6       	in	r0, 0x3f	; 63
    3822:	f8 94       	cli
    3824:	de bf       	out	0x3e, r29	; 62
    3826:	0f be       	out	0x3f, r0	; 63
    3828:	cd bf       	out	0x3d, r28	; 61
//    u8 L_u8Mode = MODE_AUTONOMOUS;
    u8 L_u8Mode = MODE_MANUAL;
    382a:	81 e0       	ldi	r24, 0x01	; 1
    382c:	8c 8b       	std	Y+20, r24	; 0x14

    /* ===================================================== */
    /*                    INITIALIZATION                     */
    /* ===================================================== */

    MTIMER_vINIT();
    382e:	0e 94 9b 06 	call	0xd36	; 0xd36 <MTIMER_vINIT>

    HMOTOR_vINIT();
    3832:	0e 94 c7 11 	call	0x238e	; 0x238e <HMOTOR_vINIT>

    HBLUETOOTH_vINIT();
    3836:	0e 94 18 18 	call	0x3030	; 0x3030 <HBLUETOOTH_vINIT>

    /* ===================================================== */
    /*                 OBSTACLE IR INPUTS                   */
    /* ===================================================== */

    MDIO_vSetPinDir(
    383a:	81 e0       	ldi	r24, 0x01	; 1
    383c:	64 e0       	ldi	r22, 0x04	; 4
    383e:	40 e0       	ldi	r20, 0x00	; 0
    3840:	0e 94 46 0b 	call	0x168c	; 0x168c <MDIO_vSetPinDir>
        IR_PORT,
        IR_LEFT_PIN,
        DIO_INPUT
    );

    MDIO_vSetPinDir(
    3844:	81 e0       	ldi	r24, 0x01	; 1
    3846:	65 e0       	ldi	r22, 0x05	; 5
    3848:	40 e0       	ldi	r20, 0x00	; 0
    384a:	0e 94 46 0b 	call	0x168c	; 0x168c <MDIO_vSetPinDir>

    /* ===================================================== */
    /*                 LINE SENSOR INPUTS                   */
    /* ===================================================== */

    MDIO_vSetPinDir(
    384e:	83 e0       	ldi	r24, 0x03	; 3
    3850:	62 e0       	ldi	r22, 0x02	; 2
    3852:	40 e0       	ldi	r20, 0x00	; 0
    3854:	0e 94 46 0b 	call	0x168c	; 0x168c <MDIO_vSetPinDir>
        LINE_PORT,
        LINE_LEFT_PIN,
        DIO_INPUT
    );

    MDIO_vSetPinDir(
    3858:	83 e0       	ldi	r24, 0x03	; 3
    385a:	63 e0       	ldi	r22, 0x03	; 3
    385c:	40 e0       	ldi	r20, 0x00	; 0
    385e:	0e 94 46 0b 	call	0x168c	; 0x168c <MDIO_vSetPinDir>

    /* ===================================================== */
    /*                 INITIAL ROBOT STATE                  */
    /* ===================================================== */

    Robot_vStop();
    3862:	0e 94 c5 18 	call	0x318a	; 0x318a <Robot_vStop>

    /*
     * Start in autonomous mode.
     */

    L_u8Mode = MODE_AUTONOMOUS;
    3866:	1c 8a       	std	Y+20, r1	; 0x14
         *
         * This allows the user to change between
         * autonomous and manual operation at any time.
         */

    	if (HBLUETOOTH_u8DataAvailable())
    3868:	0e 94 60 18 	call	0x30c0	; 0x30c0 <HBLUETOOTH_u8DataAvailable>
    386c:	88 23       	and	r24, r24
    386e:	61 f1       	breq	.+88     	; 0x38c8 <main+0xb2>
    	{
    	    L_u8Command = HBLUETOOTH_u8ReceiveChar();
    3870:	0e 94 57 18 	call	0x30ae	; 0x30ae <HBLUETOOTH_u8ReceiveChar>
    3874:	8f 87       	std	Y+15, r24	; 0x0f

    	    /* Ignore ENTER characters sent by the phone */
    	    if ((L_u8Command != '\r') &&
    3876:	8f 85       	ldd	r24, Y+15	; 0x0f
    3878:	8d 30       	cpi	r24, 0x0D	; 13
    387a:	31 f1       	breq	.+76     	; 0x38c8 <main+0xb2>
    387c:	8f 85       	ldd	r24, Y+15	; 0x0f
    387e:	8a 30       	cpi	r24, 0x0A	; 10
    3880:	19 f1       	breq	.+70     	; 0x38c8 <main+0xb2>
    	        (L_u8Command != '\n'))
    	    {
    	        /* AUTO */
    	        if ((L_u8Command == 'A') ||
    3882:	8f 85       	ldd	r24, Y+15	; 0x0f
    3884:	81 34       	cpi	r24, 0x41	; 65
    3886:	19 f0       	breq	.+6      	; 0x388e <main+0x78>
    3888:	8f 85       	ldd	r24, Y+15	; 0x0f
    388a:	81 36       	cpi	r24, 0x61	; 97
    388c:	41 f4       	brne	.+16     	; 0x389e <main+0x88>
    	            (L_u8Command == 'a'))
    	        {
    	            L_u8Mode = MODE_AUTONOMOUS;
    388e:	1c 8a       	std	Y+20, r1	; 0x14

    	            Robot_vStop();
    3890:	0e 94 c5 18 	call	0x318a	; 0x318a <Robot_vStop>

    	            HBLUETOOTH_vSendString(
    3894:	80 e6       	ldi	r24, 0x60	; 96
    3896:	90 e0       	ldi	r25, 0x00	; 0
    3898:	0e 94 2e 18 	call	0x305c	; 0x305c <HBLUETOOTH_vSendString>
    389c:	15 c0       	rjmp	.+42     	; 0x38c8 <main+0xb2>
    	                (const u8 *)"AUTO\r\n"
    	            );
    	        }

    	        /* MANUAL */
    	        else if ((L_u8Command == 'M') ||
    389e:	8f 85       	ldd	r24, Y+15	; 0x0f
    38a0:	8d 34       	cpi	r24, 0x4D	; 77
    38a2:	19 f0       	breq	.+6      	; 0x38aa <main+0x94>
    38a4:	8f 85       	ldd	r24, Y+15	; 0x0f
    38a6:	8d 36       	cpi	r24, 0x6D	; 109
    38a8:	49 f4       	brne	.+18     	; 0x38bc <main+0xa6>
    	                 (L_u8Command == 'm'))
    	        {
    	            L_u8Mode = MODE_MANUAL;
    38aa:	81 e0       	ldi	r24, 0x01	; 1
    38ac:	8c 8b       	std	Y+20, r24	; 0x14

    	            Robot_vStop();
    38ae:	0e 94 c5 18 	call	0x318a	; 0x318a <Robot_vStop>

    	            HBLUETOOTH_vSendString(
    38b2:	87 e6       	ldi	r24, 0x67	; 103
    38b4:	90 e0       	ldi	r25, 0x00	; 0
    38b6:	0e 94 2e 18 	call	0x305c	; 0x305c <HBLUETOOTH_vSendString>
    38ba:	06 c0       	rjmp	.+12     	; 0x38c8 <main+0xb2>
    	                (const u8 *)"MANUAL\r\n"
    	            );
    	        }

    	        /* MANUAL MOVEMENT COMMAND */
    	        else if (L_u8Mode == MODE_MANUAL)
    38bc:	8c 89       	ldd	r24, Y+20	; 0x14
    38be:	81 30       	cpi	r24, 0x01	; 1
    38c0:	19 f4       	brne	.+6      	; 0x38c8 <main+0xb2>
    	        {
    	            Robot_vManualControl(L_u8Command);
    38c2:	8f 85       	ldd	r24, Y+15	; 0x0f
    38c4:	0e 94 a2 1b 	call	0x3744	; 0x3744 <Robot_vManualControl>

        /* ================================================= */
        /*                AUTONOMOUS MODE                    */
        /* ================================================= */

        if (L_u8Mode == MODE_AUTONOMOUS)
    38c8:	8c 89       	ldd	r24, Y+20	; 0x14
    38ca:	88 23       	and	r24, r24
    38cc:	d1 f4       	brne	.+52     	; 0x3902 <main+0xec>
        {
            /*
             * Read obstacle sensors.
             */

            L_u8LeftIR = MDIO_u8GetPinVal(
    38ce:	81 e0       	ldi	r24, 0x01	; 1
    38d0:	64 e0       	ldi	r22, 0x04	; 4
    38d2:	0e 94 34 0d 	call	0x1a68	; 0x1a68 <MDIO_u8GetPinVal>
    38d6:	8b 8b       	std	Y+19, r24	; 0x13
                IR_PORT,
                IR_LEFT_PIN
            );

            L_u8RightIR = MDIO_u8GetPinVal(
    38d8:	81 e0       	ldi	r24, 0x01	; 1
    38da:	65 e0       	ldi	r22, 0x05	; 5
    38dc:	0e 94 34 0d 	call	0x1a68	; 0x1a68 <MDIO_u8GetPinVal>
    38e0:	8a 8b       	std	Y+18, r24	; 0x12

            /*
             * Read TCRT5000 sensors.
             */

            L_u8LeftLine = MDIO_u8GetPinVal(
    38e2:	83 e0       	ldi	r24, 0x03	; 3
    38e4:	62 e0       	ldi	r22, 0x02	; 2
    38e6:	0e 94 34 0d 	call	0x1a68	; 0x1a68 <MDIO_u8GetPinVal>
    38ea:	89 8b       	std	Y+17, r24	; 0x11
                LINE_PORT,
                LINE_LEFT_PIN
            );

            L_u8RightLine = MDIO_u8GetPinVal(
    38ec:	83 e0       	ldi	r24, 0x03	; 3
    38ee:	63 e0       	ldi	r22, 0x03	; 3
    38f0:	0e 94 34 0d 	call	0x1a68	; 0x1a68 <MDIO_u8GetPinVal>
    38f4:	88 8b       	std	Y+16, r24	; 0x10

            /*
             * Execute autonomous decision.
             */

            Robot_vAutonomousControl(
    38f6:	8b 89       	ldd	r24, Y+19	; 0x13
    38f8:	6a 89       	ldd	r22, Y+18	; 0x12
    38fa:	49 89       	ldd	r20, Y+17	; 0x11
    38fc:	28 89       	ldd	r18, Y+16	; 0x10
    38fe:	0e 94 d2 18 	call	0x31a4	; 0x31a4 <Robot_vAutonomousControl>
    3902:	80 e0       	ldi	r24, 0x00	; 0
    3904:	90 e0       	ldi	r25, 0x00	; 0
    3906:	a0 e2       	ldi	r26, 0x20	; 32
    3908:	b1 e4       	ldi	r27, 0x41	; 65
    390a:	8b 87       	std	Y+11, r24	; 0x0b
    390c:	9c 87       	std	Y+12, r25	; 0x0c
    390e:	ad 87       	std	Y+13, r26	; 0x0d
    3910:	be 87       	std	Y+14, r27	; 0x0e
 */
void
_delay_ms(double __ms)
{
	uint16_t __ticks;
	double __tmp = ((F_CPU) / 4e3) * __ms;
    3912:	6b 85       	ldd	r22, Y+11	; 0x0b
    3914:	7c 85       	ldd	r23, Y+12	; 0x0c
    3916:	8d 85       	ldd	r24, Y+13	; 0x0d
    3918:	9e 85       	ldd	r25, Y+14	; 0x0e
    391a:	20 e0       	ldi	r18, 0x00	; 0
    391c:	30 e0       	ldi	r19, 0x00	; 0
    391e:	4a ef       	ldi	r20, 0xFA	; 250
    3920:	54 e4       	ldi	r21, 0x44	; 68
    3922:	0e 94 1f 02 	call	0x43e	; 0x43e <__mulsf3>
    3926:	dc 01       	movw	r26, r24
    3928:	cb 01       	movw	r24, r22
    392a:	8f 83       	std	Y+7, r24	; 0x07
    392c:	98 87       	std	Y+8, r25	; 0x08
    392e:	a9 87       	std	Y+9, r26	; 0x09
    3930:	ba 87       	std	Y+10, r27	; 0x0a
	if (__tmp < 1.0)
    3932:	6f 81       	ldd	r22, Y+7	; 0x07
    3934:	78 85       	ldd	r23, Y+8	; 0x08
    3936:	89 85       	ldd	r24, Y+9	; 0x09
    3938:	9a 85       	ldd	r25, Y+10	; 0x0a
    393a:	20 e0       	ldi	r18, 0x00	; 0
    393c:	30 e0       	ldi	r19, 0x00	; 0
    393e:	40 e8       	ldi	r20, 0x80	; 128
    3940:	5f e3       	ldi	r21, 0x3F	; 63
    3942:	0e 94 25 04 	call	0x84a	; 0x84a <__ltsf2>
    3946:	88 23       	and	r24, r24
    3948:	2c f4       	brge	.+10     	; 0x3954 <main+0x13e>
		__ticks = 1;
    394a:	81 e0       	ldi	r24, 0x01	; 1
    394c:	90 e0       	ldi	r25, 0x00	; 0
    394e:	9e 83       	std	Y+6, r25	; 0x06
    3950:	8d 83       	std	Y+5, r24	; 0x05
    3952:	3f c0       	rjmp	.+126    	; 0x39d2 <main+0x1bc>
	else if (__tmp > 65535)
    3954:	6f 81       	ldd	r22, Y+7	; 0x07
    3956:	78 85       	ldd	r23, Y+8	; 0x08
    3958:	89 85       	ldd	r24, Y+9	; 0x09
    395a:	9a 85       	ldd	r25, Y+10	; 0x0a
    395c:	20 e0       	ldi	r18, 0x00	; 0
    395e:	3f ef       	ldi	r19, 0xFF	; 255
    3960:	4f e7       	ldi	r20, 0x7F	; 127
    3962:	57 e4       	ldi	r21, 0x47	; 71
    3964:	0e 94 c5 03 	call	0x78a	; 0x78a <__gtsf2>
    3968:	18 16       	cp	r1, r24
    396a:	4c f5       	brge	.+82     	; 0x39be <main+0x1a8>
	{
		//	__ticks = requested delay in 1/10 ms
		__ticks = (uint16_t) (__ms * 10.0);
    396c:	6b 85       	ldd	r22, Y+11	; 0x0b
    396e:	7c 85       	ldd	r23, Y+12	; 0x0c
    3970:	8d 85       	ldd	r24, Y+13	; 0x0d
    3972:	9e 85       	ldd	r25, Y+14	; 0x0e
    3974:	20 e0       	ldi	r18, 0x00	; 0
    3976:	30 e0       	ldi	r19, 0x00	; 0
    3978:	40 e2       	ldi	r20, 0x20	; 32
    397a:	51 e4       	ldi	r21, 0x41	; 65
    397c:	0e 94 1f 02 	call	0x43e	; 0x43e <__mulsf3>
    3980:	dc 01       	movw	r26, r24
    3982:	cb 01       	movw	r24, r22
    3984:	bc 01       	movw	r22, r24
    3986:	cd 01       	movw	r24, r26
    3988:	0e 94 49 00 	call	0x92	; 0x92 <__fixunssfsi>
    398c:	dc 01       	movw	r26, r24
    398e:	cb 01       	movw	r24, r22
    3990:	9e 83       	std	Y+6, r25	; 0x06
    3992:	8d 83       	std	Y+5, r24	; 0x05
    3994:	0f c0       	rjmp	.+30     	; 0x39b4 <main+0x19e>
    3996:	88 ec       	ldi	r24, 0xC8	; 200
    3998:	90 e0       	ldi	r25, 0x00	; 0
    399a:	9c 83       	std	Y+4, r25	; 0x04
    399c:	8b 83       	std	Y+3, r24	; 0x03
    399e:	8b 81       	ldd	r24, Y+3	; 0x03
    39a0:	9c 81       	ldd	r25, Y+4	; 0x04
    39a2:	01 97       	sbiw	r24, 0x01	; 1
    39a4:	f1 f7       	brne	.-4      	; 0x39a2 <main+0x18c>
    39a6:	9c 83       	std	Y+4, r25	; 0x04
    39a8:	8b 83       	std	Y+3, r24	; 0x03
		while(__ticks)
		{
			// wait 1/10 ms
			_delay_loop_2(((F_CPU) / 4e3) / 10);
			__ticks --;
    39aa:	8d 81       	ldd	r24, Y+5	; 0x05
    39ac:	9e 81       	ldd	r25, Y+6	; 0x06
    39ae:	01 97       	sbiw	r24, 0x01	; 1
    39b0:	9e 83       	std	Y+6, r25	; 0x06
    39b2:	8d 83       	std	Y+5, r24	; 0x05
		__ticks = 1;
	else if (__tmp > 65535)
	{
		//	__ticks = requested delay in 1/10 ms
		__ticks = (uint16_t) (__ms * 10.0);
		while(__ticks)
    39b4:	8d 81       	ldd	r24, Y+5	; 0x05
    39b6:	9e 81       	ldd	r25, Y+6	; 0x06
    39b8:	00 97       	sbiw	r24, 0x00	; 0
    39ba:	69 f7       	brne	.-38     	; 0x3996 <main+0x180>
    39bc:	55 cf       	rjmp	.-342    	; 0x3868 <main+0x52>
			__ticks --;
		}
		return;
	}
	else
		__ticks = (uint16_t)__tmp;
    39be:	6f 81       	ldd	r22, Y+7	; 0x07
    39c0:	78 85       	ldd	r23, Y+8	; 0x08
    39c2:	89 85       	ldd	r24, Y+9	; 0x09
    39c4:	9a 85       	ldd	r25, Y+10	; 0x0a
    39c6:	0e 94 49 00 	call	0x92	; 0x92 <__fixunssfsi>
    39ca:	dc 01       	movw	r26, r24
    39cc:	cb 01       	movw	r24, r22
    39ce:	9e 83       	std	Y+6, r25	; 0x06
    39d0:	8d 83       	std	Y+5, r24	; 0x05
    39d2:	8d 81       	ldd	r24, Y+5	; 0x05
    39d4:	9e 81       	ldd	r25, Y+6	; 0x06
    39d6:	9a 83       	std	Y+2, r25	; 0x02
    39d8:	89 83       	std	Y+1, r24	; 0x01
    39da:	89 81       	ldd	r24, Y+1	; 0x01
    39dc:	9a 81       	ldd	r25, Y+2	; 0x02
    39de:	01 97       	sbiw	r24, 0x01	; 1
    39e0:	f1 f7       	brne	.-4      	; 0x39de <main+0x1c8>
    39e2:	9a 83       	std	Y+2, r25	; 0x02
    39e4:	89 83       	std	Y+1, r24	; 0x01
    39e6:	40 cf       	rjmp	.-384    	; 0x3868 <main+0x52>

000039e8 <__udivmodhi4>:
    39e8:	aa 1b       	sub	r26, r26
    39ea:	bb 1b       	sub	r27, r27
    39ec:	51 e1       	ldi	r21, 0x11	; 17
    39ee:	07 c0       	rjmp	.+14     	; 0x39fe <__udivmodhi4_ep>

000039f0 <__udivmodhi4_loop>:
    39f0:	aa 1f       	adc	r26, r26
    39f2:	bb 1f       	adc	r27, r27
    39f4:	a6 17       	cp	r26, r22
    39f6:	b7 07       	cpc	r27, r23
    39f8:	10 f0       	brcs	.+4      	; 0x39fe <__udivmodhi4_ep>
    39fa:	a6 1b       	sub	r26, r22
    39fc:	b7 0b       	sbc	r27, r23

000039fe <__udivmodhi4_ep>:
    39fe:	88 1f       	adc	r24, r24
    3a00:	99 1f       	adc	r25, r25
    3a02:	5a 95       	dec	r21
    3a04:	a9 f7       	brne	.-22     	; 0x39f0 <__udivmodhi4_loop>
    3a06:	80 95       	com	r24
    3a08:	90 95       	com	r25
    3a0a:	bc 01       	movw	r22, r24
    3a0c:	cd 01       	movw	r24, r26
    3a0e:	08 95       	ret

00003a10 <__udivmodsi4>:
    3a10:	a1 e2       	ldi	r26, 0x21	; 33
    3a12:	1a 2e       	mov	r1, r26
    3a14:	aa 1b       	sub	r26, r26
    3a16:	bb 1b       	sub	r27, r27
    3a18:	fd 01       	movw	r30, r26
    3a1a:	0d c0       	rjmp	.+26     	; 0x3a36 <__udivmodsi4_ep>

00003a1c <__udivmodsi4_loop>:
    3a1c:	aa 1f       	adc	r26, r26
    3a1e:	bb 1f       	adc	r27, r27
    3a20:	ee 1f       	adc	r30, r30
    3a22:	ff 1f       	adc	r31, r31
    3a24:	a2 17       	cp	r26, r18
    3a26:	b3 07       	cpc	r27, r19
    3a28:	e4 07       	cpc	r30, r20
    3a2a:	f5 07       	cpc	r31, r21
    3a2c:	20 f0       	brcs	.+8      	; 0x3a36 <__udivmodsi4_ep>
    3a2e:	a2 1b       	sub	r26, r18
    3a30:	b3 0b       	sbc	r27, r19
    3a32:	e4 0b       	sbc	r30, r20
    3a34:	f5 0b       	sbc	r31, r21

00003a36 <__udivmodsi4_ep>:
    3a36:	66 1f       	adc	r22, r22
    3a38:	77 1f       	adc	r23, r23
    3a3a:	88 1f       	adc	r24, r24
    3a3c:	99 1f       	adc	r25, r25
    3a3e:	1a 94       	dec	r1
    3a40:	69 f7       	brne	.-38     	; 0x3a1c <__udivmodsi4_loop>
    3a42:	60 95       	com	r22
    3a44:	70 95       	com	r23
    3a46:	80 95       	com	r24
    3a48:	90 95       	com	r25
    3a4a:	9b 01       	movw	r18, r22
    3a4c:	ac 01       	movw	r20, r24
    3a4e:	bd 01       	movw	r22, r26
    3a50:	cf 01       	movw	r24, r30
    3a52:	08 95       	ret

00003a54 <__prologue_saves__>:
    3a54:	2f 92       	push	r2
    3a56:	3f 92       	push	r3
    3a58:	4f 92       	push	r4
    3a5a:	5f 92       	push	r5
    3a5c:	6f 92       	push	r6
    3a5e:	7f 92       	push	r7
    3a60:	8f 92       	push	r8
    3a62:	9f 92       	push	r9
    3a64:	af 92       	push	r10
    3a66:	bf 92       	push	r11
    3a68:	cf 92       	push	r12
    3a6a:	df 92       	push	r13
    3a6c:	ef 92       	push	r14
    3a6e:	ff 92       	push	r15
    3a70:	0f 93       	push	r16
    3a72:	1f 93       	push	r17
    3a74:	cf 93       	push	r28
    3a76:	df 93       	push	r29
    3a78:	cd b7       	in	r28, 0x3d	; 61
    3a7a:	de b7       	in	r29, 0x3e	; 62
    3a7c:	ca 1b       	sub	r28, r26
    3a7e:	db 0b       	sbc	r29, r27
    3a80:	0f b6       	in	r0, 0x3f	; 63
    3a82:	f8 94       	cli
    3a84:	de bf       	out	0x3e, r29	; 62
    3a86:	0f be       	out	0x3f, r0	; 63
    3a88:	cd bf       	out	0x3d, r28	; 61
    3a8a:	09 94       	ijmp

00003a8c <__epilogue_restores__>:
    3a8c:	2a 88       	ldd	r2, Y+18	; 0x12
    3a8e:	39 88       	ldd	r3, Y+17	; 0x11
    3a90:	48 88       	ldd	r4, Y+16	; 0x10
    3a92:	5f 84       	ldd	r5, Y+15	; 0x0f
    3a94:	6e 84       	ldd	r6, Y+14	; 0x0e
    3a96:	7d 84       	ldd	r7, Y+13	; 0x0d
    3a98:	8c 84       	ldd	r8, Y+12	; 0x0c
    3a9a:	9b 84       	ldd	r9, Y+11	; 0x0b
    3a9c:	aa 84       	ldd	r10, Y+10	; 0x0a
    3a9e:	b9 84       	ldd	r11, Y+9	; 0x09
    3aa0:	c8 84       	ldd	r12, Y+8	; 0x08
    3aa2:	df 80       	ldd	r13, Y+7	; 0x07
    3aa4:	ee 80       	ldd	r14, Y+6	; 0x06
    3aa6:	fd 80       	ldd	r15, Y+5	; 0x05
    3aa8:	0c 81       	ldd	r16, Y+4	; 0x04
    3aaa:	1b 81       	ldd	r17, Y+3	; 0x03
    3aac:	aa 81       	ldd	r26, Y+2	; 0x02
    3aae:	b9 81       	ldd	r27, Y+1	; 0x01
    3ab0:	ce 0f       	add	r28, r30
    3ab2:	d1 1d       	adc	r29, r1
    3ab4:	0f b6       	in	r0, 0x3f	; 63
    3ab6:	f8 94       	cli
    3ab8:	de bf       	out	0x3e, r29	; 62
    3aba:	0f be       	out	0x3f, r0	; 63
    3abc:	cd bf       	out	0x3d, r28	; 61
    3abe:	ed 01       	movw	r28, r26
    3ac0:	08 95       	ret

00003ac2 <_exit>:
    3ac2:	f8 94       	cli

00003ac4 <__stop_program>:
    3ac4:	ff cf       	rjmp	.-2      	; 0x3ac4 <__stop_program>
